time_sec,pressure_upstream,pressure_downstream,valve_command,system_state,leak_severity,stiction_factor
0.0,1495.51,99.62,0.0,VALVE_FAULT,0.3,0.5
0.001,1500.05,100.17,0.0,VALVE_FAULT,0.3,0.5
0.002,1497.68,102.01,0.0,VALVE_FAULT,0.3,0.5
0.003,1498.48,101.38,0.0,VALVE_FAULT,0.3,0.5
0.004,1499.88,101.32,0.0,VALVE_FAULT,0.3,0.5
0.005,1506.11,101.07,0.0,VALVE_FAULT,0.3,0.5
0.006,1508.39,100.69,0.0,VALVE_FAULT,0.3,0.5
0.007,1504.87,97.34,0.0,VALVE_FAULT,0.3,0.5
0.008,1504.32,100.86,0.0,VALVE_FAULT,0.3,0.5
0.009,1504.58,101.51,0.0,VALVE_FAULT,0.3,0.5
0.01,1505.54,100.87,0.0,VALVE_FAULT,0.3,0.5
0.011,1503.46,99.24,0.0,VALVE_FAULT,0.3,0.5
0.012,1506.47,101.48,0.0,VALVE_FAULT,0.3,0.5
0.013,1508.24,98.13,0.0,VALVE_FAULT,0.3,0.5
0.014,1503.85,100.57,0.0,VALVE_FAULT,0.3,0.5
0.015,1507.51,101.58,0.0,VALVE_FAULT,0.3,0.5
0.016,1508.35,100.35,0.0,VALVE_FAULT,0.3,0.5
0.017,1509.53,99.87,0.0,VALVE_FAULT,0.3,0.5
0.018,1510.21,98.88,0.0,VALVE_FAULT,0.3,0.5
0.019,1508.12,100.61,0.0,VALVE_FAULT,0.3,0.5
0.02,1503.51,102.5,0.0,VALVE_FAULT,0.3,0.5
0.021,1505.49,98.89,0.0,VALVE_FAULT,0.3,0.5
0.022,1510.96,101.58,0.0,VALVE_FAULT,0.3,0.5
0.023,1501.63,97.98,0.0,VALVE_FAULT,0.3,0.5
0.024,1506.76,102.8,0.0,VALVE_FAULT,0.3,0.5
0.025,1509.77,101.83,0.0,VALVE_FAULT,0.3,0.5
0.026,1507.78,100.05,0.0,VALVE_FAULT,0.3,0.5
0.027,1503.68,99.18,0.0,VALVE_FAULT,0.3,0.5
0.028,1506.03,101.09,0.0,VALVE_FAULT,0.3,0.5
0.029,1511.75,99.08,0.0,VALVE_FAULT,0.3,0.5
0.03,1512.39,96.86,0.0,VALVE_FAULT,0.3,0.5
0.031,1503.25,99.69,0.0,VALVE_FAULT,0.3,0.5
0.032,1507.71,98.09,0.0,VALVE_FAULT,0.3,0.5
0.033,1504.18,97.48,0.0,VALVE_FAULT,0.3,0.5
0.034,1509.15,97.85,0.0,VALVE_FAULT,0.3,0.5
0.035,1505.91,100.39,0.0,VALVE_FAULT,0.3,0.5
0.036,1509.36,100.85,0.0,VALVE_FAULT,0.3,0.5
0.037,1506.38,97.96,0.0,VALVE_FAULT,0.3,0.5
0.038,1511.88,99.46,0.0,VALVE_FAULT,0.3,0.5
0.039,1507.58,101.55,0.0,VALVE_FAULT,0.3,0.5
0.04,1507.2,101.03,0.0,VALVE_FAULT,0.3,0.5
0.041,1506.65,99.28,0.0,VALVE_FAULT,0.3,0.5
0.042,1505.55,97.36,0.0,VALVE_FAULT,0.3,0.5
0.043,1505.59,101.99,0.0,VALVE_FAULT,0.3,0.5
0.044,1506.62,97.99,0.0,VALVE_FAULT,0.3,0.5
0.045,1509.16,99.45,0.0,VALVE_FAULT,0.3,0.5
0.046,1506.08,96.77,0.0,VALVE_FAULT,0.3,0.5
0.047,1507.56,98.29,0.0,VALVE_FAULT,0.3,0.5
0.048,1513.1,99.72,0.0,VALVE_FAULT,0.3,0.5
0.049,1513.64,100.43,0.0,VALVE_FAULT,0.3,0.5
0.05,1505.42,103.05,0.0,VALVE_FAULT,0.3,0.5
0.051,1514.12,101.62,0.0,VALVE_FAULT,0.3,0.5
0.052,1510.51,100.64,0.0,VALVE_FAULT,0.3,0.5
0.053,1511.78,98.16,0.0,VALVE_FAULT,0.3,0.5
0.054,1515.74,97.27,0.0,VALVE_FAULT,0.3,0.5
0.055,1511.13,102.07,0.0,VALVE_FAULT,0.3,0.5
0.056,1502.38,103.9,0.0,VALVE_FAULT,0.3,0.5
0.057,1509.16,97.26,0.0,VALVE_FAULT,0.3,0.5
0.058,1511.16,101.46,0.0,VALVE_FAULT,0.3,0.5
0.059,1510.11,98.96,0.0,VALVE_FAULT,0.3,0.5
0.06,1509.22,101.36,0.0,VALVE_FAULT,0.3,0.5
0.061,1504.54,102.53,0.0,VALVE_FAULT,0.3,0.5
0.062,1513.77,98.33,0.0,VALVE_FAULT,0.3,0.5
0.063,1506.39,100.23,0.0,VALVE_FAULT,0.3,0.5
0.064,1507.17,100.08,0.0,VALVE_FAULT,0.3,0.5
0.065,1508.46,99.24,0.0,VALVE_FAULT,0.3,0.5
0.066,1508.22,99.39,0.0,VALVE_FAULT,0.3,0.5
0.067,1508.64,99.9,0.0,VALVE_FAULT,0.3,0.5
0.068,1504.27,101.22,0.0,VALVE_FAULT,0.3,0.5
0.069,1506.58,100.11,0.0,VALVE_FAULT,0.3,0.5
0.07,1506.69,100.0,0.0,VALVE_FAULT,0.3,0.5
0.071,1506.41,101.64,0.0,VALVE_FAULT,0.3,0.5
0.072,1508.73,103.88,0.0,VALVE_FAULT,0.3,0.5
0.073,1507.44,98.5,0.0,VALVE_FAULT,0.3,0.5
0.074,1509.61,99.73,0.0,VALVE_FAULT,0.3,0.5
0.075,1509.47,99.24,0.0,VALVE_FAULT,0.3,0.5
0.076,1504.98,99.34,0.0,VALVE_FAULT,0.3,0.5
0.077,1506.3,101.13,0.0,VALVE_FAULT,0.3,0.5
0.078,1502.85,95.86,0.0,VALVE_FAULT,0.3,0.5
0.079,1506.81,99.98,0.0,VALVE_FAULT,0.3,0.5
0.08,1503.59,99.59,0.0,VALVE_FAULT,0.3,0.5
0.081,1507.43,98.68,0.0,VALVE_FAULT,0.3,0.5
0.082,1500.17,100.83,0.0,VALVE_FAULT,0.3,0.5
0.083,1500.32,98.26,0.0,VALVE_FAULT,0.3,0.5
0.084,1504.55,99.19,0.0,VALVE_FAULT,0.3,0.5
0.085,1506.42,98.27,0.0,VALVE_FAULT,0.3,0.5
0.086,1508.21,98.66,0.0,VALVE_FAULT,0.3,0.5
0.087,1502.84,100.76,0.0,VALVE_FAULT,0.3,0.5
0.088,1501.13,101.02,0.0,VALVE_FAULT,0.3,0.5
0.089,1502.91,102.8,0.0,VALVE_FAULT,0.3,0.5
0.09,1501.87,100.66,0.0,VALVE_FAULT,0.3,0.5
0.091,1499.83,96.88,0.0,VALVE_FAULT,0.3,0.5
0.092,1501.59,97.15,0.0,VALVE_FAULT,0.3,0.5
0.093,1502.24,98.33,0.0,VALVE_FAULT,0.3,0.5
0.094,1496.71,100.37,0.0,VALVE_FAULT,0.3,0.5
0.095,1506.1,101.84,0.0,VALVE_FAULT,0.3,0.5
0.096,1500.86,102.02,0.0,VALVE_FAULT,0.3,0.5
0.097,1500.8,99.84,0.0,VALVE_FAULT,0.3,0.5
0.098,1498.82,99.96,0.0,VALVE_FAULT,0.3,0.5
0.099,1499.63,102.38,0.0,VALVE_FAULT,0.3,0.5
0.1,1496.34,99.24,0.0,VALVE_FAULT,0.3,0.5
0.101,1499.31,101.45,0.0,VALVE_FAULT,0.3,0.5
0.102,1500.91,101.57,0.0,VALVE_FAULT,0.3,0.5
0.103,1497.31,99.33,0.0,VALVE_FAULT,0.3,0.5
0.104,1498.75,99.37,0.0,VALVE_FAULT,0.3,0.5
0.105,1496.97,102.1,0.0,VALVE_FAULT,0.3,0.5
0.106,1494.23,99.53,0.0,VALVE_FAULT,0.3,0.5
0.107,1498.59,99.45,0.0,VALVE_FAULT,0.3,0.5
0.108,1502.32,99.23,0.0,VALVE_FAULT,0.3,0.5
0.109,1496.11,99.99,0.0,VALVE_FAULT,0.3,0.5
0.11,1498.58,99.27,0.0,VALVE_FAULT,0.3,0.5
0.111,1495.78,102.35,0.0,VALVE_FAULT,0.3,0.5
0.112,1498.82,100.36,0.0,VALVE_FAULT,0.3,0.5
0.113,1494.2,100.77,0.0,VALVE_FAULT,0.3,0.5
0.114,1496.4,97.44,0.0,VALVE_FAULT,0.3,0.5
0.115,1499.94,100.46,0.0,VALVE_FAULT,0.3,0.5
0.116,1496.28,97.37,0.0,VALVE_FAULT,0.3,0.5
0.117,1491.59,101.26,0.0,VALVE_FAULT,0.3,0.5
0.118,1495.34,99.72,0.0,VALVE_FAULT,0.3,0.5
0.119,1493.43,98.46,0.0,VALVE_FAULT,0.3,0.5
0.12,1494.28,101.83,0.0,VALVE_FAULT,0.3,0.5
0.121,1495.71,100.32,0.0,VALVE_FAULT,0.3,0.5
0.122,1494.69,99.59,0.0,VALVE_FAULT,0.3,0.5
0.123,1493.64,100.84,0.0,VALVE_FAULT,0.3,0.5
0.124,1491.56,99.01,0.0,VALVE_FAULT,0.3,0.5
0.125,1495.35,97.37,0.0,VALVE_FAULT,0.3,0.5
0.126,1492.71,98.35,0.0,VALVE_FAULT,0.3,0.5
0.127,1492.94,99.89,0.0,VALVE_FAULT,0.3,0.5
0.128,1491.81,100.43,0.0,VALVE_FAULT,0.3,0.5
0.129,1492.2,98.31,0.0,VALVE_FAULT,0.3,0.5
0.13,1490.45,99.26,0.0,VALVE_FAULT,0.3,0.5
0.131,1485.06,99.39,0.0,VALVE_FAULT,0.3,0.5
0.132,1493.06,99.24,0.0,VALVE_FAULT,0.3,0.5
0.133,1495.39,98.48,0.0,VALVE_FAULT,0.3,0.5
0.134,1493.84,99.68,0.0,VALVE_FAULT,0.3,0.5
0.135,1491.54,102.94,0.0,VALVE_FAULT,0.3,0.5
0.136,1492.27,99.81,0.0,VALVE_FAULT,0.3,0.5
0.137,1492.12,100.09,0.0,VALVE_FAULT,0.3,0.5
0.138,1494.53,99.0,0.0,VALVE_FAULT,0.3,0.5
0.139,1487.71,98.7,0.0,VALVE_FAULT,0.3,0.5
0.14,1493.3,99.65,0.0,VALVE_FAULT,0.3,0.5
0.141,1493.04,100.63,0.0,VALVE_FAULT,0.3,0.5
0.142,1488.21,101.6,0.0,VALVE_FAULT,0.3,0.5
0.143,1489.44,99.96,0.0,VALVE_FAULT,0.3,0.5
0.144,1482.0,101.82,0.0,VALVE_FAULT,0.3,0.5
0.145,1485.59,98.88,0.0,VALVE_FAULT,0.3,0.5
0.146,1488.27,101.2,0.0,VALVE_FAULT,0.3,0.5
0.147,1488.43,98.86,0.0,VALVE_FAULT,0.3,0.5
0.148,1488.96,100.47,0.0,VALVE_FAULT,0.3,0.5
0.149,1492.11,99.8,0.0,VALVE_FAULT,0.3,0.5
0.15,1491.32,100.73,0.0,VALVE_FAULT,0.3,0.5
0.151,1485.66,100.18,0.0,VALVE_FAULT,0.3,0.5
0.152,1490.52,98.19,0.0,VALVE_FAULT,0.3,0.5
0.153,1488.63,98.55,0.0,VALVE_FAULT,0.3,0.5
0.154,1490.48,101.32,0.0,VALVE_FAULT,0.3,0.5
0.155,1490.95,99.77,0.0,VALVE_FAULT,0.3,0.5
0.156,1491.67,99.9,0.0,VALVE_FAULT,0.3,0.5
0.157,1491.99,100.66,0.0,VALVE_FAULT,0.3,0.5
0.158,1491.64,100.54,0.0,VALVE_FAULT,0.3,0.5
0.159,1493.25,99.79,0.0,VALVE_FAULT,0.3,0.5
0.16,1492.39,99.42,0.0,VALVE_FAULT,0.3,0.5
0.161,1488.81,100.65,0.0,VALVE_FAULT,0.3,0.5
0.162,1494.09,99.35,0.0,VALVE_FAULT,0.3,0.5
0.163,1491.39,98.4,0.0,VALVE_FAULT,0.3,0.5
0.164,1493.77,96.09,0.0,VALVE_FAULT,0.3,0.5
0.165,1492.1,99.18,0.0,VALVE_FAULT,0.3,0.5
0.166,1492.56,100.0,0.0,VALVE_FAULT,0.3,0.5
0.167,1492.7,97.41,0.0,VALVE_FAULT,0.3,0.5
0.168,1488.13,103.62,0.0,VALVE_FAULT,0.3,0.5
0.169,1490.18,102.75,0.0,VALVE_FAULT,0.3,0.5
0.17,1490.56,100.1,0.0,VALVE_FAULT,0.3,0.5
0.171,1496.21,100.27,0.0,VALVE_FAULT,0.3,0.5
0.172,1500.87,97.66,0.0,VALVE_FAULT,0.3,0.5
0.173,1488.65,102.74,0.0,VALVE_FAULT,0.3,0.5
0.174,1493.47,99.18,0.0,VALVE_FAULT,0.3,0.5
0.175,1489.33,102.12,0.0,VALVE_FAULT,0.3,0.5
0.176,1485.91,101.84,0.0,VALVE_FAULT,0.3,0.5
0.177,1495.49,98.42,0.0,VALVE_FAULT,0.3,0.5
0.178,1488.88,100.1,0.0,VALVE_FAULT,0.3,0.5
0.179,1495.59,99.58,0.0,VALVE_FAULT,0.3,0.5
0.18,1491.47,98.24,0.0,VALVE_FAULT,0.3,0.5
0.181,1493.17,99.66,0.0,VALVE_FAULT,0.3,0.5
0.182,1493.45,100.01,0.0,VALVE_FAULT,0.3,0.5
0.183,1498.95,100.27,0.0,VALVE_FAULT,0.3,0.5
0.184,1492.86,100.88,0.0,VALVE_FAULT,0.3,0.5
0.185,1490.69,98.58,0.0,VALVE_FAULT,0.3,0.5
0.186,1494.97,99.86,0.0,VALVE_FAULT,0.3,0.5
0.187,1494.6,99.43,0.0,VALVE_FAULT,0.3,0.5
0.188,1496.36,99.34,0.0,VALVE_FAULT,0.3,0.5
0.189,1496.56,97.96,0.0,VALVE_FAULT,0.3,0.5
0.19,1506.71,98.22,0.0,VALVE_FAULT,0.3,0.5
0.191,1493.79,98.53,0.0,VALVE_FAULT,0.3,0.5
0.192,1494.81,100.14,0.0,VALVE_FAULT,0.3,0.5
0.193,1497.31,99.86,0.0,VALVE_FAULT,0.3,0.5
0.194,1503.17,99.81,0.0,VALVE_FAULT,0.3,0.5
0.195,1506.64,99.68,0.0,VALVE_FAULT,0.3,0.5
0.196,1498.49,99.56,0.0,VALVE_FAULT,0.3,0.5
0.197,1504.11,97.07,0.0,VALVE_FAULT,0.3,0.5
0.198,1494.6,100.47,0.0,VALVE_FAULT,0.3,0.5
0.199,1499.2,101.68,0.0,VALVE_FAULT,0.3,0.5
0.2,1496.65,99.07,0.0,VALVE_FAULT,0.3,0.5
0.201,1504.69,98.67,0.0,VALVE_FAULT,0.3,0.5
0.202,1501.79,100.73,0.0,VALVE_FAULT,0.3,0.5
0.203,1505.04,102.0,0.0,VALVE_FAULT,0.3,0.5
0.204,1495.0,100.21,0.0,VALVE_FAULT,0.3,0.5
0.205,1506.13,102.24,0.0,VALVE_FAULT,0.3,0.5
0.206,1505.55,102.37,0.0,VALVE_FAULT,0.3,0.5
0.207,1503.63,101.06,0.0,VALVE_FAULT,0.3,0.5
0.208,1501.03,99.38,0.0,VALVE_FAULT,0.3,0.5
0.209,1501.19,97.96,0.0,VALVE_FAULT,0.3,0.5
0.21,1506.54,98.37,0.0,VALVE_FAULT,0.3,0.5
0.211,1499.61,99.11,0.0,VALVE_FAULT,0.3,0.5
0.212,1506.15,100.72,0.0,VALVE_FAULT,0.3,0.5
0.213,1504.81,100.74,0.0,VALVE_FAULT,0.3,0.5
0.214,1503.23,98.46,0.0,VALVE_FAULT,0.3,0.5
0.215,1504.05,101.01,0.0,VALVE_FAULT,0.3,0.5
0.216,1511.04,98.78,0.0,VALVE_FAULT,0.3,0.5
0.217,1501.81,98.6,0.0,VALVE_FAULT,0.3,0.5
0.218,1507.2,97.78,0.0,VALVE_FAULT,0.3,0.5
0.219,1502.96,98.1,0.0,VALVE_FAULT,0.3,0.5
0.22,1506.72,101.05,0.0,VALVE_FAULT,0.3,0.5
0.221,1506.33,98.87,0.0,VALVE_FAULT,0.3,0.5
0.222,1503.95,97.05,0.0,VALVE_FAULT,0.3,0.5
0.223,1505.31,98.54,0.0,VALVE_FAULT,0.3,0.5
0.224,1507.62,100.5,0.0,VALVE_FAULT,0.3,0.5
0.225,1507.77,97.47,0.0,VALVE_FAULT,0.3,0.5
0.226,1505.6,98.5,0.0,VALVE_FAULT,0.3,0.5
0.227,1505.19,99.19,0.0,VALVE_FAULT,0.3,0.5
0.228,1505.61,100.57,0.0,VALVE_FAULT,0.3,0.5
0.229,1508.79,98.95,0.0,VALVE_FAULT,0.3,0.5
0.23,1506.32,98.75,0.0,VALVE_FAULT,0.3,0.5
0.231,1509.01,100.01,0.0,VALVE_FAULT,0.3,0.5
0.232,1507.39,103.39,0.0,VALVE_FAULT,0.3,0.5
0.233,1513.93,100.87,0.0,VALVE_FAULT,0.3,0.5
0.234,1510.09,98.9,0.0,VALVE_FAULT,0.3,0.5
0.235,1510.15,99.9,0.0,VALVE_FAULT,0.3,0.5
0.236,1511.92,100.64,0.0,VALVE_FAULT,0.3,0.5
0.237,1509.12,98.87,0.0,VALVE_FAULT,0.3,0.5
0.238,1509.58,99.76,0.0,VALVE_FAULT,0.3,0.5
0.239,1509.27,101.1,0.0,VALVE_FAULT,0.3,0.5
0.24,1506.82,97.41,0.0,VALVE_FAULT,0.3,0.5
0.241,1510.42,100.12,0.0,VALVE_FAULT,0.3,0.5
0.242,1509.46,97.36,0.0,VALVE_FAULT,0.3,0.5
0.243,1512.08,99.96,0.0,VALVE_FAULT,0.3,0.5
0.244,1512.81,98.0,0.0,VALVE_FAULT,0.3,0.5
0.245,1514.44,99.01,0.0,VALVE_FAULT,0.3,0.5
0.246,1509.84,100.83,0.0,VALVE_FAULT,0.3,0.5
0.247,1514.16,100.46,0.0,VALVE_FAULT,0.3,0.5
0.248,1507.6,98.57,0.0,VALVE_FAULT,0.3,0.5
0.249,1511.97,97.35,0.0,VALVE_FAULT,0.3,0.5
0.25,1510.82,100.12,0.0,VALVE_FAULT,0.3,0.5
0.251,1504.93,98.61,0.0,VALVE_FAULT,0.3,0.5
0.252,1518.65,100.42,0.0,VALVE_FAULT,0.3,0.5
0.253,1511.12,99.39,0.0,VALVE_FAULT,0.3,0.5
0.254,1509.69,102.66,0.0,VALVE_FAULT,0.3,0.5
0.255,1509.61,99.48,0.0,VALVE_FAULT,0.3,0.5
0.256,1511.18,99.33,0.0,VALVE_FAULT,0.3,0.5
0.257,1515.82,101.57,0.0,VALVE_FAULT,0.3,0.5
0.258,1510.78,100.21,0.0,VALVE_FAULT,0.3,0.5
0.259,1513.25,99.62,0.0,VALVE_FAULT,0.3,0.5
0.26,1509.33,97.72,0.0,VALVE_FAULT,0.3,0.5
0.261,1516.17,99.75,0.0,VALVE_FAULT,0.3,0.5
0.262,1505.39,99.47,0.0,VALVE_FAULT,0.3,0.5
0.263,1518.06,99.45,0.0,VALVE_FAULT,0.3,0.5
0.264,1509.74,99.65,0.0,VALVE_FAULT,0.3,0.5
0.265,1507.26,101.06,0.0,VALVE_FAULT,0.3,0.5
0.266,1507.95,100.53,0.0,VALVE_FAULT,0.3,0.5
0.267,1509.95,97.65,0.0,VALVE_FAULT,0.3,0.5
0.268,1511.61,98.76,0.0,VALVE_FAULT,0.3,0.5
0.269,1508.08,100.38,0.0,VALVE_FAULT,0.3,0.5
0.27,1507.93,99.75,0.0,VALVE_FAULT,0.3,0.5
0.271,1511.59,100.14,0.0,VALVE_FAULT,0.3,0.5
0.272,1507.01,98.45,0.0,VALVE_FAULT,0.3,0.5
0.273,1512.59,101.87,0.0,VALVE_FAULT,0.3,0.5
0.274,1505.55,100.52,0.0,VALVE_FAULT,0.3,0.5
0.275,1510.36,102.36,0.0,VALVE_FAULT,0.3,0.5
0.276,1507.97,102.4,0.0,VALVE_FAULT,0.3,0.5
0.277,1508.78,99.42,0.0,VALVE_FAULT,0.3,0.5
0.278,1514.95,98.26,0.0,VALVE_FAULT,0.3,0.5
0.279,1502.71,100.62,0.0,VALVE_FAULT,0.3,0.5
0.28,1505.62,101.48,0.0,VALVE_FAULT,0.3,0.5
0.281,1503.76,101.8,0.0,VALVE_FAULT,0.3,0.5
0.282,1507.65,101.13,0.0,VALVE_FAULT,0.3,0.5
0.283,1506.54,101.49,0.0,VALVE_FAULT,0.3,0.5
0.284,1502.05,99.21,0.0,VALVE_FAULT,0.3,0.5
0.285,1501.19,101.14,0.0,VALVE_FAULT,0.3,0.5
0.286,1506.18,99.63,0.0,VALVE_FAULT,0.3,0.5
0.287,1505.43,99.99,0.0,VALVE_FAULT,0.3,0.5
0.288,1498.69,101.78,0.0,VALVE_FAULT,0.3,0.5
0.289,1505.61,100.91,0.0,VALVE_FAULT,0.3,0.5
0.29,1504.48,98.41,0.0,VALVE_FAULT,0.3,0.5
0.291,1503.37,101.94,0.0,VALVE_FAULT,0.3,0.5
0.292,1502.3,100.41,0.0,VALVE_FAULT,0.3,0.5
0.293,1501.28,99.74,0.0,VALVE_FAULT,0.3,0.5
0.294,1499.3,97.74,0.0,VALVE_FAULT,0.3,0.5
0.295,1502.4,99.33,0.0,VALVE_FAULT,0.3,0.5
0.296,1502.86,100.93,0.0,VALVE_FAULT,0.3,0.5
0.297,1493.32,100.05,0.0,VALVE_FAULT,0.3,0.5
0.298,1498.42,99.19,0.0,VALVE_FAULT,0.3,0.5
0.299,1502.97,100.3,0.0,VALVE_FAULT,0.3,0.5
0.3,1502.71,99.82,0.0,VALVE_FAULT,0.3,0.5
0.301,1497.24,102.87,0.0,VALVE_FAULT,0.3,0.5
0.302,1497.5,99.22,0.0,VALVE_FAULT,0.3,0.5
0.303,1497.48,99.92,0.0,VALVE_FAULT,0.3,0.5
0.304,1500.36,99.88,0.0,VALVE_FAULT,0.3,0.5
0.305,1496.58,100.37,0.0,VALVE_FAULT,0.3,0.5
0.306,1496.84,99.69,0.0,VALVE_FAULT,0.3,0.5
0.307,1501.56,100.37,0.0,VALVE_FAULT,0.3,0.5
0.308,1496.12,100.55,0.0,VALVE_FAULT,0.3,0.5
0.309,1495.09,101.68,0.0,VALVE_FAULT,0.3,0.5
0.31,1495.79,95.94,0.0,VALVE_FAULT,0.3,0.5
0.311,1500.12,97.26,0.0,VALVE_FAULT,0.3,0.5
0.312,1494.25,98.07,0.0,VALVE_FAULT,0.3,0.5
0.313,1495.16,100.93,0.0,VALVE_FAULT,0.3,0.5
0.314,1499.03,100.14,0.0,VALVE_FAULT,0.3,0.5
0.315,1493.4,100.72,0.0,VALVE_FAULT,0.3,0.5
0.316,1496.23,100.75,0.0,VALVE_FAULT,0.3,0.5
0.317,1493.8,99.05,0.0,VALVE_FAULT,0.3,0.5
0.318,1492.76,101.46,0.0,VALVE_FAULT,0.3,0.5
0.319,1491.04,100.69,0.0,VALVE_FAULT,0.3,0.5
0.32,1489.75,101.25,0.0,VALVE_FAULT,0.3,0.5
0.321,1495.01,98.8,0.0,VALVE_FAULT,0.3,0.5
0.322,1496.26,98.12,0.0,VALVE_FAULT,0.3,0.5
0.323,1485.27,98.6,0.0,VALVE_FAULT,0.3,0.5
0.324,1498.9,100.14,0.0,VALVE_FAULT,0.3,0.5
0.325,1492.31,97.49,0.0,VALVE_FAULT,0.3,0.5
0.326,1494.15,100.42,0.0,VALVE_FAULT,0.3,0.5
0.327,1492.2,102.51,0.0,VALVE_FAULT,0.3,0.5
0.328,1493.98,100.31,0.0,VALVE_FAULT,0.3,0.5
0.329,1488.24,100.37,0.0,VALVE_FAULT,0.3,0.5
0.33,1490.19,99.68,0.0,VALVE_FAULT,0.3,0.5
0.331,1489.54,99.75,0.0,VALVE_FAULT,0.3,0.5
0.332,1489.09,100.07,0.0,VALVE_FAULT,0.3,0.5
0.333,1491.16,98.7,0.0,VALVE_FAULT,0.3,0.5
0.334,1495.0,98.78,0.0,VALVE_FAULT,0.3,0.5
0.335,1494.83,99.2,0.0,VALVE_FAULT,0.3,0.5
0.336,1491.11,100.15,0.0,VALVE_FAULT,0.3,0.5
0.337,1488.52,97.8,0.0,VALVE_FAULT,0.3,0.5
0.338,1491.51,98.01,0.0,VALVE_FAULT,0.3,0.5
0.339,1490.74,97.69,0.0,VALVE_FAULT,0.3,0.5
0.34,1488.46,98.29,0.0,VALVE_FAULT,0.3,0.5
0.341,1489.58,100.12,0.0,VALVE_FAULT,0.3,0.5
0.342,1490.57,98.52,0.0,VALVE_FAULT,0.3,0.5
0.343,1491.61,100.37,0.0,VALVE_FAULT,0.3,0.5
0.344,1485.83,105.05,0.0,VALVE_FAULT,0.3,0.5
0.345,1488.56,101.32,0.0,VALVE_FAULT,0.3,0.5
0.346,1498.47,102.16,0.0,VALVE_FAULT,0.3,0.5
0.347,1489.38,98.28,0.0,VALVE_FAULT,0.3,0.5
0.348,1490.22,103.18,0.0,VALVE_FAULT,0.3,0.5
0.349,1489.76,102.58,0.0,VALVE_FAULT,0.3,0.5
0.35,1493.06,98.14,0.0,VALVE_FAULT,0.3,0.5
0.351,1487.57,98.15,0.0,VALVE_FAULT,0.3,0.5
0.352,1486.74,100.97,0.0,VALVE_FAULT,0.3,0.5
0.353,1491.65,99.09,0.0,VALVE_FAULT,0.3,0.5
0.354,1490.19,100.89,0.0,VALVE_FAULT,0.3,0.5
0.355,1491.2,100.01,0.0,VALVE_FAULT,0.3,0.5
0.356,1487.84,101.44,0.0,VALVE_FAULT,0.3,0.5
0.357,1494.35,102.15,0.0,VALVE_FAULT,0.3,0.5
0.358,1491.96,100.1,0.0,VALVE_FAULT,0.3,0.5
0.359,1491.23,101.0,0.0,VALVE_FAULT,0.3,0.5
0.36,1493.64,99.14,0.0,VALVE_FAULT,0.3,0.5
0.361,1496.85,100.05,0.0,VALVE_FAULT,0.3,0.5
0.362,1497.16,100.88,0.0,VALVE_FAULT,0.3,0.5
0.363,1487.95,97.82,0.0,VALVE_FAULT,0.3,0.5
0.364,1490.75,99.16,0.0,VALVE_FAULT,0.3,0.5
0.365,1491.39,101.49,0.0,VALVE_FAULT,0.3,0.5
0.366,1491.75,99.83,0.0,VALVE_FAULT,0.3,0.5
0.367,1492.36,95.66,0.0,VALVE_FAULT,0.3,0.5
0.368,1495.0,100.48,0.0,VALVE_FAULT,0.3,0.5
0.369,1489.99,99.98,0.0,VALVE_FAULT,0.3,0.5
0.37,1493.02,99.6,0.0,VALVE_FAULT,0.3,0.5
0.371,1494.27,101.03,0.0,VALVE_FAULT,0.3,0.5
0.372,1492.03,103.64,0.0,VALVE_FAULT,0.3,0.5
0.373,1489.51,100.42,0.0,VALVE_FAULT,0.3,0.5
0.374,1491.94,98.94,0.0,VALVE_FAULT,0.3,0.5
0.375,1501.05,99.46,0.0,VALVE_FAULT,0.3,0.5
0.376,1500.42,100.71,0.0,VALVE_FAULT,0.3,0.5
0.377,1489.93,97.98,0.0,VALVE_FAULT,0.3,0.5
0.378,1493.81,101.58,0.0,VALVE_FAULT,0.3,0.5
0.379,1493.58,98.61,0.0,VALVE_FAULT,0.3,0.5
0.38,1499.77,98.21,0.0,VALVE_FAULT,0.3,0.5
0.381,1493.41,98.89,0.0,VALVE_FAULT,0.3,0.5
0.382,1495.83,100.3,0.0,VALVE_FAULT,0.3,0.5
0.383,1492.57,99.52,0.0,VALVE_FAULT,0.3,0.5
0.384,1496.24,99.23,0.0,VALVE_FAULT,0.3,0.5
0.385,1495.65,100.86,0.0,VALVE_FAULT,0.3,0.5
0.386,1499.6,100.88,0.0,VALVE_FAULT,0.3,0.5
0.387,1494.9,99.22,0.0,VALVE_FAULT,0.3,0.5
0.388,1498.96,99.04,0.0,VALVE_FAULT,0.3,0.5
0.389,1493.07,100.69,0.0,VALVE_FAULT,0.3,0.5
0.39,1494.81,100.95,0.0,VALVE_FAULT,0.3,0.5
0.391,1499.26,101.53,0.0,VALVE_FAULT,0.3,0.5
0.392,1501.43,102.17,0.0,VALVE_FAULT,0.3,0.5
0.393,1500.03,99.22,0.0,VALVE_FAULT,0.3,0.5
0.394,1497.26,100.28,0.0,VALVE_FAULT,0.3,0.5
0.395,1502.59,99.24,0.0,VALVE_FAULT,0.3,0.5
0.396,1501.23,99.98,0.0,VALVE_FAULT,0.3,0.5
0.397,1499.77,99.54,0.0,VALVE_FAULT,0.3,0.5
0.398,1507.26,102.76,0.0,VALVE_FAULT,0.3,0.5
0.399,1497.67,101.02,0.0,VALVE_FAULT,0.3,0.5
0.4,1504.39,101.66,0.0,VALVE_FAULT,0.3,0.5
0.401,1496.0,102.23,0.0,VALVE_FAULT,0.3,0.5
0.402,1494.76,98.66,0.0,VALVE_FAULT,0.3,0.5
0.403,1501.36,100.77,0.0,VALVE_FAULT,0.3,0.5
0.404,1499.73,100.43,0.0,VALVE_FAULT,0.3,0.5
0.405,1507.96,99.94,0.0,VALVE_FAULT,0.3,0.5
0.406,1502.12,100.63,0.0,VALVE_FAULT,0.3,0.5
0.407,1499.11,100.53,0.0,VALVE_FAULT,0.3,0.5
0.408,1499.88,95.82,0.0,VALVE_FAULT,0.3,0.5
0.409,1506.72,102.7,0.0,VALVE_FAULT,0.3,0.5
0.41,1509.51,100.87,0.0,VALVE_FAULT,0.3,0.5
0.411,1505.95,97.78,0.0,VALVE_FAULT,0.3,0.5
0.412,1502.05,101.42,0.0,VALVE_FAULT,0.3,0.5
0.413,1508.07,100.78,0.0,VALVE_FAULT,0.3,0.5
0.414,1500.95,100.46,0.0,VALVE_FAULT,0.3,0.5
0.415,1499.78,101.96,0.0,VALVE_FAULT,0.3,0.5
0.416,1504.83,99.88,0.0,VALVE_FAULT,0.3,0.5
0.417,1503.42,99.31,0.0,VALVE_FAULT,0.3,0.5
0.418,1505.95,99.03,0.0,VALVE_FAULT,0.3,0.5
0.419,1501.97,98.91,0.0,VALVE_FAULT,0.3,0.5
0.42,1503.45,100.63,0.0,VALVE_FAULT,0.3,0.5
0.421,1507.35,101.68,0.0,VALVE_FAULT,0.3,0.5
0.422,1506.01,101.83,0.0,VALVE_FAULT,0.3,0.5
0.423,1501.31,99.13,0.0,VALVE_FAULT,0.3,0.5
0.424,1509.0,100.06,0.0,VALVE_FAULT,0.3,0.5
0.425,1510.48,100.69,0.0,VALVE_FAULT,0.3,0.5
0.426,1508.96,99.08,0.0,VALVE_FAULT,0.3,0.5
0.427,1514.43,97.88,0.0,VALVE_FAULT,0.3,0.5
0.428,1515.16,101.47,0.0,VALVE_FAULT,0.3,0.5
0.429,1509.5,100.76,0.0,VALVE_FAULT,0.3,0.5
0.43,1509.59,100.28,0.0,VALVE_FAULT,0.3,0.5
0.431,1505.52,99.75,0.0,VALVE_FAULT,0.3,0.5
0.432,1509.67,102.15,0.0,VALVE_FAULT,0.3,0.5
0.433,1508.5,100.75,0.0,VALVE_FAULT,0.3,0.5
0.434,1504.79,101.12,0.0,VALVE_FAULT,0.3,0.5
0.435,1504.16,99.07,0.0,VALVE_FAULT,0.3,0.5
0.436,1510.43,100.0,0.0,VALVE_FAULT,0.3,0.5
0.437,1506.55,101.87,0.0,VALVE_FAULT,0.3,0.5
0.438,1507.83,100.69,0.0,VALVE_FAULT,0.3,0.5
0.439,1502.82,99.92,0.0,VALVE_FAULT,0.3,0.5
0.44,1507.06,98.16,0.0,VALVE_FAULT,0.3,0.5
0.441,1512.67,102.6,0.0,VALVE_FAULT,0.3,0.5
0.442,1508.15,98.1,0.0,VALVE_FAULT,0.3,0.5
0.443,1512.47,101.07,0.0,VALVE_FAULT,0.3,0.5
0.444,1509.09,100.62,0.0,VALVE_FAULT,0.3,0.5
0.445,1504.29,102.61,0.0,VALVE_FAULT,0.3,0.5
0.446,1510.61,100.38,0.0,VALVE_FAULT,0.3,0.5
0.447,1514.26,100.7,0.0,VALVE_FAULT,0.3,0.5
0.448,1512.96,101.7,0.0,VALVE_FAULT,0.3,0.5
0.449,1513.48,99.83,0.0,VALVE_FAULT,0.3,0.5
0.45,1508.92,96.75,0.0,VALVE_FAULT,0.3,0.5
0.451,1503.33,101.94,0.0,VALVE_FAULT,0.3,0.5
0.452,1512.26,101.03,0.0,VALVE_FAULT,0.3,0.5
0.453,1504.83,101.39,0.0,VALVE_FAULT,0.3,0.5
0.454,1507.55,99.37,0.0,VALVE_FAULT,0.3,0.5
0.455,1508.29,100.41,0.0,VALVE_FAULT,0.3,0.5
0.456,1508.24,96.66,0.0,VALVE_FAULT,0.3,0.5
0.457,1514.26,102.64,0.0,VALVE_FAULT,0.3,0.5
0.458,1513.02,101.32,0.0,VALVE_FAULT,0.3,0.5
0.459,1505.31,100.97,0.0,VALVE_FAULT,0.3,0.5
0.46,1513.52,100.92,0.0,VALVE_FAULT,0.3,0.5
0.461,1504.35,100.95,0.0,VALVE_FAULT,0.3,0.5
0.462,1513.07,102.0,0.0,VALVE_FAULT,0.3,0.5
0.463,1508.27,101.67,0.0,VALVE_FAULT,0.3,0.5
0.464,1511.69,100.13,0.0,VALVE_FAULT,0.3,0.5
0.465,1512.18,98.83,0.0,VALVE_FAULT,0.3,0.5
0.466,1511.46,100.64,0.0,VALVE_FAULT,0.3,0.5
0.467,1510.44,99.28,0.0,VALVE_FAULT,0.3,0.5
0.468,1511.65,101.19,0.0,VALVE_FAULT,0.3,0.5
0.469,1509.94,99.82,0.0,VALVE_FAULT,0.3,0.5
0.47,1502.97,99.8,0.0,VALVE_FAULT,0.3,0.5
0.471,1511.76,97.55,0.0,VALVE_FAULT,0.3,0.5
0.472,1512.81,100.66,0.0,VALVE_FAULT,0.3,0.5
0.473,1508.56,101.52,0.0,VALVE_FAULT,0.3,0.5
0.474,1504.49,101.0,0.0,VALVE_FAULT,0.3,0.5
0.475,1509.93,100.38,0.0,VALVE_FAULT,0.3,0.5
0.476,1508.0,100.69,0.0,VALVE_FAULT,0.3,0.5
0.477,1503.12,100.75,0.0,VALVE_FAULT,0.3,0.5
0.478,1509.38,100.27,0.0,VALVE_FAULT,0.3,0.5
0.479,1502.83,100.38,0.0,VALVE_FAULT,0.3,0.5
0.48,1501.82,101.23,0.0,VALVE_FAULT,0.3,0.5
0.481,1505.16,98.2,0.0,VALVE_FAULT,0.3,0.5
0.482,1508.83,101.77,0.0,VALVE_FAULT,0.3,0.5
0.483,1507.64,102.57,0.0,VALVE_FAULT,0.3,0.5
0.484,1506.08,102.08,0.0,VALVE_FAULT,0.3,0.5
0.485,1505.27,95.3,0.0,VALVE_FAULT,0.3,0.5
0.486,1506.68,99.54,0.0,VALVE_FAULT,0.3,0.5
0.487,1508.48,96.69,0.0,VALVE_FAULT,0.3,0.5
0.488,1503.12,101.9,0.0,VALVE_FAULT,0.3,0.5
0.489,1505.42,102.49,0.0,VALVE_FAULT,0.3,0.5
0.49,1503.48,97.82,0.0,VALVE_FAULT,0.3,0.5
0.491,1500.38,100.46,0.0,VALVE_FAULT,0.3,0.5
0.492,1501.86,101.77,0.0,VALVE_FAULT,0.3,0.5
0.493,1505.14,98.27,0.0,VALVE_FAULT,0.3,0.5
0.494,1501.28,96.85,0.0,VALVE_FAULT,0.3,0.5
0.495,1501.42,99.32,0.0,VALVE_FAULT,0.3,0.5
0.496,1502.42,98.08,0.0,VALVE_FAULT,0.3,0.5
0.497,1503.45,99.11,0.0,VALVE_FAULT,0.3,0.5
0.498,1501.12,97.79,0.0,VALVE_FAULT,0.3,0.5
0.499,1497.64,99.22,0.0,VALVE_FAULT,0.3,0.5
0.5,1494.12,97.5,1.0,VALVE_FAULT,0.3,0.5
0.501,1501.9,102.87,1.0,VALVE_FAULT,0.3,0.5
0.502,1499.33,98.47,1.0,VALVE_FAULT,0.3,0.5
0.503,1497.24,99.74,1.0,VALVE_FAULT,0.3,0.5
0.504,1497.5,100.36,1.0,VALVE_FAULT,0.3,0.5
0.505,1501.46,98.38,1.0,VALVE_FAULT,0.3,0.5
0.506,1497.3,100.65,1.0,VALVE_FAULT,0.3,0.5
0.507,1498.03,99.09,1.0,VALVE_FAULT,0.3,0.5
0.508,1496.99,101.73,1.0,VALVE_FAULT,0.3,0.5
0.509,1498.27,98.84,1.0,VALVE_FAULT,0.3,0.5
0.51,1487.67,98.64,1.0,VALVE_FAULT,0.3,0.5
0.511,1500.98,104.05,1.0,VALVE_FAULT,0.3,0.5
0.512,1494.41,101.55,1.0,VALVE_FAULT,0.3,0.5
0.513,1497.21,100.48,1.0,VALVE_FAULT,0.3,0.5
0.514,1496.34,98.9,1.0,VALVE_FAULT,0.3,0.5
0.515,1491.29,97.91,1.0,VALVE_FAULT,0.3,0.5
0.516,1493.81,101.53,1.0,VALVE_FAULT,0.3,0.5
0.517,1499.03,99.1,1.0,VALVE_FAULT,0.3,0.5
0.518,1495.85,97.28,1.0,VALVE_FAULT,0.3,0.5
0.519,1497.75,101.66,1.0,VALVE_FAULT,0.3,0.5
0.52,1503.66,99.7,1.0,VALVE_FAULT,0.3,0.5
0.521,1494.98,98.36,1.0,VALVE_FAULT,0.3,0.5
0.522,1492.54,99.19,1.0,VALVE_FAULT,0.3,0.5
0.523,1491.41,98.38,1.0,VALVE_FAULT,0.3,0.5
0.524,1493.4,99.55,1.0,VALVE_FAULT,0.3,0.5
0.525,1494.31,100.71,1.0,VALVE_FAULT,0.3,0.5
0.526,1490.89,97.39,1.0,VALVE_FAULT,0.3,0.5
0.527,1498.24,100.81,1.0,VALVE_FAULT,0.3,0.5
0.528,1490.59,101.64,1.0,VALVE_FAULT,0.3,0.5
0.529,1490.0,99.31,1.0,VALVE_FAULT,0.3,0.5
0.53,1492.4,100.89,1.0,VALVE_FAULT,0.3,0.5
0.531,1492.36,100.52,1.0,VALVE_FAULT,0.3,0.5
0.532,1487.58,101.62,1.0,VALVE_FAULT,0.3,0.5
0.533,1491.33,98.21,1.0,VALVE_FAULT,0.3,0.5
0.534,1489.22,100.61,1.0,VALVE_FAULT,0.3,0.5
0.535,1491.69,102.32,1.0,VALVE_FAULT,0.3,0.5
0.536,1489.75,98.5,1.0,VALVE_FAULT,0.3,0.5
0.537,1495.78,96.81,1.0,VALVE_FAULT,0.3,0.5
0.538,1492.78,98.79,1.0,VALVE_FAULT,0.3,0.5
0.539,1491.73,103.17,1.0,VALVE_FAULT,0.3,0.5
0.54,1489.06,99.93,1.0,VALVE_FAULT,0.3,0.5
0.541,1486.24,99.52,1.0,VALVE_FAULT,0.3,0.5
0.542,1492.6,97.92,1.0,VALVE_FAULT,0.3,0.5
0.543,1487.26,100.1,1.0,VALVE_FAULT,0.3,0.5
0.544,1487.21,100.44,1.0,VALVE_FAULT,0.3,0.5
0.545,1490.25,100.36,1.0,VALVE_FAULT,0.3,0.5
0.546,1492.58,100.96,1.0,VALVE_FAULT,0.3,0.5
0.547,1486.36,99.13,1.0,VALVE_FAULT,0.3,0.5
0.548,1485.56,100.57,1.0,VALVE_FAULT,0.3,0.5
0.549,1493.82,100.41,1.0,VALVE_FAULT,0.3,0.5
0.55,1487.62,101.81,1.0,VALVE_FAULT,0.3,0.5
0.551,1488.77,100.7,1.0,VALVE_FAULT,0.3,0.5
0.552,1493.02,101.49,1.0,VALVE_FAULT,0.3,0.5
0.553,1493.48,101.89,1.0,VALVE_FAULT,0.3,0.5
0.554,1483.32,101.85,1.0,VALVE_FAULT,0.3,0.5
0.555,1487.43,97.81,1.0,VALVE_FAULT,0.3,0.5
0.556,1490.87,102.33,1.0,VALVE_FAULT,0.3,0.5
0.557,1492.28,99.72,1.0,VALVE_FAULT,0.3,0.5
0.558,1495.04,99.24,1.0,VALVE_FAULT,0.3,0.5
0.559,1492.03,100.92,1.0,VALVE_FAULT,0.3,0.5
0.56,1490.05,98.75,1.0,VALVE_FAULT,0.3,0.5
0.561,1487.18,100.18,1.0,VALVE_FAULT,0.3,0.5
0.562,1499.8,99.72,1.0,VALVE_FAULT,0.3,0.5
0.563,1492.66,100.71,1.0,VALVE_FAULT,0.3,0.5
0.564,1493.93,101.09,1.0,VALVE_FAULT,0.3,0.5
0.565,1495.59,99.65,1.0,VALVE_FAULT,0.3,0.5
0.566,1491.18,101.28,1.0,VALVE_FAULT,0.3,0.5
0.567,1489.5,98.11,1.0,VALVE_FAULT,0.3,0.5
0.568,1488.38,101.01,1.0,VALVE_FAULT,0.3,0.5
0.569,1491.71,99.37,1.0,VALVE_FAULT,0.3,0.5
0.57,1497.41,100.74,1.0,VALVE_FAULT,0.3,0.5
0.571,1491.65,100.41,1.0,VALVE_FAULT,0.3,0.5
0.572,1489.8,99.53,1.0,VALVE_FAULT,0.3,0.5
0.573,1490.51,99.34,1.0,VALVE_FAULT,0.3,0.5
0.574,1496.86,104.52,1.0,VALVE_FAULT,0.3,0.5
0.575,1495.1,100.65,1.0,VALVE_FAULT,0.3,0.5
0.576,1490.75,97.03,1.0,VALVE_FAULT,0.3,0.5
0.577,1488.15,98.7,1.0,VALVE_FAULT,0.3,0.5
0.578,1491.88,102.69,1.0,VALVE_FAULT,0.3,0.5
0.579,1490.64,99.98,1.0,VALVE_FAULT,0.3,0.5
0.58,1494.95,99.08,1.0,VALVE_FAULT,0.3,0.5
0.581,1500.75,96.58,1.0,VALVE_FAULT,0.3,0.5
0.582,1497.36,100.28,1.0,VALVE_FAULT,0.3,0.5
0.583,1489.86,100.59,1.0,VALVE_FAULT,0.3,0.5
0.584,1493.11,99.59,1.0,VALVE_FAULT,0.3,0.5
0.585,1495.86,99.33,1.0,VALVE_FAULT,0.3,0.5
0.586,1499.41,98.74,1.0,VALVE_FAULT,0.3,0.5
0.587,1499.13,100.56,1.0,VALVE_FAULT,0.3,0.5
0.588,1503.14,98.4,1.0,VALVE_FAULT,0.3,0.5
0.589,1493.73,100.8,1.0,VALVE_FAULT,0.3,0.5
0.59,1499.1,98.07,1.0,VALVE_FAULT,0.3,0.5
0.591,1494.35,99.89,1.0,VALVE_FAULT,0.3,0.5
0.592,1500.85,98.78,1.0,VALVE_FAULT,0.3,0.5
0.593,1493.32,103.9,1.0,VALVE_FAULT,0.3,0.5
0.594,1497.55,100.84,1.0,VALVE_FAULT,0.3,0.5
0.595,1496.67,99.59,1.0,VALVE_FAULT,0.3,0.5
0.596,1500.58,98.56,1.0,VALVE_FAULT,0.3,0.5
0.597,1495.05,98.1,1.0,VALVE_FAULT,0.3,0.5
0.598,1497.9,100.02,1.0,VALVE_FAULT,0.3,0.5
0.599,1499.68,101.4,1.0,VALVE_FAULT,0.3,0.5
0.6,1497.99,100.91,1.0,VALVE_FAULT,0.3,0.5
0.601,1502.3,99.88,1.0,VALVE_FAULT,0.3,0.5
0.602,1498.77,99.66,1.0,VALVE_FAULT,0.3,0.5
0.603,1497.53,101.69,1.0,VALVE_FAULT,0.3,0.5
0.604,1503.56,98.73,1.0,VALVE_FAULT,0.3,0.5
0.605,1498.43,103.59,1.0,VALVE_FAULT,0.3,0.5
0.606,1499.05,98.4,1.0,VALVE_FAULT,0.3,0.5
0.607,1504.57,97.85,1.0,VALVE_FAULT,0.3,0.5
0.608,1497.14,103.57,1.0,VALVE_FAULT,0.3,0.5
0.609,1503.58,100.31,1.0,VALVE_FAULT,0.3,0.5
0.61,1505.07,99.93,1.0,VALVE_FAULT,0.3,0.5
0.611,1499.99,101.46,1.0,VALVE_FAULT,0.3,0.5
0.612,1508.87,98.29,1.0,VALVE_FAULT,0.3,0.5
0.613,1504.55,101.82,1.0,VALVE_FAULT,0.3,0.5
0.614,1504.39,98.7,1.0,VALVE_FAULT,0.3,0.5
0.615,1498.35,99.76,1.0,VALVE_FAULT,0.3,0.5
0.616,1502.01,99.65,1.0,VALVE_FAULT,0.3,0.5
0.617,1507.69,97.84,1.0,VALVE_FAULT,0.3,0.5
0.618,1505.77,101.12,1.0,VALVE_FAULT,0.3,0.5
0.619,1505.54,102.0,1.0,VALVE_FAULT,0.3,0.5
0.62,1499.22,99.31,1.0,VALVE_FAULT,0.3,0.5
0.621,1506.17,98.59,1.0,VALVE_FAULT,0.3,0.5
0.622,1508.05,100.39,1.0,VALVE_FAULT,0.3,0.5
0.623,1502.31,98.0,1.0,VALVE_FAULT,0.3,0.5
0.624,1504.15,97.22,1.0,VALVE_FAULT,0.3,0.5
0.625,1507.38,99.83,1.0,VALVE_FAULT,0.3,0.5
0.626,1512.14,101.56,1.0,VALVE_FAULT,0.3,0.5
0.627,1503.07,102.5,1.0,VALVE_FAULT,0.3,0.5
0.628,1506.41,100.5,1.0,VALVE_FAULT,0.3,0.5
0.629,1508.36,100.2,1.0,VALVE_FAULT,0.3,0.5
0.63,1504.85,100.63,1.0,VALVE_FAULT,0.3,0.5
0.631,1510.52,99.61,1.0,VALVE_FAULT,0.3,0.5
0.632,1505.75,98.01,1.0,VALVE_FAULT,0.3,0.5
0.633,1508.27,98.8,1.0,VALVE_FAULT,0.3,0.5
0.634,1509.13,98.97,1.0,VALVE_FAULT,0.3,0.5
0.635,1510.42,100.19,1.0,VALVE_FAULT,0.3,0.5
0.636,1509.61,101.72,1.0,VALVE_FAULT,0.3,0.5
0.637,1508.32,104.04,1.0,VALVE_FAULT,0.3,0.5
0.638,1507.73,97.14,1.0,VALVE_FAULT,0.3,0.5
0.639,1509.11,98.3,1.0,VALVE_FAULT,0.3,0.5
0.64,1504.98,101.52,1.0,VALVE_FAULT,0.3,0.5
0.641,1507.98,103.33,1.0,VALVE_FAULT,0.3,0.5
0.642,1508.79,101.82,1.0,VALVE_FAULT,0.3,0.5
0.643,1509.75,99.15,1.0,VALVE_FAULT,0.3,0.5
0.644,1505.97,101.37,1.0,VALVE_FAULT,0.3,0.5
0.645,1510.41,100.07,1.0,VALVE_FAULT,0.3,0.5
0.646,1516.3,97.68,1.0,VALVE_FAULT,0.3,0.5
0.647,1504.77,98.6,1.0,VALVE_FAULT,0.3,0.5
0.648,1508.61,101.08,1.0,VALVE_FAULT,0.3,0.5
0.649,1508.84,100.35,1.0,VALVE_FAULT,0.3,0.5
0.65,1514.09,100.0,1.0,VALVE_FAULT,0.3,0.5
0.651,1511.23,156.76,1.0,VALVE_FAULT,0.3,0.5
0.652,1512.66,210.71,1.0,VALVE_FAULT,0.3,0.5
0.653,1510.23,262.01,1.0,VALVE_FAULT,0.3,0.5
0.654,1513.71,310.77,1.0,VALVE_FAULT,0.3,0.5
0.655,1512.37,357.12,1.0,VALVE_FAULT,0.3,0.5
0.656,1508.81,401.18,1.0,VALVE_FAULT,0.3,0.5
0.657,1512.03,443.07,1.0,VALVE_FAULT,0.3,0.5
0.658,1506.61,482.89,1.0,VALVE_FAULT,0.3,0.5
0.659,1513.13,520.75,1.0,VALVE_FAULT,0.3,0.5
0.66,1507.66,556.73,1.0,VALVE_FAULT,0.3,0.5
0.661,1507.39,590.94,1.0,VALVE_FAULT,0.3,0.5
0.662,1509.8,623.46,1.0,VALVE_FAULT,0.3,0.5
0.663,1515.0,654.37,1.0,VALVE_FAULT,0.3,0.5
0.664,1511.95,683.76,1.0,VALVE_FAULT,0.3,0.5
0.665,1514.61,711.7,1.0,VALVE_FAULT,0.3,0.5
0.666,1507.63,738.26,1.0,VALVE_FAULT,0.3,0.5
0.667,1509.54,763.5,1.0,VALVE_FAULT,0.3,0.5
0.668,1505.13,787.5,1.0,VALVE_FAULT,0.3,0.5
0.669,1505.54,810.32,1.0,VALVE_FAULT,0.3,0.5
0.67,1506.48,832.01,1.0,VALVE_FAULT,0.3,0.5
0.671,1502.02,852.62,1.0,VALVE_FAULT,0.3,0.5
0.672,1512.62,872.22,1.0,VALVE_FAULT,0.3,0.5
0.673,1504.32,890.85,1.0,VALVE_FAULT,0.3,0.5
0.674,1507.54,908.57,1.0,VALVE_FAULT,0.3,0.5
0.675,1509.73,925.4,1.0,VALVE_FAULT,0.3,0.5
0.676,1508.98,941.41,1.0,VALVE_FAULT,0.3,0.5
0.677,1507.69,956.63,1.0,VALVE_FAULT,0.3,0.5
0.678,1505.4,971.09,1.0,VALVE_FAULT,0.3,0.5
0.679,1507.11,984.84,1.0,VALVE_FAULT,0.3,0.5
0.68,1504.78,997.91,1.0,VALVE_FAULT,0.3,0.5
0.681,1505.07,1010.34,1.0,VALVE_FAULT,0.3,0.5
0.682,1504.89,1022.15,1.0,VALVE_FAULT,0.3,0.5
0.683,1505.93,1033.38,1.0,VALVE_FAULT,0.3,0.5
0.684,1505.97,1044.06,1.0,VALVE_FAULT,0.3,0.5
0.685,1504.11,1054.21,1.0,VALVE_FAULT,0.3,0.5
0.686,1504.7,1063.85,1.0,VALVE_FAULT,0.3,0.5
0.687,1499.74,1073.02,1.0,VALVE_FAULT,0.3,0.5
0.688,1496.82,1081.74,1.0,VALVE_FAULT,0.3,0.5
0.689,1506.36,1090.03,1.0,VALVE_FAULT,0.3,0.5
0.69,1501.48,1097.91,1.0,VALVE_FAULT,0.3,0.5
0.691,1498.63,1105.4,1.0,VALVE_FAULT,0.3,0.5
0.692,1501.63,1112.52,1.0,VALVE_FAULT,0.3,0.5
0.693,1501.85,1119.29,1.0,VALVE_FAULT,0.3,0.5
0.694,1498.61,1125.72,1.0,VALVE_FAULT,0.3,0.5
0.695,1499.47,1131.84,1.0,VALVE_FAULT,0.3,0.5
0.696,1500.2,1137.65,1.0,VALVE_FAULT,0.3,0.5
0.697,1509.43,1143.18,1.0,VALVE_FAULT,0.3,0.5
0.698,1500.77,1148.43,1.0,VALVE_FAULT,0.3,0.5
0.699,1500.32,1153.43,1.0,VALVE_FAULT,0.3,0.5
0.7,1500.33,1158.17,1.0,VALVE_FAULT,0.3,0.5
0.701,1494.6,1162.69,1.0,VALVE_FAULT,0.3,0.5
0.702,1499.48,1166.98,1.0,VALVE_FAULT,0.3,0.5
0.703,1495.73,1171.06,1.0,VALVE_FAULT,0.3,0.5
0.704,1494.64,1174.94,1.0,VALVE_FAULT,0.3,0.5
0.705,1497.78,1178.62,1.0,VALVE_FAULT,0.3,0.5
0.706,1496.56,1182.13,1.0,VALVE_FAULT,0.3,0.5
0.707,1498.8,1185.46,1.0,VALVE_FAULT,0.3,0.5
0.708,1492.59,1188.63,1.0,VALVE_FAULT,0.3,0.5
0.709,1497.52,1191.64,1.0,VALVE_FAULT,0.3,0.5
0.71,1492.2,1194.5,1.0,VALVE_FAULT,0.3,0.5
0.711,1488.77,1197.22,1.0,VALVE_FAULT,0.3,0.5
0.712,1492.35,1199.8,1.0,VALVE_FAULT,0.3,0.5
0.713,1491.08,1202.26,1.0,VALVE_FAULT,0.3,0.5
0.714,1497.09,1204.6,1.0,VALVE_FAULT,0.3,0.5
0.715,1495.21,1206.82,1.0,VALVE_FAULT,0.3,0.5
0.716,1496.72,1208.93,1.0,VALVE_FAULT,0.3,0.5
0.717,1494.8,1210.94,1.0,VALVE_FAULT,0.3,0.5
0.718,1487.63,1212.85,1.0,VALVE_FAULT,0.3,0.5
0.719,1489.68,1214.66,1.0,VALVE_FAULT,0.3,0.5
0.72,1494.36,1216.39,1.0,VALVE_FAULT,0.3,0.5
0.721,1496.48,1218.03,1.0,VALVE_FAULT,0.3,0.5
0.722,1497.05,1219.59,1.0,VALVE_FAULT,0.3,0.5
0.723,1492.19,1221.07,1.0,VALVE_FAULT,0.3,0.5
0.724,1493.66,1222.48,1.0,VALVE_FAULT,0.3,0.5
0.725,1491.09,1223.82,1.0,VALVE_FAULT,0.3,0.5
0.726,1498.56,1225.09,1.0,VALVE_FAULT,0.3,0.5
0.727,1491.15,1226.3,1.0,VALVE_FAULT,0.3,0.5
0.728,1491.52,1227.45,1.0,VALVE_FAULT,0.3,0.5
0.729,1493.16,1228.54,1.0,VALVE_FAULT,0.3,0.5
0.73,1492.68,1244.97,1.0,VALVE_FAULT,0.3,0.5
0.731,1498.89,1248.26,1.0,VALVE_FAULT,0.3,0.5
0.732,1488.46,1244.84,1.0,VALVE_FAULT,0.3,0.5
0.733,1486.43,1244.58,1.0,VALVE_FAULT,0.3,0.5
0.734,1490.12,1250.61,1.0,VALVE_FAULT,0.3,0.5
0.735,1492.59,1253.92,1.0,VALVE_FAULT,0.3,0.5
0.736,1491.97,1248.19,1.0,VALVE_FAULT,0.3,0.5
0.737,1495.84,1247.69,1.0,VALVE_FAULT,0.3,0.5
0.738,1492.14,1249.64,1.0,VALVE_FAULT,0.3,0.5
0.739,1483.99,1249.95,1.0,VALVE_FAULT,0.3,0.5
0.74,1490.58,1260.37,1.0,VALVE_FAULT,0.3,0.5
0.741,1490.54,1245.57,1.0,VALVE_FAULT,0.3,0.5
0.742,1490.68,1243.99,1.0,VALVE_FAULT,0.3,0.5
0.743,1486.8,1251.33,1.0,VALVE_FAULT,0.3,0.5
0.744,1484.78,1251.14,1.0,VALVE_FAULT,0.3,0.5
0.745,1495.85,1253.25,1.0,VALVE_FAULT,0.3,0.5
0.746,1489.01,1246.76,1.0,VALVE_FAULT,0.3,0.5
0.747,1489.53,1251.37,1.0,VALVE_FAULT,0.3,0.5
0.748,1489.04,1251.35,1.0,VALVE_FAULT,0.3,0.5
0.749,1491.21,1256.92,1.0,VALVE_FAULT,0.3,0.5
0.75,1489.02,1252.63,1.0,VALVE_FAULT,0.3,0.5
0.751,1493.56,1257.65,1.0,VALVE_FAULT,0.3,0.5
0.752,1496.85,1247.98,1.0,VALVE_FAULT,0.3,0.5
0.753,1493.41,1253.23,1.0,VALVE_FAULT,0.3,0.5
0.754,1488.18,1261.54,1.0,VALVE_FAULT,0.3,0.5
0.755,1488.61,1249.73,1.0,VALVE_FAULT,0.3,0.5
0.756,1485.47,1254.49,1.0,VALVE_FAULT,0.3,0.5
0.757,1490.96,1250.23,1.0,VALVE_FAULT,0.3,0.5
0.758,1493.17,1250.16,1.0,VALVE_FAULT,0.3,0.5
0.759,1493.0,1244.27,1.0,VALVE_FAULT,0.3,0.5
0.76,1493.5,1250.55,1.0,VALVE_FAULT,0.3,0.5
0.761,1490.36,1248.56,1.0,VALVE_FAULT,0.3,0.5
0.762,1494.09,1248.4,1.0,VALVE_FAULT,0.3,0.5
0.763,1491.71,1249.91,1.0,VALVE_FAULT,0.3,0.5
0.764,1492.04,1255.7,1.0,VALVE_FAULT,0.3,0.5
0.765,1488.35,1245.54,1.0,VALVE_FAULT,0.3,0.5
0.766,1491.57,1257.21,1.0,VALVE_FAULT,0.3,0.5
0.767,1489.86,1253.53,1.0,VALVE_FAULT,0.3,0.5
0.768,1492.33,1241.52,1.0,VALVE_FAULT,0.3,0.5
0.769,1493.94,1249.33,1.0,VALVE_FAULT,0.3,0.5
0.77,1487.93,1251.78,1.0,VALVE_FAULT,0.3,0.5
0.771,1493.02,1251.31,1.0,VALVE_FAULT,0.3,0.5
0.772,1494.2,1235.5,1.0,VALVE_FAULT,0.3,0.5
0.773,1494.36,1246.18,1.0,VALVE_FAULT,0.3,0.5
0.774,1497.7,1254.2,1.0,VALVE_FAULT,0.3,0.5
0.775,1491.83,1246.69,1.0,VALVE_FAULT,0.3,0.5
0.776,1496.21,1247.72,1.0,VALVE_FAULT,0.3,0.5
0.777,1496.31,1246.38,1.0,VALVE_FAULT,0.3,0.5
0.778,1494.96,1253.41,1.0,VALVE_FAULT,0.3,0.5
0.779,1493.7,1255.92,1.0,VALVE_FAULT,0.3,0.5
0.78,1492.7,1249.14,1.0,VALVE_FAULT,0.3,0.5
0.781,1499.97,1260.77,1.0,VALVE_FAULT,0.3,0.5
0.782,1491.36,1240.86,1.0,VALVE_FAULT,0.3,0.5
0.783,1495.04,1249.44,1.0,VALVE_FAULT,0.3,0.5
0.784,1496.72,1255.78,1.0,VALVE_FAULT,0.3,0.5
0.785,1499.7,1250.21,1.0,VALVE_FAULT,0.3,0.5
0.786,1495.56,1244.76,1.0,VALVE_FAULT,0.3,0.5
0.787,1498.55,1249.11,1.0,VALVE_FAULT,0.3,0.5
0.788,1499.04,1246.57,1.0,VALVE_FAULT,0.3,0.5
0.789,1488.22,1250.3,1.0,VALVE_FAULT,0.3,0.5
0.79,1496.1,1247.26,1.0,VALVE_FAULT,0.3,0.5
0.791,1499.45,1241.71,1.0,VALVE_FAULT,0.3,0.5
0.792,1498.81,1250.82,1.0,VALVE_FAULT,0.3,0.5
0.793,1499.35,1255.76,1.0,VALVE_FAULT,0.3,0.5
0.794,1497.76,1244.52,1.0,VALVE_FAULT,0.3,0.5
0.795,1500.14,1250.05,1.0,VALVE_FAULT,0.3,0.5
0.796,1499.47,1247.93,1.0,VALVE_FAULT,0.3,0.5
0.797,1501.83,1248.27,1.0,VALVE_FAULT,0.3,0.5
0.798,1499.05,1250.64,1.0,VALVE_FAULT,0.3,0.5
0.799,1497.99,1243.15,1.0,VALVE_FAULT,0.3,0.5
0.8,1503.46,1250.22,1.0,VALVE_FAULT,0.3,0.5
0.801,1503.19,1252.57,1.0,VALVE_FAULT,0.3,0.5
0.802,1503.98,1258.37,1.0,VALVE_FAULT,0.3,0.5
0.803,1509.74,1244.84,1.0,VALVE_FAULT,0.3,0.5
0.804,1499.9,1247.04,1.0,VALVE_FAULT,0.3,0.5
0.805,1496.36,1247.81,1.0,VALVE_FAULT,0.3,0.5
0.806,1507.41,1243.42,1.0,VALVE_FAULT,0.3,0.5
0.807,1505.29,1249.64,1.0,VALVE_FAULT,0.3,0.5
0.808,1503.3,1247.88,1.0,VALVE_FAULT,0.3,0.5
0.809,1500.51,1244.78,1.0,VALVE_FAULT,0.3,0.5
0.81,1504.55,1250.8,1.0,VALVE_FAULT,0.3,0.5
0.811,1503.52,1246.64,1.0,VALVE_FAULT,0.3,0.5
0.812,1508.63,1244.02,1.0,VALVE_FAULT,0.3,0.5
0.813,1500.08,1251.19,1.0,VALVE_FAULT,0.3,0.5
0.814,1513.63,1244.17,1.0,VALVE_FAULT,0.3,0.5
0.815,1500.34,1249.94,1.0,VALVE_FAULT,0.3,0.5
0.816,1502.31,1246.78,1.0,VALVE_FAULT,0.3,0.5
0.817,1507.16,1243.09,1.0,VALVE_FAULT,0.3,0.5
0.818,1502.32,1245.59,1.0,VALVE_FAULT,0.3,0.5
0.819,1499.95,1253.61,1.0,VALVE_FAULT,0.3,0.5
0.82,1507.74,1255.63,1.0,VALVE_FAULT,0.3,0.5
0.821,1506.61,1250.65,1.0,VALVE_FAULT,0.3,0.5
0.822,1506.05,1249.27,1.0,VALVE_FAULT,0.3,0.5
0.823,1503.6,1248.53,1.0,VALVE_FAULT,0.3,0.5
0.824,1502.75,1254.15,1.0,VALVE_FAULT,0.3,0.5
0.825,1505.57,1245.53,1.0,VALVE_FAULT,0.3,0.5
0.826,1508.63,1251.06,1.0,VALVE_FAULT,0.3,0.5
0.827,1508.09,1260.47,1.0,VALVE_FAULT,0.3,0.5
0.828,1509.75,1252.96,1.0,VALVE_FAULT,0.3,0.5
0.829,1509.1,1253.31,1.0,VALVE_FAULT,0.3,0.5
0.83,1505.14,1241.89,1.0,VALVE_FAULT,0.3,0.5
0.831,1508.06,1234.86,1.0,VALVE_FAULT,0.3,0.5
0.832,1503.86,1243.8,1.0,VALVE_FAULT,0.3,0.5
0.833,1509.75,1259.75,1.0,VALVE_FAULT,0.3,0.5
0.834,1509.34,1253.65,1.0,VALVE_FAULT,0.3,0.5
0.835,1511.15,1255.82,1.0,VALVE_FAULT,0.3,0.5
0.836,1506.65,1255.53,1.0,VALVE_FAULT,0.3,0.5
0.837,1511.99,1244.16,1.0,VALVE_FAULT,0.3,0.5
0.838,1505.11,1241.86,1.0,VALVE_FAULT,0.3,0.5
0.839,1512.67,1249.9,1.0,VALVE_FAULT,0.3,0.5
0.84,1509.23,1248.91,1.0,VALVE_FAULT,0.3,0.5
0.841,1509.46,1249.05,1.0,VALVE_FAULT,0.3,0.5
0.842,1508.92,1254.63,1.0,VALVE_FAULT,0.3,0.5
0.843,1515.2,1245.51,1.0,VALVE_FAULT,0.3,0.5
0.844,1513.91,1255.88,1.0,VALVE_FAULT,0.3,0.5
0.845,1516.18,1243.82,1.0,VALVE_FAULT,0.3,0.5
0.846,1511.42,1251.15,1.0,VALVE_FAULT,0.3,0.5
0.847,1514.15,1244.43,1.0,VALVE_FAULT,0.3,0.5
0.848,1509.69,1253.83,1.0,VALVE_FAULT,0.3,0.5
0.849,1511.94,1246.54,1.0,VALVE_FAULT,0.3,0.5
0.85,1512.75,1243.74,1.0,VALVE_FAULT,0.3,0.5
0.851,1508.71,1254.31,1.0,VALVE_FAULT,0.3,0.5
0.852,1514.52,1245.3,1.0,VALVE_FAULT,0.3,0.5
0.853,1508.15,1246.51,1.0,VALVE_FAULT,0.3,0.5
0.854,1512.78,1249.88,1.0,VALVE_FAULT,0.3,0.5
0.855,1505.04,1247.09,1.0,VALVE_FAULT,0.3,0.5
0.856,1510.46,1238.76,1.0,VALVE_FAULT,0.3,0.5
0.857,1509.48,1254.99,1.0,VALVE_FAULT,0.3,0.5
0.858,1511.69,1255.64,1.0,VALVE_FAULT,0.3,0.5
0.859,1510.33,1249.85,1.0,VALVE_FAULT,0.3,0.5
0.86,1510.15,1254.68,1.0,VALVE_FAULT,0.3,0.5
0.861,1505.49,1245.41,1.0,VALVE_FAULT,0.3,0.5
0.862,1508.69,1251.81,1.0,VALVE_FAULT,0.3,0.5
0.863,1509.24,1248.38,1.0,VALVE_FAULT,0.3,0.5
0.864,1503.65,1246.88,1.0,VALVE_FAULT,0.3,0.5
0.865,1508.87,1252.34,1.0,VALVE_FAULT,0.3,0.5
0.866,1511.09,1247.85,1.0,VALVE_FAULT,0.3,0.5
0.867,1509.39,1258.34,1.0,VALVE_FAULT,0.3,0.5
0.868,1506.21,1251.52,1.0,VALVE_FAULT,0.3,0.5
0.869,1511.47,1248.79,1.0,VALVE_FAULT,0.3,0.5
0.87,1518.67,1251.32,1.0,VALVE_FAULT,0.3,0.5
0.871,1510.96,1253.51,1.0,VALVE_FAULT,0.3,0.5
0.872,1509.66,1254.55,1.0,VALVE_FAULT,0.3,0.5
0.873,1503.76,1251.76,1.0,VALVE_FAULT,0.3,0.5
0.874,1509.37,1254.4,1.0,VALVE_FAULT,0.3,0.5
0.875,1503.98,1256.44,1.0,VALVE_FAULT,0.3,0.5
0.876,1508.93,1260.26,1.0,VALVE_FAULT,0.3,0.5
0.877,1506.04,1253.82,1.0,VALVE_FAULT,0.3,0.5
0.878,1506.84,1249.87,1.0,VALVE_FAULT,0.3,0.5
0.879,1503.4,1246.85,1.0,VALVE_FAULT,0.3,0.5
0.88,1506.47,1245.0,1.0,VALVE_FAULT,0.3,0.5
0.881,1504.43,1246.71,1.0,VALVE_FAULT,0.3,0.5
0.882,1511.2,1245.66,1.0,VALVE_FAULT,0.3,0.5
0.883,1503.62,1257.46,1.0,VALVE_FAULT,0.3,0.5
0.884,1511.74,1245.03,1.0,VALVE_FAULT,0.3,0.5
0.885,1504.1,1249.09,1.0,VALVE_FAULT,0.3,0.5
0.886,1509.21,1254.15,1.0,VALVE_FAULT,0.3,0.5
0.887,1501.58,1253.05,1.0,VALVE_FAULT,0.3,0.5
0.888,1508.93,1251.33,1.0,VALVE_FAULT,0.3,0.5
0.889,1508.23,1252.19,1.0,VALVE_FAULT,0.3,0.5
0.89,1506.06,1253.16,1.0,VALVE_FAULT,0.3,0.5
0.891,1503.3,1244.64,1.0,VALVE_FAULT,0.3,0.5
0.892,1500.87,1247.72,1.0,VALVE_FAULT,0.3,0.5
0.893,1500.82,1250.49,1.0,VALVE_FAULT,0.3,0.5
0.894,1498.61,1247.26,1.0,VALVE_FAULT,0.3,0.5
0.895,1494.52,1248.3,1.0,VALVE_FAULT,0.3,0.5
0.896,1500.77,1247.57,1.0,VALVE_FAULT,0.3,0.5
0.897,1504.18,1251.82,1.0,VALVE_FAULT,0.3,0.5
0.898,1498.06,1247.67,1.0,VALVE_FAULT,0.3,0.5
0.899,1499.47,1250.92,1.0,VALVE_FAULT,0.3,0.5
0.9,1499.69,1259.96,1.0,VALVE_FAULT,0.3,0.5
0.901,1504.35,1251.68,1.0,VALVE_FAULT,0.3,0.5
0.902,1497.22,1255.87,1.0,VALVE_FAULT,0.3,0.5
0.903,1490.71,1249.15,1.0,VALVE_FAULT,0.3,0.5
0.904,1495.64,1245.69,1.0,VALVE_FAULT,0.3,0.5
0.905,1495.38,1262.03,1.0,VALVE_FAULT,0.3,0.5
0.906,1500.65,1251.7,1.0,VALVE_FAULT,0.3,0.5
0.907,1492.74,1245.66,1.0,VALVE_FAULT,0.3,0.5
0.908,1499.51,1250.98,1.0,VALVE_FAULT,0.3,0.5
0.909,1502.26,1249.25,1.0,VALVE_FAULT,0.3,0.5
0.91,1498.21,1243.45,1.0,VALVE_FAULT,0.3,0.5
0.911,1496.48,1245.22,1.0,VALVE_FAULT,0.3,0.5
0.912,1497.23,1244.83,1.0,VALVE_FAULT,0.3,0.5
0.913,1496.92,1247.16,1.0,VALVE_FAULT,0.3,0.5
0.914,1499.65,1242.74,1.0,VALVE_FAULT,0.3,0.5
0.915,1494.84,1253.88,1.0,VALVE_FAULT,0.3,0.5
0.916,1492.78,1256.27,1.0,VALVE_FAULT,0.3,0.5
0.917,1496.8,1254.64,1.0,VALVE_FAULT,0.3,0.5
0.918,1496.09,1248.71,1.0,VALVE_FAULT,0.3,0.5
0.919,1493.55,1248.06,1.0,VALVE_FAULT,0.3,0.5
0.92,1488.78,1248.71,1.0,VALVE_FAULT,0.3,0.5
0.921,1493.17,1238.07,1.0,VALVE_FAULT,0.3,0.5
0.922,1498.05,1246.8,1.0,VALVE_FAULT,0.3,0.5
0.923,1493.2,1247.97,1.0,VALVE_FAULT,0.3,0.5
0.924,1494.13,1252.98,1.0,VALVE_FAULT,0.3,0.5
0.925,1491.39,1257.9,1.0,VALVE_FAULT,0.3,0.5
0.926,1494.56,1255.33,1.0,VALVE_FAULT,0.3,0.5
0.927,1492.49,1245.25,1.0,VALVE_FAULT,0.3,0.5
0.928,1490.59,1241.89,1.0,VALVE_FAULT,0.3,0.5
0.929,1498.11,1247.87,1.0,VALVE_FAULT,0.3,0.5
0.93,1493.49,1249.84,1.0,VALVE_FAULT,0.3,0.5
0.931,1492.95,1253.17,1.0,VALVE_FAULT,0.3,0.5
0.932,1495.88,1252.25,1.0,VALVE_FAULT,0.3,0.5
0.933,1492.64,1260.92,1.0,VALVE_FAULT,0.3,0.5
0.934,1492.29,1246.83,1.0,VALVE_FAULT,0.3,0.5
0.935,1489.16,1243.18,1.0,VALVE_FAULT,0.3,0.5
0.936,1483.9,1248.5,1.0,VALVE_FAULT,0.3,0.5
0.937,1494.21,1254.06,1.0,VALVE_FAULT,0.3,0.5
0.938,1492.38,1249.62,1.0,VALVE_FAULT,0.3,0.5
0.939,1489.48,1244.06,1.0,VALVE_FAULT,0.3,0.5
0.94,1493.74,1253.87,1.0,VALVE_FAULT,0.3,0.5
0.941,1490.15,1247.57,1.0,VALVE_FAULT,0.3,0.5
0.942,1492.33,1237.52,1.0,VALVE_FAULT,0.3,0.5
0.943,1491.32,1243.14,1.0,VALVE_FAULT,0.3,0.5
0.944,1492.2,1251.05,1.0,VALVE_FAULT,0.3,0.5
0.945,1489.79,1248.92,1.0,VALVE_FAULT,0.3,0.5
0.946,1489.36,1248.87,1.0,VALVE_FAULT,0.3,0.5
0.947,1488.29,1238.83,1.0,VALVE_FAULT,0.3,0.5
0.948,1488.05,1245.69,1.0,VALVE_FAULT,0.3,0.5
0.949,1491.66,1250.46,1.0,VALVE_FAULT,0.3,0.5
0.95,1489.57,1239.77,1.0,VALVE_FAULT,0.3,0.5
0.951,1491.46,1245.5,1.0,VALVE_FAULT,0.3,0.5
0.952,1486.05,1247.41,1.0,VALVE_FAULT,0.3,0.5
0.953,1491.4,1249.88,1.0,VALVE_FAULT,0.3,0.5
0.954,1490.82,1256.14,1.0,VALVE_FAULT,0.3,0.5
0.955,1490.66,1255.37,1.0,VALVE_FAULT,0.3,0.5
0.956,1493.47,1244.43,1.0,VALVE_FAULT,0.3,0.5
0.957,1489.89,1245.65,1.0,VALVE_FAULT,0.3,0.5
0.958,1489.54,1251.34,1.0,VALVE_FAULT,0.3,0.5
0.959,1490.67,1253.06,1.0,VALVE_FAULT,0.3,0.5
0.96,1492.66,1252.91,1.0,VALVE_FAULT,0.3,0.5
0.961,1488.83,1246.85,1.0,VALVE_FAULT,0.3,0.5
0.962,1489.53,1251.37,1.0,VALVE_FAULT,0.3,0.5
0.963,1493.09,1250.96,1.0,VALVE_FAULT,0.3,0.5
0.964,1492.83,1248.88,1.0,VALVE_FAULT,0.3,0.5
0.965,1491.34,1251.17,1.0,VALVE_FAULT,0.3,0.5
0.966,1485.73,1249.08,1.0,VALVE_FAULT,0.3,0.5
0.967,1490.17,1255.26,1.0,VALVE_FAULT,0.3,0.5
0.968,1491.62,1251.89,1.0,VALVE_FAULT,0.3,0.5
0.969,1491.01,1251.19,1.0,VALVE_FAULT,0.3,0.5
0.97,1487.92,1253.16,1.0,VALVE_FAULT,0.3,0.5
0.971,1489.67,1252.43,1.0,VALVE_FAULT,0.3,0.5
0.972,1488.94,1254.72,1.0,VALVE_FAULT,0.3,0.5
0.973,1496.13,1247.39,1.0,VALVE_FAULT,0.3,0.5
0.974,1495.41,1256.83,1.0,VALVE_FAULT,0.3,0.5
0.975,1494.66,1244.33,1.0,VALVE_FAULT,0.3,0.5
0.976,1494.44,1248.13,1.0,VALVE_FAULT,0.3,0.5
0.977,1491.85,1252.76,1.0,VALVE_FAULT,0.3,0.5
0.978,1486.9,1243.01,1.0,VALVE_FAULT,0.3,0.5
0.979,1494.63,1255.13,1.0,VALVE_FAULT,0.3,0.5
0.98,1495.33,1248.22,1.0,VALVE_FAULT,0.3,0.5
0.981,1492.43,1240.38,1.0,VALVE_FAULT,0.3,0.5
0.982,1487.56,1246.69,1.0,VALVE_FAULT,0.3,0.5
0.983,1491.48,1244.01,1.0,VALVE_FAULT,0.3,0.5
0.984,1490.67,1243.87,1.0,VALVE_FAULT,0.3,0.5
0.985,1496.87,1249.35,1.0,VALVE_FAULT,0.3,0.5
0.986,1503.27,1247.09,1.0,VALVE_FAULT,0.3,0.5
0.987,1490.21,1259.53,1.0,VALVE_FAULT,0.3,0.5
0.988,1494.17,1239.9,1.0,VALVE_FAULT,0.3,0.5
0.989,1494.84,1244.15,1.0,VALVE_FAULT,0.3,0.5
0.99,1497.33,1244.56,1.0,VALVE_FAULT,0.3,0.5
0.991,1499.58,1265.69,1.0,VALVE_FAULT,0.3,0.5
0.992,1498.49,1247.63,1.0,VALVE_FAULT,0.3,0.5
0.993,1496.09,1242.89,1.0,VALVE_FAULT,0.3,0.5
0.994,1497.61,1250.17,1.0,VALVE_FAULT,0.3,0.5
0.995,1498.38,1247.61,1.0,VALVE_FAULT,0.3,0.5
0.996,1497.03,1260.42,1.0,VALVE_FAULT,0.3,0.5
0.997,1496.12,1253.05,1.0,VALVE_FAULT,0.3,0.5
0.998,1497.18,1242.48,1.0,VALVE_FAULT,0.3,0.5
0.999,1498.26,1239.5,1.0,VALVE_FAULT,0.3,0.5
1.0,1499.47,1246.43,1.0,VALVE_FAULT,0.3,0.5
1.001,1501.12,1252.76,1.0,VALVE_FAULT,0.3,0.5
1.002,1506.01,1250.94,1.0,VALVE_FAULT,0.3,0.5
1.003,1505.88,1247.56,1.0,VALVE_FAULT,0.3,0.5
1.004,1499.67,1257.13,1.0,VALVE_FAULT,0.3,0.5
1.005,1499.29,1253.5,1.0,VALVE_FAULT,0.3,0.5
1.006,1500.53,1248.15,1.0,VALVE_FAULT,0.3,0.5
1.007,1499.18,1237.98,1.0,VALVE_FAULT,0.3,0.5
1.008,1505.69,1246.21,1.0,VALVE_FAULT,0.3,0.5
1.009,1502.76,1247.1,1.0,VALVE_FAULT,0.3,0.5
1.01,1500.83,1246.29,1.0,VALVE_FAULT,0.3,0.5
1.011,1500.23,1262.84,1.0,VALVE_FAULT,0.3,0.5
1.012,1508.52,1246.74,1.0,VALVE_FAULT,0.3,0.5
1.013,1509.99,1244.33,1.0,VALVE_FAULT,0.3,0.5
1.014,1506.22,1252.39,1.0,VALVE_FAULT,0.3,0.5
1.015,1500.29,1246.19,1.0,VALVE_FAULT,0.3,0.5
1.016,1502.96,1252.23,1.0,VALVE_FAULT,0.3,0.5
1.017,1506.14,1244.93,1.0,VALVE_FAULT,0.3,0.5
1.018,1505.14,1255.28,1.0,VALVE_FAULT,0.3,0.5
1.019,1507.54,1250.85,1.0,VALVE_FAULT,0.3,0.5
1.02,1504.09,1250.35,1.0,VALVE_FAULT,0.3,0.5
1.021,1506.27,1246.22,1.0,VALVE_FAULT,0.3,0.5
1.022,1507.46,1254.08,1.0,VALVE_FAULT,0.3,0.5
1.023,1501.62,1243.64,1.0,VALVE_FAULT,0.3,0.5
1.024,1508.11,1249.78,1.0,VALVE_FAULT,0.3,0.5
1.025,1510.3,1247.78,1.0,VALVE_FAULT,0.3,0.5
1.026,1509.41,1252.81,1.0,VALVE_FAULT,0.3,0.5
1.027,1507.73,1252.44,1.0,VALVE_FAULT,0.3,0.5
1.028,1504.62,1244.87,1.0,VALVE_FAULT,0.3,0.5
1.029,1507.42,1250.52,1.0,VALVE_FAULT,0.3,0.5
1.03,1502.89,1244.36,1.0,VALVE_FAULT,0.3,0.5
1.031,1510.4,1249.56,1.0,VALVE_FAULT,0.3,0.5
1.032,1513.65,1252.22,1.0,VALVE_FAULT,0.3,0.5
1.033,1504.77,1249.98,1.0,VALVE_FAULT,0.3,0.5
1.034,1506.75,1244.09,1.0,VALVE_FAULT,0.3,0.5
1.035,1507.82,1255.98,1.0,VALVE_FAULT,0.3,0.5
1.036,1513.61,1246.4,1.0,VALVE_FAULT,0.3,0.5
1.037,1510.35,1255.9,1.0,VALVE_FAULT,0.3,0.5
1.038,1513.3,1252.43,1.0,VALVE_FAULT,0.3,0.5
1.039,1508.69,1244.89,1.0,VALVE_FAULT,0.3,0.5
1.04,1512.35,1245.0,1.0,VALVE_FAULT,0.3,0.5
1.041,1510.88,1245.1,1.0,VALVE_FAULT,0.3,0.5
1.042,1510.37,1254.2,1.0,VALVE_FAULT,0.3,0.5
1.043,1509.06,1241.25,1.0,VALVE_FAULT,0.3,0.5
1.044,1508.04,1244.8,1.0,VALVE_FAULT,0.3,0.5
1.045,1506.39,1243.4,1.0,VALVE_FAULT,0.3,0.5
1.046,1513.01,1253.28,1.0,VALVE_FAULT,0.3,0.5
1.047,1507.1,1251.45,1.0,VALVE_FAULT,0.3,0.5
1.048,1506.03,1240.71,1.0,VALVE_FAULT,0.3,0.5
1.049,1511.8,1250.26,1.0,VALVE_FAULT,0.3,0.5
1.05,1509.46,1247.93,1.0,VALVE_FAULT,0.3,0.5
1.051,1502.47,1250.85,1.0,VALVE_FAULT,0.3,0.5
1.052,1512.42,1259.24,1.0,VALVE_FAULT,0.3,0.5
1.053,1507.16,1250.22,1.0,VALVE_FAULT,0.3,0.5
1.054,1508.43,1239.96,1.0,VALVE_FAULT,0.3,0.5
1.055,1512.65,1239.2,1.0,VALVE_FAULT,0.3,0.5
1.056,1506.13,1247.7,1.0,VALVE_FAULT,0.3,0.5
1.057,1508.39,1251.51,1.0,VALVE_FAULT,0.3,0.5
1.058,1506.55,1255.08,1.0,VALVE_FAULT,0.3,0.5
1.059,1515.71,1249.61,1.0,VALVE_FAULT,0.3,0.5
1.06,1509.02,1244.37,1.0,VALVE_FAULT,0.3,0.5
1.061,1512.51,1257.14,1.0,VALVE_FAULT,0.3,0.5
1.062,1512.44,1253.45,1.0,VALVE_FAULT,0.3,0.5
1.063,1515.43,1252.29,1.0,VALVE_FAULT,0.3,0.5
1.064,1504.43,1253.02,1.0,VALVE_FAULT,0.3,0.5
1.065,1510.84,1238.34,1.0,VALVE_FAULT,0.3,0.5
1.066,1509.34,1251.53,1.0,VALVE_FAULT,0.3,0.5
1.067,1515.26,1256.04,1.0,VALVE_FAULT,0.3,0.5
1.068,1505.88,1249.88,1.0,VALVE_FAULT,0.3,0.5
1.069,1512.94,1238.68,1.0,VALVE_FAULT,0.3,0.5
1.07,1506.24,1233.1,1.0,VALVE_FAULT,0.3,0.5
1.071,1506.76,1247.23,1.0,VALVE_FAULT,0.3,0.5
1.072,1508.84,1244.54,1.0,VALVE_FAULT,0.3,0.5
1.073,1507.52,1255.68,1.0,VALVE_FAULT,0.3,0.5
1.074,1507.27,1250.77,1.0,VALVE_FAULT,0.3,0.5
1.075,1507.53,1253.86,1.0,VALVE_FAULT,0.3,0.5
1.076,1508.18,1242.86,1.0,VALVE_FAULT,0.3,0.5
1.077,1506.62,1245.2,1.0,VALVE_FAULT,0.3,0.5
1.078,1506.22,1244.31,1.0,VALVE_FAULT,0.3,0.5
1.079,1506.71,1251.73,1.0,VALVE_FAULT,0.3,0.5
1.08,1508.01,1251.4,1.0,VALVE_FAULT,0.3,0.5
1.081,1506.54,1248.81,1.0,VALVE_FAULT,0.3,0.5
1.082,1507.56,1251.54,1.0,VALVE_FAULT,0.3,0.5
1.083,1503.12,1255.12,1.0,VALVE_FAULT,0.3,0.5
1.084,1504.07,1255.78,1.0,VALVE_FAULT,0.3,0.5
1.085,1499.27,1248.74,1.0,VALVE_FAULT,0.3,0.5
1.086,1504.34,1244.62,1.0,VALVE_FAULT,0.3,0.5
1.087,1509.22,1258.61,1.0,VALVE_FAULT,0.3,0.5
1.088,1507.2,1252.33,1.0,VALVE_FAULT,0.3,0.5
1.089,1501.53,1248.63,1.0,VALVE_FAULT,0.3,0.5
1.09,1502.61,1252.87,1.0,VALVE_FAULT,0.3,0.5
1.091,1506.64,1254.66,1.0,VALVE_FAULT,0.3,0.5
1.092,1499.37,1253.52,1.0,VALVE_FAULT,0.3,0.5
1.093,1504.08,1250.53,1.0,VALVE_FAULT,0.3,0.5
1.094,1499.42,1251.06,1.0,VALVE_FAULT,0.3,0.5
1.095,1503.69,1244.05,1.0,VALVE_FAULT,0.3,0.5
1.096,1501.32,1248.09,1.0,VALVE_FAULT,0.3,0.5
1.097,1503.86,1250.97,1.0,VALVE_FAULT,0.3,0.5
1.098,1504.05,1251.15,1.0,VALVE_FAULT,0.3,0.5
1.099,1500.51,1244.42,1.0,VALVE_FAULT,0.3,0.5
1.1,1500.03,1252.33,1.0,VALVE_FAULT,0.3,0.5
1.101,1497.48,1249.45,1.0,VALVE_FAULT,0.3,0.5
1.102,1497.09,1257.5,1.0,VALVE_FAULT,0.3,0.5
1.103,1499.6,1257.42,1.0,VALVE_FAULT,0.3,0.5
1.104,1498.53,1251.64,1.0,VALVE_FAULT,0.3,0.5
1.105,1497.01,1256.07,1.0,VALVE_FAULT,0.3,0.5
1.106,1496.86,1247.67,1.0,VALVE_FAULT,0.3,0.5
1.107,1500.81,1242.8,1.0,VALVE_FAULT,0.3,0.5
1.108,1499.26,1248.49,1.0,VALVE_FAULT,0.3,0.5
1.109,1498.21,1257.67,1.0,VALVE_FAULT,0.3,0.5
1.11,1495.7,1249.99,1.0,VALVE_FAULT,0.3,0.5
1.111,1497.83,1241.45,1.0,VALVE_FAULT,0.3,0.5
1.112,1493.75,1246.86,1.0,VALVE_FAULT,0.3,0.5
1.113,1497.46,1258.32,1.0,VALVE_FAULT,0.3,0.5
1.114,1497.95,1258.17,1.0,VALVE_FAULT,0.3,0.5
1.115,1499.58,1248.26,1.0,VALVE_FAULT,0.3,0.5
1.116,1495.48,1246.06,1.0,VALVE_FAULT,0.3,0.5
1.117,1496.52,1257.2,1.0,VALVE_FAULT,0.3,0.5
1.118,1487.43,1251.19,1.0,VALVE_FAULT,0.3,0.5
1.119,1492.04,1254.12,1.0,VALVE_FAULT,0.3,0.5
1.12,1497.2,1249.77,1.0,VALVE_FAULT,0.3,0.5
1.121,1493.46,1259.89,1.0,VALVE_FAULT,0.3,0.5
1.122,1490.71,1249.28,1.0,VALVE_FAULT,0.3,0.5
1.123,1493.2,1250.1,1.0,VALVE_FAULT,0.3,0.5
1.124,1492.46,1254.67,1.0,VALVE_FAULT,0.3,0.5
1.125,1496.03,1246.83,1.0,VALVE_FAULT,0.3,0.5
1.126,1488.36,1246.06,1.0,VALVE_FAULT,0.3,0.5
1.127,1497.37,1255.83,1.0,VALVE_FAULT,0.3,0.5
1.128,1486.77,1253.47,1.0,VALVE_FAULT,0.3,0.5
1.129,1496.25,1256.83,1.0,VALVE_FAULT,0.3,0.5
1.13,1492.02,1253.66,1.0,VALVE_FAULT,0.3,0.5
1.131,1489.89,1253.24,1.0,VALVE_FAULT,0.3,0.5
1.132,1490.8,1253.55,1.0,VALVE_FAULT,0.3,0.5
1.133,1495.07,1247.31,1.0,VALVE_FAULT,0.3,0.5
1.134,1492.72,1248.89,1.0,VALVE_FAULT,0.3,0.5
1.135,1489.47,1243.75,1.0,VALVE_FAULT,0.3,0.5
1.136,1495.1,1250.69,1.0,VALVE_FAULT,0.3,0.5
1.137,1492.65,1255.66,1.0,VALVE_FAULT,0.3,0.5
1.138,1490.1,1256.73,1.0,VALVE_FAULT,0.3,0.5
1.139,1489.14,1250.98,1.0,VALVE_FAULT,0.3,0.5
1.14,1496.06,1254.2,1.0,VALVE_FAULT,0.3,0.5
1.141,1496.23,1246.97,1.0,VALVE_FAULT,0.3,0.5
1.142,1491.48,1253.05,1.0,VALVE_FAULT,0.3,0.5
1.143,1489.02,1250.29,1.0,VALVE_FAULT,0.3,0.5
1.144,1487.66,1246.2,1.0,VALVE_FAULT,0.3,0.5
1.145,1496.03,1259.66,1.0,VALVE_FAULT,0.3,0.5
1.146,1486.21,1253.42,1.0,VALVE_FAULT,0.3,0.5
1.147,1490.69,1256.7,1.0,VALVE_FAULT,0.3,0.5
1.148,1489.22,1246.48,1.0,VALVE_FAULT,0.3,0.5
1.149,1492.11,1251.04,1.0,VALVE_FAULT,0.3,0.5
1.15,1492.82,1250.19,1.0,VALVE_FAULT,0.3,0.5
1.151,1488.75,1249.11,1.0,VALVE_FAULT,0.3,0.5
1.152,1489.57,1252.71,1.0,VALVE_FAULT,0.3,0.5
1.153,1493.64,1250.05,1.0,VALVE_FAULT,0.3,0.5
1.154,1488.91,1247.19,1.0,VALVE_FAULT,0.3,0.5
1.155,1489.65,1259.13,1.0,VALVE_FAULT,0.3,0.5
1.156,1491.88,1243.79,1.0,VALVE_FAULT,0.3,0.5
1.157,1494.59,1241.1,1.0,VALVE_FAULT,0.3,0.5
1.158,1487.73,1257.53,1.0,VALVE_FAULT,0.3,0.5
1.159,1491.09,1247.0,1.0,VALVE_FAULT,0.3,0.5
1.16,1490.66,1245.59,1.0,VALVE_FAULT,0.3,0.5
1.161,1488.22,1261.38,1.0,VALVE_FAULT,0.3,0.5
1.162,1491.42,1247.47,1.0,VALVE_FAULT,0.3,0.5
1.163,1492.52,1252.93,1.0,VALVE_FAULT,0.3,0.5
1.164,1490.74,1245.67,1.0,VALVE_FAULT,0.3,0.5
1.165,1492.85,1240.06,1.0,VALVE_FAULT,0.3,0.5
1.166,1490.57,1252.45,1.0,VALVE_FAULT,0.3,0.5
1.167,1488.54,1244.68,1.0,VALVE_FAULT,0.3,0.5
1.168,1493.38,1246.18,1.0,VALVE_FAULT,0.3,0.5
1.169,1492.49,1241.5,1.0,VALVE_FAULT,0.3,0.5
1.17,1488.31,1248.65,1.0,VALVE_FAULT,0.3,0.5
1.171,1493.16,1249.85,1.0,VALVE_FAULT,0.3,0.5
1.172,1494.53,1248.01,1.0,VALVE_FAULT,0.3,0.5
1.173,1494.63,1250.99,1.0,VALVE_FAULT,0.3,0.5
1.174,1497.48,1252.61,1.0,VALVE_FAULT,0.3,0.5
1.175,1497.29,1258.65,1.0,VALVE_FAULT,0.3,0.5
1.176,1490.51,1245.41,1.0,VALVE_FAULT,0.3,0.5
1.177,1497.54,1248.66,1.0,VALVE_FAULT,0.3,0.5
1.178,1492.69,1255.61,1.0,VALVE_FAULT,0.3,0.5
1.179,1496.46,1254.16,1.0,VALVE_FAULT,0.3,0.5
1.18,1493.98,1244.46,1.0,VALVE_FAULT,0.3,0.5
1.181,1494.58,1241.12,1.0,VALVE_FAULT,0.3,0.5
1.182,1498.38,1252.2,1.0,VALVE_FAULT,0.3,0.5
1.183,1495.81,1248.51,1.0,VALVE_FAULT,0.3,0.5
1.184,1494.17,1246.92,1.0,VALVE_FAULT,0.3,0.5
1.185,1497.66,1246.19,1.0,VALVE_FAULT,0.3,0.5
1.186,1495.03,1245.74,1.0,VALVE_FAULT,0.3,0.5
1.187,1494.99,1259.31,1.0,VALVE_FAULT,0.3,0.5
1.188,1502.11,1244.12,1.0,VALVE_FAULT,0.3,0.5
1.189,1497.78,1251.54,1.0,VALVE_FAULT,0.3,0.5
1.19,1497.3,1247.54,1.0,VALVE_FAULT,0.3,0.5
1.191,1493.57,1252.14,1.0,VALVE_FAULT,0.3,0.5
1.192,1495.92,1240.86,1.0,VALVE_FAULT,0.3,0.5
1.193,1497.08,1243.94,1.0,VALVE_FAULT,0.3,0.5
1.194,1505.53,1254.42,1.0,VALVE_FAULT,0.3,0.5
1.195,1500.11,1248.48,1.0,VALVE_FAULT,0.3,0.5
1.196,1495.31,1245.27,1.0,VALVE_FAULT,0.3,0.5
1.197,1503.56,1251.34,1.0,VALVE_FAULT,0.3,0.5
1.198,1502.36,1252.74,1.0,VALVE_FAULT,0.3,0.5
1.199,1500.68,1251.39,1.0,VALVE_FAULT,0.3,0.5
1.2,1495.0,1247.47,1.0,VALVE_FAULT,0.3,0.5
1.201,1502.81,1252.6,1.0,VALVE_FAULT,0.3,0.5
1.202,1495.53,1245.0,1.0,VALVE_FAULT,0.3,0.5
1.203,1498.66,1252.99,1.0,VALVE_FAULT,0.3,0.5
1.204,1501.48,1253.99,1.0,VALVE_FAULT,0.3,0.5
1.205,1501.85,1241.34,1.0,VALVE_FAULT,0.3,0.5
1.206,1503.23,1255.79,1.0,VALVE_FAULT,0.3,0.5
1.207,1499.12,1251.84,1.0,VALVE_FAULT,0.3,0.5
1.208,1500.19,1247.95,1.0,VALVE_FAULT,0.3,0.5
1.209,1504.02,1250.62,1.0,VALVE_FAULT,0.3,0.5
1.21,1497.63,1249.05,1.0,VALVE_FAULT,0.3,0.5
1.211,1503.98,1256.36,1.0,VALVE_FAULT,0.3,0.5
1.212,1501.19,1249.35,1.0,VALVE_FAULT,0.3,0.5
1.213,1504.86,1249.56,1.0,VALVE_FAULT,0.3,0.5
1.214,1502.39,1254.47,1.0,VALVE_FAULT,0.3,0.5
1.215,1508.58,1242.04,1.0,VALVE_FAULT,0.3,0.5
1.216,1503.57,1241.4,1.0,VALVE_FAULT,0.3,0.5
1.217,1504.54,1250.4,1.0,VALVE_FAULT,0.3,0.5
1.218,1502.79,1246.12,1.0,VALVE_FAULT,0.3,0.5
1.219,1504.58,1250.18,1.0,VALVE_FAULT,0.3,0.5
1.22,1510.74,1252.14,1.0,VALVE_FAULT,0.3,0.5
1.221,1504.52,1251.48,1.0,VALVE_FAULT,0.3,0.5
1.222,1511.67,1251.35,1.0,VALVE_FAULT,0.3,0.5
1.223,1510.83,1251.93,1.0,VALVE_FAULT,0.3,0.5
1.224,1508.17,1247.18,1.0,VALVE_FAULT,0.3,0.5
1.225,1510.57,1244.71,1.0,VALVE_FAULT,0.3,0.5
1.226,1507.41,1244.77,1.0,VALVE_FAULT,0.3,0.5
1.227,1507.03,1241.55,1.0,VALVE_FAULT,0.3,0.5
1.228,1507.51,1251.77,1.0,VALVE_FAULT,0.3,0.5
1.229,1508.05,1248.25,1.0,VALVE_FAULT,0.3,0.5
1.23,1509.31,1249.68,1.0,VALVE_FAULT,0.3,0.5
1.231,1509.35,1248.93,1.0,VALVE_FAULT,0.3,0.5
1.232,1513.91,1249.31,1.0,VALVE_FAULT,0.3,0.5
1.233,1508.01,1247.45,1.0,VALVE_FAULT,0.3,0.5
1.234,1508.4,1250.46,1.0,VALVE_FAULT,0.3,0.5
1.235,1510.81,1249.67,1.0,VALVE_FAULT,0.3,0.5
1.236,1508.6,1242.91,1.0,VALVE_FAULT,0.3,0.5
1.237,1506.43,1257.63,1.0,VALVE_FAULT,0.3,0.5
1.238,1508.61,1258.24,1.0,VALVE_FAULT,0.3,0.5
1.239,1508.68,1249.06,1.0,VALVE_FAULT,0.3,0.5
1.24,1508.36,1245.5,1.0,VALVE_FAULT,0.3,0.5
1.241,1512.17,1251.45,1.0,VALVE_FAULT,0.3,0.5
1.242,1509.6,1243.7,1.0,VALVE_FAULT,0.3,0.5
1.243,1511.73,1251.08,1.0,VALVE_FAULT,0.3,0.5
1.244,1506.81,1250.82,1.0,VALVE_FAULT,0.3,0.5
1.245,1506.88,1247.71,1.0,VALVE_FAULT,0.3,0.5
1.246,1514.1,1248.97,1.0,VALVE_FAULT,0.3,0.5
1.247,1513.3,1251.66,1.0,VALVE_FAULT,0.3,0.5
1.248,1510.07,1249.89,1.0,VALVE_FAULT,0.3,0.5
1.249,1515.51,1245.04,1.0,VALVE_FAULT,0.3,0.5
1.25,1511.61,1235.84,1.0,VALVE_FAULT,0.3,0.5
1.251,1508.21,1248.74,1.0,VALVE_FAULT,0.3,0.5
1.252,1513.48,1249.84,1.0,VALVE_FAULT,0.3,0.5
1.253,1506.81,1245.86,1.0,VALVE_FAULT,0.3,0.5
1.254,1506.99,1262.82,1.0,VALVE_FAULT,0.3,0.5
1.255,1510.74,1253.94,1.0,VALVE_FAULT,0.3,0.5
1.256,1510.86,1262.12,1.0,VALVE_FAULT,0.3,0.5
1.257,1504.85,1249.36,1.0,VALVE_FAULT,0.3,0.5
1.258,1507.71,1254.38,1.0,VALVE_FAULT,0.3,0.5
1.259,1506.09,1252.17,1.0,VALVE_FAULT,0.3,0.5
1.26,1508.62,1255.18,1.0,VALVE_FAULT,0.3,0.5
1.261,1506.74,1244.79,1.0,VALVE_FAULT,0.3,0.5
1.262,1511.7,1248.72,1.0,VALVE_FAULT,0.3,0.5
1.263,1512.6,1254.76,1.0,VALVE_FAULT,0.3,0.5
1.264,1510.93,1249.46,1.0,VALVE_FAULT,0.3,0.5
1.265,1510.34,1251.47,1.0,VALVE_FAULT,0.3,0.5
1.266,1507.82,1257.22,1.0,VALVE_FAULT,0.3,0.5
1.267,1512.64,1250.41,1.0,VALVE_FAULT,0.3,0.5
1.268,1505.09,1244.68,1.0,VALVE_FAULT,0.3,0.5
1.269,1508.81,1255.37,1.0,VALVE_FAULT,0.3,0.5
1.27,1514.06,1254.07,1.0,VALVE_FAULT,0.3,0.5
1.271,1506.87,1254.58,1.0,VALVE_FAULT,0.3,0.5
1.272,1506.11,1254.39,1.0,VALVE_FAULT,0.3,0.5
1.273,1508.18,1245.49,1.0,VALVE_FAULT,0.3,0.5
1.274,1507.07,1256.62,1.0,VALVE_FAULT,0.3,0.5
1.275,1508.74,1247.8,1.0,VALVE_FAULT,0.3,0.5
1.276,1504.85,1249.45,1.0,VALVE_FAULT,0.3,0.5
1.277,1505.38,1244.88,1.0,VALVE_FAULT,0.3,0.5
1.278,1506.43,1246.66,1.0,VALVE_FAULT,0.3,0.5
1.279,1503.03,1258.81,1.0,VALVE_FAULT,0.3,0.5
1.28,1506.21,1251.47,1.0,VALVE_FAULT,0.3,0.5
1.281,1507.31,1247.29,1.0,VALVE_FAULT,0.3,0.5
1.282,1501.39,1243.37,1.0,VALVE_FAULT,0.3,0.5
1.283,1504.55,1245.81,1.0,VALVE_FAULT,0.3,0.5
1.284,1504.89,1248.19,1.0,VALVE_FAULT,0.3,0.5
1.285,1504.35,1247.81,1.0,VALVE_FAULT,0.3,0.5
1.286,1502.08,1255.08,1.0,VALVE_FAULT,0.3,0.5
1.287,1506.6,1252.93,1.0,VALVE_FAULT,0.3,0.5
1.288,1502.48,1243.55,1.0,VALVE_FAULT,0.3,0.5
1.289,1502.48,1249.22,1.0,VALVE_FAULT,0.3,0.5
1.29,1503.99,1260.03,1.0,VALVE_FAULT,0.3,0.5
1.291,1505.51,1251.16,1.0,VALVE_FAULT,0.3,0.5
1.292,1502.49,1250.84,1.0,VALVE_FAULT,0.3,0.5
1.293,1503.53,1251.35,1.0,VALVE_FAULT,0.3,0.5
1.294,1500.51,1242.59,1.0,VALVE_FAULT,0.3,0.5
1.295,1499.15,1246.59,1.0,VALVE_FAULT,0.3,0.5
1.296,1498.78,1253.0,1.0,VALVE_FAULT,0.3,0.5
1.297,1501.6,1243.26,1.0,VALVE_FAULT,0.3,0.5
1.298,1506.07,1243.76,1.0,VALVE_FAULT,0.3,0.5
1.299,1498.48,1250.13,1.0,VALVE_FAULT,0.3,0.5
1.3,1501.28,1247.41,1.0,VALVE_FAULT,0.3,0.5
1.301,1502.13,1250.09,1.0,VALVE_FAULT,0.3,0.5
1.302,1500.62,1251.81,1.0,VALVE_FAULT,0.3,0.5
1.303,1502.69,1252.79,1.0,VALVE_FAULT,0.3,0.5
1.304,1495.39,1242.63,1.0,VALVE_FAULT,0.3,0.5
1.305,1495.72,1252.59,1.0,VALVE_FAULT,0.3,0.5
1.306,1494.88,1246.38,1.0,VALVE_FAULT,0.3,0.5
1.307,1498.92,1245.52,1.0,VALVE_FAULT,0.3,0.5
1.308,1496.3,1247.44,1.0,VALVE_FAULT,0.3,0.5
1.309,1493.42,1245.97,1.0,VALVE_FAULT,0.3,0.5
1.31,1499.28,1254.97,1.0,VALVE_FAULT,0.3,0.5
1.311,1502.05,1238.86,1.0,VALVE_FAULT,0.3,0.5
1.312,1499.72,1256.91,1.0,VALVE_FAULT,0.3,0.5
1.313,1495.88,1251.18,1.0,VALVE_FAULT,0.3,0.5
1.314,1498.64,1244.1,1.0,VALVE_FAULT,0.3,0.5
1.315,1495.7,1251.18,1.0,VALVE_FAULT,0.3,0.5
1.316,1495.89,1266.05,1.0,VALVE_FAULT,0.3,0.5
1.317,1499.78,1255.25,1.0,VALVE_FAULT,0.3,0.5
1.318,1497.99,1243.52,1.0,VALVE_FAULT,0.3,0.5
1.319,1498.49,1256.37,1.0,VALVE_FAULT,0.3,0.5
1.32,1495.57,1255.24,1.0,VALVE_FAULT,0.3,0.5
1.321,1495.57,1252.91,1.0,VALVE_FAULT,0.3,0.5
1.322,1488.31,1244.92,1.0,VALVE_FAULT,0.3,0.5
1.323,1488.37,1241.87,1.0,VALVE_FAULT,0.3,0.5
1.324,1489.52,1256.38,1.0,VALVE_FAULT,0.3,0.5
1.325,1489.75,1249.44,1.0,VALVE_FAULT,0.3,0.5
1.326,1491.21,1246.91,1.0,VALVE_FAULT,0.3,0.5
1.327,1492.76,1245.64,1.0,VALVE_FAULT,0.3,0.5
1.328,1488.52,1249.82,1.0,VALVE_FAULT,0.3,0.5
1.329,1493.5,1258.36,1.0,VALVE_FAULT,0.3,0.5
1.33,1496.42,1246.8,1.0,VALVE_FAULT,0.3,0.5
1.331,1490.32,1254.47,1.0,VALVE_FAULT,0.3,0.5
1.332,1493.65,1240.43,1.0,VALVE_FAULT,0.3,0.5
1.333,1488.19,1245.83,1.0,VALVE_FAULT,0.3,0.5
1.334,1492.9,1252.96,1.0,VALVE_FAULT,0.3,0.5
1.335,1490.71,1253.73,1.0,VALVE_FAULT,0.3,0.5
1.336,1489.53,1254.45,1.0,VALVE_FAULT,0.3,0.5
1.337,1486.6,1246.69,1.0,VALVE_FAULT,0.3,0.5
1.338,1489.45,1244.46,1.0,VALVE_FAULT,0.3,0.5
1.339,1488.46,1240.88,1.0,VALVE_FAULT,0.3,0.5
1.34,1490.08,1249.49,1.0,VALVE_FAULT,0.3,0.5
1.341,1487.08,1247.41,1.0,VALVE_FAULT,0.3,0.5
1.342,1487.4,1251.47,1.0,VALVE_FAULT,0.3,0.5
1.343,1490.96,1252.25,1.0,VALVE_FAULT,0.3,0.5
1.344,1491.35,1242.63,1.0,VALVE_FAULT,0.3,0.5
1.345,1490.35,1247.35,1.0,VALVE_FAULT,0.3,0.5
1.346,1488.66,1255.63,1.0,VALVE_FAULT,0.3,0.5
1.347,1488.37,1253.14,1.0,VALVE_FAULT,0.3,0.5
1.348,1489.0,1252.58,1.0,VALVE_FAULT,0.3,0.5
1.349,1487.19,1255.46,1.0,VALVE_FAULT,0.3,0.5
1.35,1495.16,1252.23,1.0,VALVE_FAULT,0.3,0.5
1.351,1489.87,1243.1,1.0,VALVE_FAULT,0.3,0.5
1.352,1485.95,1256.85,1.0,VALVE_FAULT,0.3,0.5
1.353,1488.63,1255.53,1.0,VALVE_FAULT,0.3,0.5
1.354,1489.39,1246.42,1.0,VALVE_FAULT,0.3,0.5
1.355,1486.12,1241.65,1.0,VALVE_FAULT,0.3,0.5
1.356,1486.35,1247.19,1.0,VALVE_FAULT,0.3,0.5
1.357,1487.7,1256.11,1.0,VALVE_FAULT,0.3,0.5
1.358,1489.26,1259.84,1.0,VALVE_FAULT,0.3,0.5
1.359,1487.02,1250.96,1.0,VALVE_FAULT,0.3,0.5
1.36,1487.23,1241.09,1.0,VALVE_FAULT,0.3,0.5
1.361,1496.97,1247.94,1.0,VALVE_FAULT,0.3,0.5
1.362,1495.82,1255.82,1.0,VALVE_FAULT,0.3,0.5
1.363,1496.32,1252.46,1.0,VALVE_FAULT,0.3,0.5
1.364,1493.74,1256.04,1.0,VALVE_FAULT,0.3,0.5
1.365,1492.59,1260.84,1.0,VALVE_FAULT,0.3,0.5
1.366,1486.59,1255.02,1.0,VALVE_FAULT,0.3,0.5
1.367,1487.27,1246.07,1.0,VALVE_FAULT,0.3,0.5
1.368,1491.49,1252.01,1.0,VALVE_FAULT,0.3,0.5
1.369,1492.73,1256.11,1.0,VALVE_FAULT,0.3,0.5
1.37,1489.51,1250.57,1.0,VALVE_FAULT,0.3,0.5
1.371,1488.89,1254.06,1.0,VALVE_FAULT,0.3,0.5
1.372,1493.13,1252.52,1.0,VALVE_FAULT,0.3,0.5
1.373,1491.92,1252.29,1.0,VALVE_FAULT,0.3,0.5
1.374,1493.94,1241.21,1.0,VALVE_FAULT,0.3,0.5
1.375,1497.01,1246.65,1.0,VALVE_FAULT,0.3,0.5
1.376,1491.53,1247.42,1.0,VALVE_FAULT,0.3,0.5
1.377,1496.08,1253.16,1.0,VALVE_FAULT,0.3,0.5
1.378,1494.49,1252.36,1.0,VALVE_FAULT,0.3,0.5
1.379,1492.05,1239.39,1.0,VALVE_FAULT,0.3,0.5
1.38,1493.77,1254.52,1.0,VALVE_FAULT,0.3,0.5
1.381,1489.54,1256.27,1.0,VALVE_FAULT,0.3,0.5
1.382,1495.26,1249.89,1.0,VALVE_FAULT,0.3,0.5
1.383,1494.23,1251.26,1.0,VALVE_FAULT,0.3,0.5
1.384,1499.68,1251.53,1.0,VALVE_FAULT,0.3,0.5
1.385,1494.48,1244.53,1.0,VALVE_FAULT,0.3,0.5
1.386,1498.27,1244.23,1.0,VALVE_FAULT,0.3,0.5
1.387,1495.55,1253.21,1.0,VALVE_FAULT,0.3,0.5
1.388,1492.95,1244.24,1.0,VALVE_FAULT,0.3,0.5
1.389,1496.12,1248.76,1.0,VALVE_FAULT,0.3,0.5
1.39,1499.39,1242.37,1.0,VALVE_FAULT,0.3,0.5
1.391,1500.98,1247.51,1.0,VALVE_FAULT,0.3,0.5
1.392,1497.43,1251.31,1.0,VALVE_FAULT,0.3,0.5
1.393,1501.17,1244.25,1.0,VALVE_FAULT,0.3,0.5
1.394,1494.14,1258.58,1.0,VALVE_FAULT,0.3,0.5
1.395,1499.15,1239.98,1.0,VALVE_FAULT,0.3,0.5
1.396,1500.51,1244.9,1.0,VALVE_FAULT,0.3,0.5
1.397,1501.32,1251.0,1.0,VALVE_FAULT,0.3,0.5
1.398,1497.63,1244.2,1.0,VALVE_FAULT,0.3,0.5
1.399,1497.27,1248.17,1.0,VALVE_FAULT,0.3,0.5
1.4,1504.96,1249.79,1.0,VALVE_FAULT,0.3,0.5
1.401,1502.11,1243.14,1.0,VALVE_FAULT,0.3,0.5
1.402,1504.47,1258.97,1.0,VALVE_FAULT,0.3,0.5
1.403,1498.53,1249.84,1.0,VALVE_FAULT,0.3,0.5
1.404,1500.31,1250.28,1.0,VALVE_FAULT,0.3,0.5
1.405,1499.62,1254.7,1.0,VALVE_FAULT,0.3,0.5
1.406,1500.75,1253.14,1.0,VALVE_FAULT,0.3,0.5
1.407,1503.51,1245.67,1.0,VALVE_FAULT,0.3,0.5
1.408,1505.08,1244.17,1.0,VALVE_FAULT,0.3,0.5
1.409,1503.01,1250.28,1.0,VALVE_FAULT,0.3,0.5
1.41,1501.14,1251.68,1.0,VALVE_FAULT,0.3,0.5
1.411,1506.46,1249.23,1.0,VALVE_FAULT,0.3,0.5
1.412,1498.47,1252.25,1.0,VALVE_FAULT,0.3,0.5
1.413,1500.12,1254.92,1.0,VALVE_FAULT,0.3,0.5
1.414,1506.45,1250.79,1.0,VALVE_FAULT,0.3,0.5
1.415,1504.54,1262.83,1.0,VALVE_FAULT,0.3,0.5
1.416,1504.51,1250.2,1.0,VALVE_FAULT,0.3,0.5
1.417,1505.76,1253.18,1.0,VALVE_FAULT,0.3,0.5
1.418,1503.09,1242.18,1.0,VALVE_FAULT,0.3,0.5
1.419,1502.37,1243.77,1.0,VALVE_FAULT,0.3,0.5
1.42,1506.06,1250.98,1.0,VALVE_FAULT,0.3,0.5
1.421,1506.18,1248.36,1.0,VALVE_FAULT,0.3,0.5
1.422,1505.68,1249.93,1.0,VALVE_FAULT,0.3,0.5
1.423,1506.62,1247.26,1.0,VALVE_FAULT,0.3,0.5
1.424,1503.57,1252.46,1.0,VALVE_FAULT,0.3,0.5
1.425,1508.33,1255.56,1.0,VALVE_FAULT,0.3,0.5
1.426,1508.34,1256.76,1.0,VALVE_FAULT,0.3,0.5
1.427,1514.13,1243.81,1.0,VALVE_FAULT,0.3,0.5
1.428,1508.89,1253.66,1.0,VALVE_FAULT,0.3,0.5
1.429,1505.37,1257.55,1.0,VALVE_FAULT,0.3,0.5
1.43,1508.08,1252.94,1.0,VALVE_FAULT,0.3,0.5
1.431,1508.42,1245.6,1.0,VALVE_FAULT,0.3,0.5
1.432,1510.46,1255.59,1.0,VALVE_FAULT,0.3,0.5
1.433,1510.32,1247.21,1.0,VALVE_FAULT,0.3,0.5
1.434,1518.22,1246.85,1.0,VALVE_FAULT,0.3,0.5
1.435,1506.34,1245.19,1.0,VALVE_FAULT,0.3,0.5
1.436,1502.41,1247.48,1.0,VALVE_FAULT,0.3,0.5
1.437,1505.23,1251.29,1.0,VALVE_FAULT,0.3,0.5
1.438,1509.68,1243.34,1.0,VALVE_FAULT,0.3,0.5
1.439,1505.39,1252.81,1.0,VALVE_FAULT,0.3,0.5
1.44,1509.8,1252.13,1.0,VALVE_FAULT,0.3,0.5
1.441,1514.6,1254.91,1.0,VALVE_FAULT,0.3,0.5
1.442,1508.74,1247.29,1.0,VALVE_FAULT,0.3,0.5
1.443,1514.25,1245.79,1.0,VALVE_FAULT,0.3,0.5
1.444,1511.14,1247.3,1.0,VALVE_FAULT,0.3,0.5
1.445,1511.59,1251.36,1.0,VALVE_FAULT,0.3,0.5
1.446,1511.64,1247.66,1.0,VALVE_FAULT,0.3,0.5
1.447,1506.46,1250.69,1.0,VALVE_FAULT,0.3,0.5
1.448,1509.67,1251.92,1.0,VALVE_FAULT,0.3,0.5
1.449,1515.01,1249.43,1.0,VALVE_FAULT,0.3,0.5
1.45,1510.64,1246.65,1.0,VALVE_FAULT,0.3,0.5
1.451,1512.3,1248.84,1.0,VALVE_FAULT,0.3,0.5
1.452,1511.91,1251.22,1.0,VALVE_FAULT,0.3,0.5
1.453,1507.11,1244.98,1.0,VALVE_FAULT,0.3,0.5
1.454,1509.9,1249.48,1.0,VALVE_FAULT,0.3,0.5
1.455,1506.72,1237.59,1.0,VALVE_FAULT,0.3,0.5
1.456,1509.69,1239.96,1.0,VALVE_FAULT,0.3,0.5
1.457,1511.0,1249.24,1.0,VALVE_FAULT,0.3,0.5
1.458,1511.41,1240.91,1.0,VALVE_FAULT,0.3,0.5
1.459,1513.08,1255.37,1.0,VALVE_FAULT,0.3,0.5
1.46,1510.94,1249.89,1.0,VALVE_FAULT,0.3,0.5
1.461,1508.01,1257.15,1.0,VALVE_FAULT,0.3,0.5
1.462,1508.26,1258.62,1.0,VALVE_FAULT,0.3,0.5
1.463,1505.81,1244.01,1.0,VALVE_FAULT,0.3,0.5
1.464,1511.12,1251.77,1.0,VALVE_FAULT,0.3,0.5
1.465,1504.95,1242.99,1.0,VALVE_FAULT,0.3,0.5
1.466,1510.11,1250.01,1.0,VALVE_FAULT,0.3,0.5
1.467,1511.31,1244.61,1.0,VALVE_FAULT,0.3,0.5
1.468,1506.54,1242.32,1.0,VALVE_FAULT,0.3,0.5
1.469,1503.67,1243.61,1.0,VALVE_FAULT,0.3,0.5
1.47,1506.97,1253.84,1.0,VALVE_FAULT,0.3,0.5
1.471,1507.84,1246.04,1.0,VALVE_FAULT,0.3,0.5
1.472,1506.1,1247.36,1.0,VALVE_FAULT,0.3,0.5
1.473,1504.56,1257.13,1.0,VALVE_FAULT,0.3,0.5
1.474,1511.25,1246.13,1.0,VALVE_FAULT,0.3,0.5
1.475,1509.83,1250.31,1.0,VALVE_FAULT,0.3,0.5
1.476,1508.85,1251.69,1.0,VALVE_FAULT,0.3,0.5
1.477,1507.83,1253.98,1.0,VALVE_FAULT,0.3,0.5
1.478,1508.57,1240.86,1.0,VALVE_FAULT,0.3,0.5
1.479,1502.64,1255.79,1.0,VALVE_FAULT,0.3,0.5
1.48,1508.24,1254.75,1.0,VALVE_FAULT,0.3,0.5
1.481,1506.12,1256.74,1.0,VALVE_FAULT,0.3,0.5
1.482,1503.14,1245.71,1.0,VALVE_FAULT,0.3,0.5
1.483,1501.63,1249.78,1.0,VALVE_FAULT,0.3,0.5
1.484,1507.01,1257.58,1.0,VALVE_FAULT,0.3,0.5
1.485,1501.28,1255.14,1.0,VALVE_FAULT,0.3,0.5
1.486,1502.17,1251.36,1.0,VALVE_FAULT,0.3,0.5
1.487,1506.12,1249.59,1.0,VALVE_FAULT,0.3,0.5
1.488,1506.73,1244.71,1.0,VALVE_FAULT,0.3,0.5
1.489,1502.58,1244.26,1.0,VALVE_FAULT,0.3,0.5
1.49,1503.0,1255.03,1.0,VALVE_FAULT,0.3,0.5
1.491,1499.86,1250.52,1.0,VALVE_FAULT,0.3,0.5
1.492,1497.88,1246.64,1.0,VALVE_FAULT,0.3,0.5
1.493,1496.74,1239.84,1.0,VALVE_FAULT,0.3,0.5
1.494,1503.43,1255.87,1.0,VALVE_FAULT,0.3,0.5
1.495,1503.54,1247.09,1.0,VALVE_FAULT,0.3,0.5
1.496,1499.1,1241.17,1.0,VALVE_FAULT,0.3,0.5
1.497,1506.3,1255.02,1.0,VALVE_FAULT,0.3,0.5
1.498,1503.87,1254.33,1.0,VALVE_FAULT,0.3,0.5
1.499,1503.35,1248.3,1.0,VALVE_FAULT,0.3,0.5
1.5,1501.63,1245.91,1.0,VALVE_FAULT,0.3,0.5
1.501,1496.93,1248.59,1.0,VALVE_FAULT,0.3,0.5
1.502,1498.84,1242.77,1.0,VALVE_FAULT,0.3,0.5
1.503,1498.63,1257.49,1.0,VALVE_FAULT,0.3,0.5
1.504,1490.92,1247.76,1.0,VALVE_FAULT,0.3,0.5
1.505,1500.22,1248.47,1.0,VALVE_FAULT,0.3,0.5
1.506,1499.54,1250.94,1.0,VALVE_FAULT,0.3,0.5
1.507,1505.74,1245.65,1.0,VALVE_FAULT,0.3,0.5
1.508,1497.08,1255.76,1.0,VALVE_FAULT,0.3,0.5
1.509,1492.58,1250.08,1.0,VALVE_FAULT,0.3,0.5
1.51,1501.84,1244.56,1.0,VALVE_FAULT,0.3,0.5
1.511,1499.44,1244.07,1.0,VALVE_FAULT,0.3,0.5
1.512,1495.52,1253.6,1.0,VALVE_FAULT,0.3,0.5
1.513,1494.81,1253.74,1.0,VALVE_FAULT,0.3,0.5
1.514,1497.0,1246.86,1.0,VALVE_FAULT,0.3,0.5
1.515,1493.81,1242.21,1.0,VALVE_FAULT,0.3,0.5
1.516,1495.3,1245.27,1.0,VALVE_FAULT,0.3,0.5
1.517,1494.35,1247.16,1.0,VALVE_FAULT,0.3,0.5
1.518,1494.6,1259.48,1.0,VALVE_FAULT,0.3,0.5
1.519,1499.0,1247.13,1.0,VALVE_FAULT,0.3,0.5
1.52,1494.0,1243.53,1.0,VALVE_FAULT,0.3,0.5
1.521,1494.68,1250.19,1.0,VALVE_FAULT,0.3,0.5
1.522,1495.69,1241.87,1.0,VALVE_FAULT,0.3,0.5
1.523,1487.14,1243.13,1.0,VALVE_FAULT,0.3,0.5
1.524,1494.72,1246.3,1.0,VALVE_FAULT,0.3,0.5
1.525,1486.37,1241.36,1.0,VALVE_FAULT,0.3,0.5
1.526,1490.16,1252.16,1.0,VALVE_FAULT,0.3,0.5
1.527,1497.78,1251.32,1.0,VALVE_FAULT,0.3,0.5
1.528,1494.53,1255.14,1.0,VALVE_FAULT,0.3,0.5
1.529,1488.78,1242.59,1.0,VALVE_FAULT,0.3,0.5
1.53,1490.04,1253.54,1.0,VALVE_FAULT,0.3,0.5
1.531,1493.6,1241.55,1.0,VALVE_FAULT,0.3,0.5
1.532,1495.99,1252.42,1.0,VALVE_FAULT,0.3,0.5
1.533,1494.04,1244.34,1.0,VALVE_FAULT,0.3,0.5
1.534,1490.31,1242.37,1.0,VALVE_FAULT,0.3,0.5
1.535,1485.09,1250.59,1.0,VALVE_FAULT,0.3,0.5
1.536,1489.59,1253.52,1.0,VALVE_FAULT,0.3,0.5
1.537,1489.38,1241.28,1.0,VALVE_FAULT,0.3,0.5
1.538,1494.51,1245.79,1.0,VALVE_FAULT,0.3,0.5
1.539,1488.86,1250.67,1.0,VALVE_FAULT,0.3,0.5
1.54,1487.51,1242.16,1.0,VALVE_FAULT,0.3,0.5
1.541,1494.39,1240.79,1.0,VALVE_FAULT,0.3,0.5
1.542,1487.67,1248.55,1.0,VALVE_FAULT,0.3,0.5
1.543,1493.96,1256.88,1.0,VALVE_FAULT,0.3,0.5
1.544,1491.93,1251.02,1.0,VALVE_FAULT,0.3,0.5
1.545,1486.82,1247.97,1.0,VALVE_FAULT,0.3,0.5
1.546,1491.22,1251.26,1.0,VALVE_FAULT,0.3,0.5
1.547,1486.39,1253.04,1.0,VALVE_FAULT,0.3,0.5
1.548,1485.59,1243.22,1.0,VALVE_FAULT,0.3,0.5
1.549,1492.39,1246.51,1.0,VALVE_FAULT,0.3,0.5
1.55,1490.29,1245.61,1.0,VALVE_FAULT,0.3,0.5
1.551,1489.38,1253.93,1.0,VALVE_FAULT,0.3,0.5
1.552,1490.74,1248.96,1.0,VALVE_FAULT,0.3,0.5
1.553,1490.54,1249.03,1.0,VALVE_FAULT,0.3,0.5
1.554,1491.0,1256.0,1.0,VALVE_FAULT,0.3,0.5
1.555,1489.98,1251.58,1.0,VALVE_FAULT,0.3,0.5
1.556,1493.65,1247.38,1.0,VALVE_FAULT,0.3,0.5
1.557,1492.41,1258.43,1.0,VALVE_FAULT,0.3,0.5
1.558,1489.54,1256.92,1.0,VALVE_FAULT,0.3,0.5
1.559,1490.31,1247.09,1.0,VALVE_FAULT,0.3,0.5
1.56,1490.79,1245.83,1.0,VALVE_FAULT,0.3,0.5
1.561,1492.46,1240.26,1.0,VALVE_FAULT,0.3,0.5
1.562,1488.31,1238.17,1.0,VALVE_FAULT,0.3,0.5
1.563,1489.67,1250.88,1.0,VALVE_FAULT,0.3,0.5
1.564,1488.9,1243.92,1.0,VALVE_FAULT,0.3,0.5
1.565,1490.28,1247.32,1.0,VALVE_FAULT,0.3,0.5
1.566,1489.71,1246.05,1.0,VALVE_FAULT,0.3,0.5
1.567,1488.57,1254.48,1.0,VALVE_FAULT,0.3,0.5
1.568,1495.18,1246.19,1.0,VALVE_FAULT,0.3,0.5
1.569,1493.64,1251.59,1.0,VALVE_FAULT,0.3,0.5
1.57,1492.28,1245.57,1.0,VALVE_FAULT,0.3,0.5
1.571,1489.45,1252.96,1.0,VALVE_FAULT,0.3,0.5
1.572,1493.25,1249.01,1.0,VALVE_FAULT,0.3,0.5
1.573,1496.98,1251.25,1.0,VALVE_FAULT,0.3,0.5
1.574,1495.98,1245.58,1.0,VALVE_FAULT,0.3,0.5
1.575,1492.35,1244.04,1.0,VALVE_FAULT,0.3,0.5
1.576,1493.74,1244.13,1.0,VALVE_FAULT,0.3,0.5
1.577,1495.84,1248.12,1.0,VALVE_FAULT,0.3,0.5
1.578,1495.29,1247.46,1.0,VALVE_FAULT,0.3,0.5
1.579,1493.2,1252.47,1.0,VALVE_FAULT,0.3,0.5
1.58,1493.81,1245.71,1.0,VALVE_FAULT,0.3,0.5
1.581,1496.61,1242.91,1.0,VALVE_FAULT,0.3,0.5
1.582,1491.48,1248.04,1.0,VALVE_FAULT,0.3,0.5
1.583,1494.25,1245.43,1.0,VALVE_FAULT,0.3,0.5
1.584,1497.42,1245.09,1.0,VALVE_FAULT,0.3,0.5
1.585,1489.01,1255.14,1.0,VALVE_FAULT,0.3,0.5
1.586,1497.37,1255.85,1.0,VALVE_FAULT,0.3,0.5
1.587,1495.18,1251.06,1.0,VALVE_FAULT,0.3,0.5
1.588,1496.26,1237.06,1.0,VALVE_FAULT,0.3,0.5
1.589,1494.36,1255.54,1.0,VALVE_FAULT,0.3,0.5
1.59,1494.82,1243.21,1.0,VALVE_FAULT,0.3,0.5
1.591,1495.23,1243.44,1.0,VALVE_FAULT,0.3,0.5
1.592,1497.34,1247.77,1.0,VALVE_FAULT,0.3,0.5
1.593,1492.87,1254.37,1.0,VALVE_FAULT,0.3,0.5
1.594,1494.42,1244.42,1.0,VALVE_FAULT,0.3,0.5
1.595,1497.48,1242.58,1.0,VALVE_FAULT,0.3,0.5
1.596,1501.98,1254.48,1.0,VALVE_FAULT,0.3,0.5
1.597,1497.6,1253.57,1.0,VALVE_FAULT,0.3,0.5
1.598,1498.99,1247.43,1.0,VALVE_FAULT,0.3,0.5
1.599,1498.95,1251.54,1.0,VALVE_FAULT,0.3,0.5
1.6,1494.91,1255.31,1.0,VALVE_FAULT,0.3,0.5
1.601,1501.98,1253.67,1.0,VALVE_FAULT,0.3,0.5
1.602,1501.49,1253.27,1.0,VALVE_FAULT,0.3,0.5
1.603,1499.27,1252.66,1.0,VALVE_FAULT,0.3,0.5
1.604,1500.55,1259.5,1.0,VALVE_FAULT,0.3,0.5
1.605,1501.98,1247.29,1.0,VALVE_FAULT,0.3,0.5
1.606,1503.01,1253.75,1.0,VALVE_FAULT,0.3,0.5
1.607,1500.19,1249.78,1.0,VALVE_FAULT,0.3,0.5
1.608,1500.66,1251.68,1.0,VALVE_FAULT,0.3,0.5
1.609,1499.91,1247.44,1.0,VALVE_FAULT,0.3,0.5
1.61,1499.56,1252.35,1.0,VALVE_FAULT,0.3,0.5
1.611,1502.47,1251.84,1.0,VALVE_FAULT,0.3,0.5
1.612,1502.54,1244.42,1.0,VALVE_FAULT,0.3,0.5
1.613,1505.64,1247.93,1.0,VALVE_FAULT,0.3,0.5
1.614,1501.94,1255.82,1.0,VALVE_FAULT,0.3,0.5
1.615,1503.31,1246.16,1.0,VALVE_FAULT,0.3,0.5
1.616,1506.88,1250.27,1.0,VALVE_FAULT,0.3,0.5
1.617,1508.67,1244.66,1.0,VALVE_FAULT,0.3,0.5
1.618,1504.3,1248.54,1.0,VALVE_FAULT,0.3,0.5
1.619,1509.71,1251.96,1.0,VALVE_FAULT,0.3,0.5
1.62,1504.75,1246.01,1.0,VALVE_FAULT,0.3,0.5
1.621,1507.81,1254.5,1.0,VALVE_FAULT,0.3,0.5
1.622,1508.42,1245.43,1.0,VALVE_FAULT,0.3,0.5
1.623,1503.0,1256.36,1.0,VALVE_FAULT,0.3,0.5
1.624,1510.96,1256.18,1.0,VALVE_FAULT,0.3,0.5
1.625,1505.0,1240.26,1.0,VALVE_FAULT,0.3,0.5
1.626,1506.71,1255.09,1.0,VALVE_FAULT,0.3,0.5
1.627,1504.38,1249.99,1.0,VALVE_FAULT,0.3,0.5
1.628,1510.53,1250.52,1.0,VALVE_FAULT,0.3,0.5
1.629,1507.77,1243.54,1.0,VALVE_FAULT,0.3,0.5
1.63,1507.15,1256.33,1.0,VALVE_FAULT,0.3,0.5
1.631,1511.39,1248.65,1.0,VALVE_FAULT,0.3,0.5
1.632,1503.08,1252.93,1.0,VALVE_FAULT,0.3,0.5
1.633,1511.44,1244.81,1.0,VALVE_FAULT,0.3,0.5
1.634,1510.19,1237.1,1.0,VALVE_FAULT,0.3,0.5
1.635,1509.04,1249.96,1.0,VALVE_FAULT,0.3,0.5
1.636,1509.14,1251.2,1.0,VALVE_FAULT,0.3,0.5
1.637,1508.24,1243.93,1.0,VALVE_FAULT,0.3,0.5
1.638,1505.52,1250.75,1.0,VALVE_FAULT,0.3,0.5
1.639,1509.28,1245.98,1.0,VALVE_FAULT,0.3,0.5
1.64,1507.56,1241.5,1.0,VALVE_FAULT,0.3,0.5
1.641,1512.62,1252.85,1.0,VALVE_FAULT,0.3,0.5
1.642,1508.33,1251.86,1.0,VALVE_FAULT,0.3,0.5
1.643,1512.33,1243.14,1.0,VALVE_FAULT,0.3,0.5
1.644,1506.97,1246.25,1.0,VALVE_FAULT,0.3,0.5
1.645,1506.99,1244.11,1.0,VALVE_FAULT,0.3,0.5
1.646,1505.26,1259.62,1.0,VALVE_FAULT,0.3,0.5
1.647,1507.75,1250.67,1.0,VALVE_FAULT,0.3,0.5
1.648,1508.54,1260.29,1.0,VALVE_FAULT,0.3,0.5
1.649,1509.7,1248.2,1.0,VALVE_FAULT,0.3,0.5
1.65,1506.15,1248.13,1.0,VALVE_FAULT,0.3,0.5
1.651,1512.94,1243.88,1.0,VALVE_FAULT,0.3,0.5
1.652,1504.94,1256.58,1.0,VALVE_FAULT,0.3,0.5
1.653,1508.4,1248.64,1.0,VALVE_FAULT,0.3,0.5
1.654,1510.69,1247.67,1.0,VALVE_FAULT,0.3,0.5
1.655,1510.04,1250.15,1.0,VALVE_FAULT,0.3,0.5
1.656,1504.21,1246.66,1.0,VALVE_FAULT,0.3,0.5
1.657,1511.85,1248.55,1.0,VALVE_FAULT,0.3,0.5
1.658,1515.33,1246.19,1.0,VALVE_FAULT,0.3,0.5
1.659,1510.25,1253.87,1.0,VALVE_FAULT,0.3,0.5
1.66,1507.73,1251.63,1.0,VALVE_FAULT,0.3,0.5
1.661,1509.55,1254.19,1.0,VALVE_FAULT,0.3,0.5
1.662,1506.27,1243.56,1.0,VALVE_FAULT,0.3,0.5
1.663,1506.06,1246.06,1.0,VALVE_FAULT,0.3,0.5
1.664,1511.01,1245.01,1.0,VALVE_FAULT,0.3,0.5
1.665,1512.61,1242.34,1.0,VALVE_FAULT,0.3,0.5
1.666,1506.95,1249.76,1.0,VALVE_FAULT,0.3,0.5
1.667,1509.79,1250.47,1.0,VALVE_FAULT,0.3,0.5
1.668,1507.93,1263.03,1.0,VALVE_FAULT,0.3,0.5
1.669,1510.61,1249.5,1.0,VALVE_FAULT,0.3,0.5
1.67,1505.68,1255.72,1.0,VALVE_FAULT,0.3,0.5
1.671,1502.55,1248.7,1.0,VALVE_FAULT,0.3,0.5
1.672,1507.98,1256.92,1.0,VALVE_FAULT,0.3,0.5
1.673,1511.33,1245.77,1.0,VALVE_FAULT,0.3,0.5
1.674,1502.38,1252.55,1.0,VALVE_FAULT,0.3,0.5
1.675,1504.15,1260.05,1.0,VALVE_FAULT,0.3,0.5
1.676,1506.06,1255.95,1.0,VALVE_FAULT,0.3,0.5
1.677,1508.09,1238.75,1.0,VALVE_FAULT,0.3,0.5
1.678,1506.28,1243.88,1.0,VALVE_FAULT,0.3,0.5
1.679,1507.9,1246.48,1.0,VALVE_FAULT,0.3,0.5
1.68,1503.01,1249.96,1.0,VALVE_FAULT,0.3,0.5
1.681,1505.67,1247.36,1.0,VALVE_FAULT,0.3,0.5
1.682,1501.84,1244.18,1.0,VALVE_FAULT,0.3,0.5
1.683,1502.15,1249.61,1.0,VALVE_FAULT,0.3,0.5
1.684,1499.52,1247.55,1.0,VALVE_FAULT,0.3,0.5
1.685,1508.9,1250.56,1.0,VALVE_FAULT,0.3,0.5
1.686,1506.74,1257.17,1.0,VALVE_FAULT,0.3,0.5
1.687,1501.51,1244.4,1.0,VALVE_FAULT,0.3,0.5
1.688,1500.05,1242.46,1.0,VALVE_FAULT,0.3,0.5
1.689,1507.52,1245.58,1.0,VALVE_FAULT,0.3,0.5
1.69,1501.08,1253.21,1.0,VALVE_FAULT,0.3,0.5
1.691,1502.44,1247.1,1.0,VALVE_FAULT,0.3,0.5
1.692,1508.88,1242.17,1.0,VALVE_FAULT,0.3,0.5
1.693,1509.51,1253.11,1.0,VALVE_FAULT,0.3,0.5
1.694,1504.33,1242.71,1.0,VALVE_FAULT,0.3,0.5
1.695,1497.88,1251.02,1.0,VALVE_FAULT,0.3,0.5
1.696,1496.63,1250.38,1.0,VALVE_FAULT,0.3,0.5
1.697,1497.66,1248.55,1.0,VALVE_FAULT,0.3,0.5
1.698,1498.99,1246.96,1.0,VALVE_FAULT,0.3,0.5
1.699,1500.58,1246.77,1.0,VALVE_FAULT,0.3,0.5
1.7,1504.06,1249.04,1.0,VALVE_FAULT,0.3,0.5
1.701,1496.8,1251.97,1.0,VALVE_FAULT,0.3,0.5
1.702,1499.31,1253.51,1.0,VALVE_FAULT,0.3,0.5
1.703,1499.04,1255.07,1.0,VALVE_FAULT,0.3,0.5
1.704,1497.27,1245.27,1.0,VALVE_FAULT,0.3,0.5
1.705,1500.15,1252.69,1.0,VALVE_FAULT,0.3,0.5
1.706,1496.22,1260.6,1.0,VALVE_FAULT,0.3,0.5
1.707,1492.59,1249.0,1.0,VALVE_FAULT,0.3,0.5
1.708,1495.79,1248.0,1.0,VALVE_FAULT,0.3,0.5
1.709,1496.68,1248.47,1.0,VALVE_FAULT,0.3,0.5
1.71,1500.34,1253.32,1.0,VALVE_FAULT,0.3,0.5
1.711,1498.4,1243.22,1.0,VALVE_FAULT,0.3,0.5
1.712,1498.04,1248.44,1.0,VALVE_FAULT,0.3,0.5
1.713,1497.3,1250.93,1.0,VALVE_FAULT,0.3,0.5
1.714,1493.49,1255.64,1.0,VALVE_FAULT,0.3,0.5
1.715,1495.27,1249.13,1.0,VALVE_FAULT,0.3,0.5
1.716,1494.89,1247.44,1.0,VALVE_FAULT,0.3,0.5
1.717,1488.82,1246.42,1.0,VALVE_FAULT,0.3,0.5
1.718,1494.12,1244.68,1.0,VALVE_FAULT,0.3,0.5
1.719,1495.59,1251.37,1.0,VALVE_FAULT,0.3,0.5
1.72,1494.69,1252.09,1.0,VALVE_FAULT,0.3,0.5
1.721,1498.12,1242.88,1.0,VALVE_FAULT,0.3,0.5
1.722,1495.5,1258.36,1.0,VALVE_FAULT,0.3,0.5
1.723,1497.99,1252.87,1.0,VALVE_FAULT,0.3,0.5
1.724,1488.72,1243.98,1.0,VALVE_FAULT,0.3,0.5
1.725,1495.07,1248.99,1.0,VALVE_FAULT,0.3,0.5
1.726,1492.88,1250.29,1.0,VALVE_FAULT,0.3,0.5
1.727,1492.32,1250.6,1.0,VALVE_FAULT,0.3,0.5
1.728,1491.58,1246.78,1.0,VALVE_FAULT,0.3,0.5
1.729,1491.64,1255.68,1.0,VALVE_FAULT,0.3,0.5
1.73,1490.26,1251.81,1.0,VALVE_FAULT,0.3,0.5
1.731,1492.7,1259.88,1.0,VALVE_FAULT,0.3,0.5
1.732,1492.43,1250.36,1.0,VALVE_FAULT,0.3,0.5
1.733,1485.55,1245.69,1.0,VALVE_FAULT,0.3,0.5
1.734,1484.47,1243.97,1.0,VALVE_FAULT,0.3,0.5
1.735,1492.71,1239.22,1.0,VALVE_FAULT,0.3,0.5
1.736,1488.91,1253.35,1.0,VALVE_FAULT,0.3,0.5
1.737,1490.05,1252.41,1.0,VALVE_FAULT,0.3,0.5
1.738,1489.84,1246.78,1.0,VALVE_FAULT,0.3,0.5
1.739,1493.16,1247.08,1.0,VALVE_FAULT,0.3,0.5
1.74,1494.38,1245.21,1.0,VALVE_FAULT,0.3,0.5
1.741,1487.08,1253.12,1.0,VALVE_FAULT,0.3,0.5
1.742,1492.42,1251.31,1.0,VALVE_FAULT,0.3,0.5
1.743,1487.26,1257.67,1.0,VALVE_FAULT,0.3,0.5
1.744,1495.28,1255.0,1.0,VALVE_FAULT,0.3,0.5
1.745,1492.02,1251.39,1.0,VALVE_FAULT,0.3,0.5
1.746,1486.33,1247.44,1.0,VALVE_FAULT,0.3,0.5
1.747,1486.97,1251.72,1.0,VALVE_FAULT,0.3,0.5
1.748,1486.37,1257.8,1.0,VALVE_FAULT,0.3,0.5
1.749,1487.83,1243.61,1.0,VALVE_FAULT,0.3,0.5
1.75,1490.15,1244.01,1.0,VALVE_FAULT,0.3,0.5
1.751,1491.99,1250.63,1.0,VALVE_FAULT,0.3,0.5
1.752,1492.7,1259.15,1.0,VALVE_FAULT,0.3,0.5
1.753,1489.62,1253.41,1.0,VALVE_FAULT,0.3,0.5
1.754,1489.19,1248.83,1.0,VALVE_FAULT,0.3,0.5
1.755,1486.39,1243.26,1.0,VALVE_FAULT,0.3,0.5
1.756,1490.02,1252.27,1.0,VALVE_FAULT,0.3,0.5
1.757,1487.42,1249.67,1.0,VALVE_FAULT,0.3,0.5
1.758,1492.82,1247.45,1.0,VALVE_FAULT,0.3,0.5
1.759,1494.04,1246.21,1.0,VALVE_FAULT,0.3,0.5
1.76,1493.22,1248.24,1.0,VALVE_FAULT,0.3,0.5
1.761,1490.25,1241.54,1.0,VALVE_FAULT,0.3,0.5
1.762,1493.87,1252.72,1.0,VALVE_FAULT,0.3,0.5
1.763,1488.5,1243.12,1.0,VALVE_FAULT,0.3,0.5
1.764,1496.37,1248.53,1.0,VALVE_FAULT,0.3,0.5
1.765,1492.37,1251.13,1.0,VALVE_FAULT,0.3,0.5
1.766,1491.12,1240.05,1.0,VALVE_FAULT,0.3,0.5
1.767,1490.72,1252.25,1.0,VALVE_FAULT,0.3,0.5
1.768,1493.29,1249.78,1.0,VALVE_FAULT,0.3,0.5
1.769,1494.21,1249.28,1.0,VALVE_FAULT,0.3,0.5
1.77,1487.61,1262.14,1.0,VALVE_FAULT,0.3,0.5
1.771,1496.33,1244.66,1.0,VALVE_FAULT,0.3,0.5
1.772,1486.91,1251.71,1.0,VALVE_FAULT,0.3,0.5
1.773,1493.46,1245.32,1.0,VALVE_FAULT,0.3,0.5
1.774,1488.67,1253.26,1.0,VALVE_FAULT,0.3,0.5
1.775,1495.13,1249.01,1.0,VALVE_FAULT,0.3,0.5
1.776,1493.24,1250.95,1.0,VALVE_FAULT,0.3,0.5
1.777,1499.2,1248.47,1.0,VALVE_FAULT,0.3,0.5
1.778,1496.6,1248.62,1.0,VALVE_FAULT,0.3,0.5
1.779,1489.89,1251.36,1.0,VALVE_FAULT,0.3,0.5
1.78,1496.77,1253.58,1.0,VALVE_FAULT,0.3,0.5
1.781,1493.84,1240.59,1.0,VALVE_FAULT,0.3,0.5
1.782,1493.58,1247.58,1.0,VALVE_FAULT,0.3,0.5
1.783,1494.62,1244.97,1.0,VALVE_FAULT,0.3,0.5
1.784,1494.12,1244.4,1.0,VALVE_FAULT,0.3,0.5
1.785,1491.03,1258.17,1.0,VALVE_FAULT,0.3,0.5
1.786,1496.12,1255.16,1.0,VALVE_FAULT,0.3,0.5
1.787,1491.85,1245.43,1.0,VALVE_FAULT,0.3,0.5
1.788,1499.74,1251.01,1.0,VALVE_FAULT,0.3,0.5
1.789,1499.71,1249.33,1.0,VALVE_FAULT,0.3,0.5
1.79,1494.14,1245.88,1.0,VALVE_FAULT,0.3,0.5
1.791,1490.78,1246.31,1.0,VALVE_FAULT,0.3,0.5
1.792,1496.46,1247.94,1.0,VALVE_FAULT,0.3,0.5
1.793,1495.94,1260.91,1.0,VALVE_FAULT,0.3,0.5
1.794,1492.74,1262.26,1.0,VALVE_FAULT,0.3,0.5
1.795,1499.68,1255.14,1.0,VALVE_FAULT,0.3,0.5
1.796,1496.69,1251.65,1.0,VALVE_FAULT,0.3,0.5
1.797,1500.86,1243.31,1.0,VALVE_FAULT,0.3,0.5
1.798,1496.16,1254.67,1.0,VALVE_FAULT,0.3,0.5
1.799,1500.65,1241.64,1.0,VALVE_FAULT,0.3,0.5
1.8,1502.23,1249.6,0.0,VALVE_FAULT,0.3,0.5
1.801,1499.91,1211.66,0.0,VALVE_FAULT,0.3,0.5
1.802,1500.41,1174.98,0.0,VALVE_FAULT,0.3,0.5
1.803,1500.11,1139.5,0.0,VALVE_FAULT,0.3,0.5
1.804,1499.37,1105.2,0.0,VALVE_FAULT,0.3,0.5
1.805,1506.64,1072.03,0.0,VALVE_FAULT,0.3,0.5
1.806,1503.96,1039.95,0.0,VALVE_FAULT,0.3,0.5
1.807,1502.91,1008.93,0.0,VALVE_FAULT,0.3,0.5
1.808,1508.05,978.94,0.0,VALVE_FAULT,0.3,0.5
1.809,1500.45,949.93,0.0,VALVE_FAULT,0.3,0.5
1.81,1503.61,921.88,0.0,VALVE_FAULT,0.3,0.5
1.811,1500.57,894.76,0.0,VALVE_FAULT,0.3,0.5
1.812,1504.96,868.53,0.0,VALVE_FAULT,0.3,0.5
1.813,1504.08,843.17,0.0,VALVE_FAULT,0.3,0.5
1.814,1504.02,818.65,0.0,VALVE_FAULT,0.3,0.5
1.815,1500.87,794.93,0.0,VALVE_FAULT,0.3,0.5
1.816,1502.45,772.0,0.0,VALVE_FAULT,0.3,0.5
1.817,1503.14,749.82,0.0,VALVE_FAULT,0.3,0.5
1.818,1498.41,728.38,0.0,VALVE_FAULT,0.3,0.5
1.819,1504.8,707.64,0.0,VALVE_FAULT,0.3,0.5
1.82,1505.67,687.59,0.0,VALVE_FAULT,0.3,0.5
1.821,1504.01,668.2,0.0,VALVE_FAULT,0.3,0.5
1.822,1507.22,649.45,0.0,VALVE_FAULT,0.3,0.5
1.823,1511.76,631.32,0.0,VALVE_FAULT,0.3,0.5
1.824,1504.1,613.78,0.0,VALVE_FAULT,0.3,0.5
1.825,1507.61,596.83,0.0,VALVE_FAULT,0.3,0.5
1.826,1504.15,580.43,0.0,VALVE_FAULT,0.3,0.5
1.827,1502.24,564.58,0.0,VALVE_FAULT,0.3,0.5
1.828,1506.4,549.25,0.0,VALVE_FAULT,0.3,0.5
1.829,1508.85,534.42,0.0,VALVE_FAULT,0.3,0.5
1.83,1515.6,520.09,0.0,VALVE_FAULT,0.3,0.5
1.831,1505.81,506.22,0.0,VALVE_FAULT,0.3,0.5
1.832,1507.66,492.82,0.0,VALVE_FAULT,0.3,0.5
1.833,1506.42,479.85,0.0,VALVE_FAULT,0.3,0.5
1.834,1515.14,467.32,0.0,VALVE_FAULT,0.3,0.5
1.835,1511.48,455.2,0.0,VALVE_FAULT,0.3,0.5
1.836,1509.33,443.48,0.0,VALVE_FAULT,0.3,0.5
1.837,1507.58,432.14,0.0,VALVE_FAULT,0.3,0.5
1.838,1514.94,421.18,0.0,VALVE_FAULT,0.3,0.5
1.839,1506.14,410.58,0.0,VALVE_FAULT,0.3,0.5
1.84,1506.11,400.33,0.0,VALVE_FAULT,0.3,0.5
1.841,1506.2,390.42,0.0,VALVE_FAULT,0.3,0.5
1.842,1501.15,380.84,0.0,VALVE_FAULT,0.3,0.5
1.843,1509.85,371.57,0.0,VALVE_FAULT,0.3,0.5
1.844,1508.13,362.61,0.0,VALVE_FAULT,0.3,0.5
1.845,1506.86,353.94,0.0,VALVE_FAULT,0.3,0.5
1.846,1514.33,345.56,0.0,VALVE_FAULT,0.3,0.5
1.847,1508.36,337.46,0.0,VALVE_FAULT,0.3,0.5
1.848,1511.47,329.62,0.0,VALVE_FAULT,0.3,0.5
1.849,1510.57,322.04,0.0,VALVE_FAULT,0.3,0.5
1.85,1509.68,314.72,0.0,VALVE_FAULT,0.3,0.5
1.851,1515.05,307.63,0.0,VALVE_FAULT,0.3,0.5
1.852,1509.59,300.78,0.0,VALVE_FAULT,0.3,0.5
1.853,1506.51,294.15,0.0,VALVE_FAULT,0.3,0.5
1.854,1511.16,287.75,0.0,VALVE_FAULT,0.3,0.5
1.855,1511.55,281.55,0.0,VALVE_FAULT,0.3,0.5
1.856,1513.35,275.56,0.0,VALVE_FAULT,0.3,0.5
1.857,1513.92,269.77,0.0,VALVE_FAULT,0.3,0.5
1.858,1510.28,264.16,0.0,VALVE_FAULT,0.3,0.5
1.859,1506.87,258.75,0.0,VALVE_FAULT,0.3,0.5
1.86,1512.71,253.51,0.0,VALVE_FAULT,0.3,0.5
1.861,1505.36,248.44,0.0,VALVE_FAULT,0.3,0.5
1.862,1512.02,243.54,0.0,VALVE_FAULT,0.3,0.5
1.863,1509.53,238.81,0.0,VALVE_FAULT,0.3,0.5
1.864,1512.48,234.23,0.0,VALVE_FAULT,0.3,0.5
1.865,1506.25,229.8,0.0,VALVE_FAULT,0.3,0.5
1.866,1510.25,225.51,0.0,VALVE_FAULT,0.3,0.5
1.867,1507.13,221.37,0.0,VALVE_FAULT,0.3,0.5
1.868,1508.21,217.37,0.0,VALVE_FAULT,0.3,0.5
1.869,1515.37,213.49,0.0,VALVE_FAULT,0.3,0.5
1.87,1512.32,209.75,0.0,VALVE_FAULT,0.3,0.5
1.871,1507.97,206.13,0.0,VALVE_FAULT,0.3,0.5
1.872,1510.1,202.62,0.0,VALVE_FAULT,0.3,0.5
1.873,1505.73,199.24,0.0,VALVE_FAULT,0.3,0.5
1.874,1507.83,195.96,0.0,VALVE_FAULT,0.3,0.5
1.875,1500.82,192.79,0.0,VALVE_FAULT,0.3,0.5
1.876,1503.98,189.73,0.0,VALVE_FAULT,0.3,0.5
1.877,1505.93,186.77,0.0,VALVE_FAULT,0.3,0.5
1.878,1503.11,183.91,0.0,VALVE_FAULT,0.3,0.5
1.879,1502.26,181.14,0.0,VALVE_FAULT,0.3,0.5
1.88,1512.98,178.46,0.0,VALVE_FAULT,0.3,0.5
1.881,1506.58,175.87,0.0,VALVE_FAULT,0.3,0.5
1.882,1504.58,173.37,0.0,VALVE_FAULT,0.3,0.5
1.883,1504.71,170.95,0.0,VALVE_FAULT,0.3,0.5
1.884,1507.5,168.61,0.0,VALVE_FAULT,0.3,0.5
1.885,1504.49,166.34,0.0,VALVE_FAULT,0.3,0.5
1.886,1503.82,164.15,0.0,VALVE_FAULT,0.3,0.5
1.887,1501.31,162.04,0.0,VALVE_FAULT,0.3,0.5
1.888,1502.62,159.99,0.0,VALVE_FAULT,0.3,0.5
1.889,1502.75,158.01,0.0,VALVE_FAULT,0.3,0.5
1.89,1508.15,156.09,0.0,VALVE_FAULT,0.3,0.5
1.891,1506.95,154.24,0.0,VALVE_FAULT,0.3,0.5
1.892,1507.31,152.45,0.0,VALVE_FAULT,0.3,0.5
1.893,1501.17,150.72,0.0,VALVE_FAULT,0.3,0.5
1.894,1502.46,149.05,0.0,VALVE_FAULT,0.3,0.5
1.895,1495.17,147.43,0.0,VALVE_FAULT,0.3,0.5
1.896,1502.33,145.86,0.0,VALVE_FAULT,0.3,0.5
1.897,1503.47,144.35,0.0,VALVE_FAULT,0.3,0.5
1.898,1500.28,142.89,0.0,VALVE_FAULT,0.3,0.5
1.899,1497.82,141.47,0.0,VALVE_FAULT,0.3,0.5
1.9,1499.19,140.1,0.0,VALVE_FAULT,0.3,0.5
1.901,1504.85,138.78,0.0,VALVE_FAULT,0.3,0.5
1.902,1499.23,137.5,0.0,VALVE_FAULT,0.3,0.5
1.903,1498.52,136.26,0.0,VALVE_FAULT,0.3,0.5
1.904,1496.63,135.07,0.0,VALVE_FAULT,0.3,0.5
1.905,1492.85,133.91,0.0,VALVE_FAULT,0.3,0.5
1.906,1500.58,132.79,0.0,VALVE_FAULT,0.3,0.5
1.907,1497.49,131.71,0.0,VALVE_FAULT,0.3,0.5
1.908,1493.83,130.66,0.0,VALVE_FAULT,0.3,0.5
1.909,1497.45,129.65,0.0,VALVE_FAULT,0.3,0.5
1.91,1492.26,128.67,0.0,VALVE_FAULT,0.3,0.5
1.911,1490.75,127.73,0.0,VALVE_FAULT,0.3,0.5
1.912,1494.17,126.81,0.0,VALVE_FAULT,0.3,0.5
1.913,1494.97,125.93,0.0,VALVE_FAULT,0.3,0.5
1.914,1492.88,125.07,0.0,VALVE_FAULT,0.3,0.5
1.915,1493.05,124.24,0.0,VALVE_FAULT,0.3,0.5
1.916,1494.32,123.44,0.0,VALVE_FAULT,0.3,0.5
1.917,1492.94,122.67,0.0,VALVE_FAULT,0.3,0.5
1.918,1493.72,121.92,0.0,VALVE_FAULT,0.3,0.5
1.919,1494.06,121.2,0.0,VALVE_FAULT,0.3,0.5
1.92,1490.83,120.5,0.0,VALVE_FAULT,0.3,0.5
1.921,1491.51,119.82,0.0,VALVE_FAULT,0.3,0.5
1.922,1495.04,119.17,0.0,VALVE_FAULT,0.3,0.5
1.923,1489.69,118.53,0.0,VALVE_FAULT,0.3,0.5
1.924,1494.02,117.92,0.0,VALVE_FAULT,0.3,0.5
1.925,1489.89,117.33,0.0,VALVE_FAULT,0.3,0.5
1.926,1490.01,116.76,0.0,VALVE_FAULT,0.3,0.5
1.927,1494.28,116.21,0.0,VALVE_FAULT,0.3,0.5
1.928,1489.29,115.67,0.0,VALVE_FAULT,0.3,0.5
1.929,1494.11,115.15,0.0,VALVE_FAULT,0.3,0.5
1.93,1495.77,114.65,0.0,VALVE_FAULT,0.3,0.5
1.931,1490.22,114.17,0.0,VALVE_FAULT,0.3,0.5
1.932,1498.18,113.7,0.0,VALVE_FAULT,0.3,0.5
1.933,1491.3,113.25,0.0,VALVE_FAULT,0.3,0.5
1.934,1494.08,112.81,0.0,VALVE_FAULT,0.3,0.5
1.935,1489.53,112.39,0.0,VALVE_FAULT,0.3,0.5
1.936,1490.21,111.98,0.0,VALVE_FAULT,0.3,0.5
1.937,1494.37,111.59,0.0,VALVE_FAULT,0.3,0.5
1.938,1492.22,111.2,0.0,VALVE_FAULT,0.3,0.5
1.939,1484.97,110.83,0.0,VALVE_FAULT,0.3,0.5
1.94,1491.27,110.48,0.0,VALVE_FAULT,0.3,0.5
1.941,1496.79,110.13,0.0,VALVE_FAULT,0.3,0.5
1.942,1486.19,109.8,0.0,VALVE_FAULT,0.3,0.5
1.943,1495.05,109.47,0.0,VALVE_FAULT,0.3,0.5
1.944,1491.44,109.16,0.0,VALVE_FAULT,0.3,0.5
1.945,1487.75,108.86,0.0,VALVE_FAULT,0.3,0.5
1.946,1491.44,108.57,0.0,VALVE_FAULT,0.3,0.5
1.947,1494.02,108.28,0.0,VALVE_FAULT,0.3,0.5
1.948,1490.88,108.01,0.0,VALVE_FAULT,0.3,0.5
1.949,1496.38,107.75,0.0,VALVE_FAULT,0.3,0.5
1.95,1492.74,99.83,0.0,VALVE_FAULT,0.3,0.5
1.951,1483.3,101.41,0.0,VALVE_FAULT,0.3,0.5
1.952,1494.46,99.46,0.0,VALVE_FAULT,0.3,0.5
1.953,1493.77,99.25,0.0,VALVE_FAULT,0.3,0.5
1.954,1488.47,98.62,0.0,VALVE_FAULT,0.3,0.5
1.955,1495.55,99.91,0.0,VALVE_FAULT,0.3,0.5
1.956,1489.31,100.54,0.0,VALVE_FAULT,0.3,0.5
1.957,1491.83,100.22,0.0,VALVE_FAULT,0.3,0.5
1.958,1491.2,100.5,0.0,VALVE_FAULT,0.3,0.5
1.959,1487.07,99.09,0.0,VALVE_FAULT,0.3,0.5
1.96,1486.84,96.63,0.0,VALVE_FAULT,0.3,0.5
1.961,1488.09,97.8,0.0,VALVE_FAULT,0.3,0.5
1.962,1485.9,102.42,0.0,VALVE_FAULT,0.3,0.5
1.963,1488.66,101.19,0.0,VALVE_FAULT,0.3,0.5
1.964,1489.58,103.68,0.0,VALVE_FAULT,0.3,0.5
1.965,1487.5,101.28,0.0,VALVE_FAULT,0.3,0.5
1.966,1486.29,99.12,0.0,VALVE_FAULT,0.3,0.5
1.967,1496.05,99.38,0.0,VALVE_FAULT,0.3,0.5
1.968,1492.42,98.64,0.0,VALVE_FAULT,0.3,0.5
1.969,1495.38,100.3,0.0,VALVE_FAULT,0.3,0.5
1.97,1493.54,101.5,0.0,VALVE_FAULT,0.3,0.5
1.971,1491.88,100.8,0.0,VALVE_FAULT,0.3,0.5
1.972,1493.93,100.22,0.0,VALVE_FAULT,0.3,0.5
1.973,1493.6,101.27,0.0,VALVE_FAULT,0.3,0.5
1.974,1497.13,98.52,0.0,VALVE_FAULT,0.3,0.5
1.975,1494.23,97.67,0.0,VALVE_FAULT,0.3,0.5
1.976,1491.55,98.67,0.0,VALVE_FAULT,0.3,0.5
1.977,1490.17,102.32,0.0,VALVE_FAULT,0.3,0.5
1.978,1494.06,99.43,0.0,VALVE_FAULT,0.3,0.5
1.979,1499.43,100.11,0.0,VALVE_FAULT,0.3,0.5
1.98,1490.15,100.91,0.0,VALVE_FAULT,0.3,0.5
1.981,1490.03,101.53,0.0,VALVE_FAULT,0.3,0.5
1.982,1492.03,100.1,0.0,VALVE_FAULT,0.3,0.5
1.983,1496.53,100.15,0.0,VALVE_FAULT,0.3,0.5
1.984,1497.16,96.07,0.0,VALVE_FAULT,0.3,0.5
1.985,1495.92,98.29,0.0,VALVE_FAULT,0.3,0.5
1.986,1498.05,100.05,0.0,VALVE_FAULT,0.3,0.5
1.987,1498.42,100.2,0.0,VALVE_FAULT,0.3,0.5
1.988,1498.71,96.49,0.0,VALVE_FAULT,0.3,0.5
1.989,1496.3,100.09,0.0,VALVE_FAULT,0.3,0.5
1.99,1500.35,101.09,0.0,VALVE_FAULT,0.3,0.5
1.991,1499.33,99.74,0.0,VALVE_FAULT,0.3,0.5
1.992,1502.41,98.35,0.0,VALVE_FAULT,0.3,0.5
1.993,1488.72,99.45,0.0,VALVE_FAULT,0.3,0.5
1.994,1498.42,101.66,0.0,VALVE_FAULT,0.3,0.5
1.995,1496.46,100.49,0.0,VALVE_FAULT,0.3,0.5
1.996,1495.19,102.33,0.0,VALVE_FAULT,0.3,0.5
1.997,1496.97,99.61,0.0,VALVE_FAULT,0.3,0.5
1.998,1499.81,100.48,0.0,VALVE_FAULT,0.3,0.5
1.999,1499.42,100.25,0.0,VALVE_FAULT,0.3,0.5
2.0,1494.3,98.47,0.0,VALVE_FAULT,0.3,0.5
2.001,1498.58,97.55,0.0,VALVE_FAULT,0.3,0.5
2.002,1501.19,100.81,0.0,VALVE_FAULT,0.3,0.5
2.003,1503.13,101.26,0.0,VALVE_FAULT,0.3,0.5
2.004,1502.79,105.51,0.0,VALVE_FAULT,0.3,0.5
2.005,1502.56,99.28,0.0,VALVE_FAULT,0.3,0.5
2.006,1503.67,97.95,0.0,VALVE_FAULT,0.3,0.5
2.007,1502.29,99.97,0.0,VALVE_FAULT,0.3,0.5
2.008,1506.5,98.15,0.0,VALVE_FAULT,0.3,0.5
2.009,1503.59,97.38,0.0,VALVE_FAULT,0.3,0.5
2.01,1501.71,100.67,0.0,VALVE_FAULT,0.3,0.5
2.011,1507.61,100.3,0.0,VALVE_FAULT,0.3,0.5
2.012,1502.14,101.52,0.0,VALVE_FAULT,0.3,0.5
2.013,1505.91,100.91,0.0,VALVE_FAULT,0.3,0.5
2.014,1504.17,100.75,0.0,VALVE_FAULT,0.3,0.5
2.015,1502.03,100.31,0.0,VALVE_FAULT,0.3,0.5
2.016,1500.52,99.13,0.0,VALVE_FAULT,0.3,0.5
2.017,1506.74,100.7,0.0,VALVE_FAULT,0.3,0.5
2.018,1503.63,96.59,0.0,VALVE_FAULT,0.3,0.5
2.019,1505.56,99.31,0.0,VALVE_FAULT,0.3,0.5
2.02,1506.88,98.73,0.0,VALVE_FAULT,0.3,0.5
2.021,1506.35,102.24,0.0,VALVE_FAULT,0.3,0.5
2.022,1500.67,100.84,0.0,VALVE_FAULT,0.3,0.5
2.023,1507.34,98.15,0.0,VALVE_FAULT,0.3,0.5
2.024,1507.53,99.73,0.0,VALVE_FAULT,0.3,0.5
2.025,1506.62,97.75,0.0,VALVE_FAULT,0.3,0.5
2.026,1508.13,101.57,0.0,VALVE_FAULT,0.3,0.5
2.027,1506.15,98.96,0.0,VALVE_FAULT,0.3,0.5
2.028,1507.77,98.25,0.0,VALVE_FAULT,0.3,0.5
2.029,1511.47,97.08,0.0,VALVE_FAULT,0.3,0.5
2.03,1509.8,99.76,0.0,VALVE_FAULT,0.3,0.5
2.031,1506.91,98.7,0.0,VALVE_FAULT,0.3,0.5
2.032,1505.36,101.79,0.0,VALVE_FAULT,0.3,0.5
2.033,1507.93,100.86,0.0,VALVE_FAULT,0.3,0.5
2.034,1506.63,98.67,0.0,VALVE_FAULT,0.3,0.5
2.035,1510.0,101.89,0.0,VALVE_FAULT,0.3,0.5
2.036,1507.16,99.49,0.0,VALVE_FAULT,0.3,0.5
2.037,1508.73,100.27,0.0,VALVE_FAULT,0.3,0.5
2.038,1505.45,98.96,0.0,VALVE_FAULT,0.3,0.5
2.039,1506.06,101.41,0.0,VALVE_FAULT,0.3,0.5
2.04,1507.56,99.99,0.0,VALVE_FAULT,0.3,0.5
2.041,1509.03,104.07,0.0,VALVE_FAULT,0.3,0.5
2.042,1505.31,100.46,0.0,VALVE_FAULT,0.3,0.5
2.043,1507.27,102.08,0.0,VALVE_FAULT,0.3,0.5
2.044,1514.78,102.66,0.0,VALVE_FAULT,0.3,0.5
2.045,1513.47,95.98,0.0,VALVE_FAULT,0.3,0.5
2.046,1513.2,101.88,0.0,VALVE_FAULT,0.3,0.5
2.047,1508.71,100.6,0.0,VALVE_FAULT,0.3,0.5
2.048,1510.97,100.32,0.0,VALVE_FAULT,0.3,0.5
2.049,1512.98,98.04,0.0,VALVE_FAULT,0.3,0.5
2.05,1514.0,101.41,0.0,VALVE_FAULT,0.3,0.5
2.051,1511.88,100.39,0.0,VALVE_FAULT,0.3,0.5
2.052,1510.66,99.85,0.0,VALVE_FAULT,0.3,0.5
2.053,1502.95,100.53,0.0,VALVE_FAULT,0.3,0.5
2.054,1508.59,98.51,0.0,VALVE_FAULT,0.3,0.5
2.055,1505.16,99.87,0.0,VALVE_FAULT,0.3,0.5
2.056,1511.99,99.02,0.0,VALVE_FAULT,0.3,0.5
2.057,1513.75,100.89,0.0,VALVE_FAULT,0.3,0.5
2.058,1512.48,100.74,0.0,VALVE_FAULT,0.3,0.5
2.059,1506.3,101.02,0.0,VALVE_FAULT,0.3,0.5
2.06,1502.34,98.69,0.0,VALVE_FAULT,0.3,0.5
2.061,1508.85,99.91,0.0,VALVE_FAULT,0.3,0.5
2.062,1507.35,100.12,0.0,VALVE_FAULT,0.3,0.5
2.063,1512.1,101.32,0.0,VALVE_FAULT,0.3,0.5
2.064,1503.84,100.36,0.0,VALVE_FAULT,0.3,0.5
2.065,1509.34,102.69,0.0,VALVE_FAULT,0.3,0.5
2.066,1514.74,98.65,0.0,VALVE_FAULT,0.3,0.5
2.067,1505.98,98.9,0.0,VALVE_FAULT,0.3,0.5
2.068,1504.17,100.08,0.0,VALVE_FAULT,0.3,0.5
2.069,1507.32,100.56,0.0,VALVE_FAULT,0.3,0.5
2.07,1511.6,101.44,0.0,VALVE_FAULT,0.3,0.5
2.071,1506.33,100.87,0.0,VALVE_FAULT,0.3,0.5
2.072,1507.51,102.47,0.0,VALVE_FAULT,0.3,0.5
2.073,1505.14,98.58,0.0,VALVE_FAULT,0.3,0.5
2.074,1503.61,101.34,0.0,VALVE_FAULT,0.3,0.5
2.075,1502.85,102.68,0.0,VALVE_FAULT,0.3,0.5
2.076,1508.79,100.17,0.0,VALVE_FAULT,0.3,0.5
2.077,1503.29,100.11,0.0,VALVE_FAULT,0.3,0.5
2.078,1504.99,100.1,0.0,VALVE_FAULT,0.3,0.5
2.079,1503.52,102.18,0.0,VALVE_FAULT,0.3,0.5
2.08,1504.51,99.63,0.0,VALVE_FAULT,0.3,0.5
2.081,1506.88,97.74,0.0,VALVE_FAULT,0.3,0.5
2.082,1502.66,102.0,0.0,VALVE_FAULT,0.3,0.5
2.083,1503.7,96.8,0.0,VALVE_FAULT,0.3,0.5
2.084,1507.38,99.74,0.0,VALVE_FAULT,0.3,0.5
2.085,1506.02,101.15,0.0,VALVE_FAULT,0.3,0.5
2.086,1506.36,97.65,0.0,VALVE_FAULT,0.3,0.5
2.087,1505.26,96.13,0.0,VALVE_FAULT,0.3,0.5
2.088,1505.49,99.91,0.0,VALVE_FAULT,0.3,0.5
2.089,1502.93,98.81,0.0,VALVE_FAULT,0.3,0.5
2.09,1499.48,98.32,0.0,VALVE_FAULT,0.3,0.5
2.091,1501.11,99.48,0.0,VALVE_FAULT,0.3,0.5
2.092,1503.9,101.37,0.0,VALVE_FAULT,0.3,0.5
2.093,1502.84,102.5,0.0,VALVE_FAULT,0.3,0.5
2.094,1501.38,102.37,0.0,VALVE_FAULT,0.3,0.5
2.095,1502.05,102.1,0.0,VALVE_FAULT,0.3,0.5
2.096,1505.03,99.83,0.0,VALVE_FAULT,0.3,0.5
2.097,1501.57,99.68,0.0,VALVE_FAULT,0.3,0.5
2.098,1504.66,101.2,0.0,VALVE_FAULT,0.3,0.5
2.099,1497.51,97.85,0.0,VALVE_FAULT,0.3,0.5
2.1,1496.65,97.56,0.0,VALVE_FAULT,0.3,0.5
2.101,1503.44,100.88,0.0,VALVE_FAULT,0.3,0.5
2.102,1500.67,102.27,0.0,VALVE_FAULT,0.3,0.5
2.103,1501.73,101.08,0.0,VALVE_FAULT,0.3,0.5
2.104,1500.37,100.92,0.0,VALVE_FAULT,0.3,0.5
2.105,1493.28,98.47,0.0,VALVE_FAULT,0.3,0.5
2.106,1495.66,97.57,0.0,VALVE_FAULT,0.3,0.5
2.107,1497.49,101.52,0.0,VALVE_FAULT,0.3,0.5
2.108,1492.78,97.6,0.0,VALVE_FAULT,0.3,0.5
2.109,1496.08,98.08,0.0,VALVE_FAULT,0.3,0.5
2.11,1498.04,99.04,0.0,VALVE_FAULT,0.3,0.5
2.111,1495.67,97.82,0.0,VALVE_FAULT,0.3,0.5
2.112,1498.44,99.74,0.0,VALVE_FAULT,0.3,0.5
2.113,1492.73,100.35,0.0,VALVE_FAULT,0.3,0.5
2.114,1496.43,101.59,0.0,VALVE_FAULT,0.3,0.5
2.115,1492.77,98.22,0.0,VALVE_FAULT,0.3,0.5
2.116,1491.33,100.18,0.0,VALVE_FAULT,0.3,0.5
2.117,1496.96,96.36,0.0,VALVE_FAULT,0.3,0.5
2.118,1496.57,98.76,0.0,VALVE_FAULT,0.3,0.5
2.119,1499.24,98.58,0.0,VALVE_FAULT,0.3,0.5
2.12,1497.78,97.92,0.0,VALVE_FAULT,0.3,0.5
2.121,1488.53,100.9,0.0,VALVE_FAULT,0.3,0.5
2.122,1496.96,101.91,0.0,VALVE_FAULT,0.3,0.5
2.123,1492.27,100.26,0.0,VALVE_FAULT,0.3,0.5
2.124,1492.15,98.76,0.0,VALVE_FAULT,0.3,0.5
2.125,1489.57,100.38,0.0,VALVE_FAULT,0.3,0.5
2.126,1487.44,101.48,0.0,VALVE_FAULT,0.3,0.5
2.127,1487.28,100.41,0.0,VALVE_FAULT,0.3,0.5
2.128,1489.62,99.75,0.0,VALVE_FAULT,0.3,0.5
2.129,1495.84,100.23,0.0,VALVE_FAULT,0.3,0.5
2.13,1487.49,101.37,0.0,VALVE_FAULT,0.3,0.5
2.131,1494.86,99.04,0.0,VALVE_FAULT,0.3,0.5
2.132,1492.91,100.95,0.0,VALVE_FAULT,0.3,0.5
2.133,1490.25,100.03,0.0,VALVE_FAULT,0.3,0.5
2.134,1490.13,99.08,0.0,VALVE_FAULT,0.3,0.5
2.135,1488.03,102.47,0.0,VALVE_FAULT,0.3,0.5
2.136,1486.99,99.49,0.0,VALVE_FAULT,0.3,0.5
2.137,1491.38,99.65,0.0,VALVE_FAULT,0.3,0.5
2.138,1493.07,99.93,0.0,VALVE_FAULT,0.3,0.5
2.139,1495.62,101.54,0.0,VALVE_FAULT,0.3,0.5
2.14,1490.27,101.82,0.0,VALVE_FAULT,0.3,0.5
2.141,1486.05,100.37,0.0,VALVE_FAULT,0.3,0.5
2.142,1490.44,98.33,0.0,VALVE_FAULT,0.3,0.5
2.143,1488.86,97.06,0.0,VALVE_FAULT,0.3,0.5
2.144,1491.11,103.28,0.0,VALVE_FAULT,0.3,0.5
2.145,1489.74,101.27,0.0,VALVE_FAULT,0.3,0.5
2.146,1487.38,100.63,0.0,VALVE_FAULT,0.3,0.5
2.147,1489.26,101.47,0.0,VALVE_FAULT,0.3,0.5
2.148,1485.13,100.1,0.0,VALVE_FAULT,0.3,0.5
2.149,1484.96,99.96,0.0,VALVE_FAULT,0.3,0.5
2.15,1492.77,99.59,0.0,VALVE_FAULT,0.3,0.5
2.151,1487.4,100.91,0.0,VALVE_FAULT,0.3,0.5
2.152,1489.39,97.47,0.0,VALVE_FAULT,0.3,0.5
2.153,1493.72,98.72,0.0,VALVE_FAULT,0.3,0.5
2.154,1487.44,98.7,0.0,VALVE_FAULT,0.3,0.5
2.155,1494.52,100.32,0.0,VALVE_FAULT,0.3,0.5
2.156,1488.29,100.9,0.0,VALVE_FAULT,0.3,0.5
2.157,1486.89,97.62,0.0,VALVE_FAULT,0.3,0.5
2.158,1494.7,100.15,0.0,VALVE_FAULT,0.3,0.5
2.159,1490.5,101.88,0.0,VALVE_FAULT,0.3,0.5
2.16,1485.36,98.26,0.0,VALVE_FAULT,0.3,0.5
2.161,1487.19,99.71,0.0,VALVE_FAULT,0.3,0.5
2.162,1492.26,99.23,0.0,VALVE_FAULT,0.3,0.5
2.163,1493.06,100.41,0.0,VALVE_FAULT,0.3,0.5
2.164,1492.35,100.92,0.0,VALVE_FAULT,0.3,0.5
2.165,1489.69,102.0,0.0,VALVE_FAULT,0.3,0.5
2.166,1490.81,101.62,0.0,VALVE_FAULT,0.3,0.5
2.167,1491.22,99.71,0.0,VALVE_FAULT,0.3,0.5
2.168,1489.44,99.4,0.0,VALVE_FAULT,0.3,0.5
2.169,1488.32,97.41,0.0,VALVE_FAULT,0.3,0.5
2.17,1493.89,100.76,0.0,VALVE_FAULT,0.3,0.5
2.171,1493.17,101.93,0.0,VALVE_FAULT,0.3,0.5
2.172,1490.7,100.39,0.0,VALVE_FAULT,0.3,0.5
2.173,1493.9,100.37,0.0,VALVE_FAULT,0.3,0.5
2.174,1499.0,103.0,0.0,VALVE_FAULT,0.3,0.5
2.175,1492.12,98.88,0.0,VALVE_FAULT,0.3,0.5
2.176,1490.41,98.49,0.0,VALVE_FAULT,0.3,0.5
2.177,1487.11,101.35,0.0,VALVE_FAULT,0.3,0.5
2.178,1489.85,97.24,0.0,VALVE_FAULT,0.3,0.5
2.179,1491.61,97.89,0.0,VALVE_FAULT,0.3,0.5
2.18,1498.8,100.71,0.0,VALVE_FAULT,0.3,0.5
2.181,1490.18,100.58,0.0,VALVE_FAULT,0.3,0.5
2.182,1493.1,100.73,0.0,VALVE_FAULT,0.3,0.5
2.183,1493.57,99.01,0.0,VALVE_FAULT,0.3,0.5
2.184,1492.4,101.31,0.0,VALVE_FAULT,0.3,0.5
2.185,1492.61,99.66,0.0,VALVE_FAULT,0.3,0.5
2.186,1492.98,101.1,0.0,VALVE_FAULT,0.3,0.5
2.187,1498.26,101.38,0.0,VALVE_FAULT,0.3,0.5
2.188,1494.34,102.67,0.0,VALVE_FAULT,0.3,0.5
2.189,1501.68,99.73,0.0,VALVE_FAULT,0.3,0.5
2.19,1496.64,99.59,0.0,VALVE_FAULT,0.3,0.5
2.191,1494.56,99.06,0.0,VALVE_FAULT,0.3,0.5
2.192,1500.38,98.48,0.0,VALVE_FAULT,0.3,0.5
2.193,1496.34,100.53,0.0,VALVE_FAULT,0.3,0.5
2.194,1493.8,99.94,0.0,VALVE_FAULT,0.3,0.5
2.195,1495.85,101.72,0.0,VALVE_FAULT,0.3,0.5
2.196,1501.91,101.53,0.0,VALVE_FAULT,0.3,0.5
2.197,1499.07,100.3,0.0,VALVE_FAULT,0.3,0.5
2.198,1498.9,102.13,0.0,VALVE_FAULT,0.3,0.5
2.199,1496.06,99.65,0.0,VALVE_FAULT,0.3,0.5
2.2,1497.07,102.51,0.0,VALVE_FAULT,0.3,0.5
2.201,1499.23,104.99,0.0,VALVE_FAULT,0.3,0.5
2.202,1499.76,100.35,0.0,VALVE_FAULT,0.3,0.5
2.203,1499.69,101.51,0.0,VALVE_FAULT,0.3,0.5
2.204,1499.13,101.23,0.0,VALVE_FAULT,0.3,0.5
2.205,1494.54,101.07,0.0,VALVE_FAULT,0.3,0.5
2.206,1507.42,98.09,0.0,VALVE_FAULT,0.3,0.5
2.207,1499.84,101.38,0.0,VALVE_FAULT,0.3,0.5
2.208,1505.04,97.72,0.0,VALVE_FAULT,0.3,0.5
2.209,1503.22,101.45,0.0,VALVE_FAULT,0.3,0.5
2.21,1501.74,97.73,0.0,VALVE_FAULT,0.3,0.5
2.211,1498.82,99.55,0.0,VALVE_FAULT,0.3,0.5
2.212,1502.97,100.32,0.0,VALVE_FAULT,0.3,0.5
2.213,1509.21,99.0,0.0,VALVE_FAULT,0.3,0.5
2.214,1507.85,102.35,0.0,VALVE_FAULT,0.3,0.5
2.215,1504.44,99.58,0.0,VALVE_FAULT,0.3,0.5
2.216,1511.32,98.09,0.0,VALVE_FAULT,0.3,0.5
2.217,1507.37,97.49,0.0,VALVE_FAULT,0.3,0.5
2.218,1505.28,99.71,0.0,VALVE_FAULT,0.3,0.5
2.219,1506.6,100.0,0.0,VALVE_FAULT,0.3,0.5
2.22,1506.73,101.8,0.0,VALVE_FAULT,0.3,0.5
2.221,1509.81,99.55,0.0,VALVE_FAULT,0.3,0.5
2.222,1507.01,99.16,0.0,VALVE_FAULT,0.3,0.5
2.223,1506.55,100.04,0.0,VALVE_FAULT,0.3,0.5
2.224,1506.3,98.57,0.0,VALVE_FAULT,0.3,0.5
2.225,1504.45,101.84,0.0,VALVE_FAULT,0.3,0.5
2.226,1509.1,101.96,0.0,VALVE_FAULT,0.3,0.5
2.227,1505.59,98.42,0.0,VALVE_FAULT,0.3,0.5
2.228,1503.24,102.05,0.0,VALVE_FAULT,0.3,0.5
2.229,1506.62,100.58,0.0,VALVE_FAULT,0.3,0.5
2.23,1511.04,101.45,0.0,VALVE_FAULT,0.3,0.5
2.231,1506.4,97.28,0.0,VALVE_FAULT,0.3,0.5
2.232,1505.91,98.63,0.0,VALVE_FAULT,0.3,0.5
2.233,1508.92,101.33,0.0,VALVE_FAULT,0.3,0.5
2.234,1507.6,98.98,0.0,VALVE_FAULT,0.3,0.5
2.235,1509.71,100.06,0.0,VALVE_FAULT,0.3,0.5
2.236,1511.57,99.83,0.0,VALVE_FAULT,0.3,0.5
2.237,1511.6,102.49,0.0,VALVE_FAULT,0.3,0.5
2.238,1508.15,96.11,0.0,VALVE_FAULT,0.3,0.5
2.239,1509.77,100.63,0.0,VALVE_FAULT,0.3,0.5
2.24,1513.44,99.3,0.0,VALVE_FAULT,0.3,0.5
2.241,1510.39,99.02,0.0,VALVE_FAULT,0.3,0.5
2.242,1504.72,99.08,0.0,VALVE_FAULT,0.3,0.5
2.243,1511.7,99.15,0.0,VALVE_FAULT,0.3,0.5
2.244,1506.93,102.5,0.0,VALVE_FAULT,0.3,0.5
2.245,1510.65,98.8,0.0,VALVE_FAULT,0.3,0.5
2.246,1505.67,102.1,0.0,VALVE_FAULT,0.3,0.5
2.247,1509.68,100.9,0.0,VALVE_FAULT,0.3,0.5
2.248,1509.78,100.5,0.0,VALVE_FAULT,0.3,0.5
2.249,1507.18,96.81,0.0,VALVE_FAULT,0.3,0.5
2.25,1513.93,100.59,0.0,VALVE_FAULT,0.3,0.5
2.251,1508.69,98.49,0.0,VALVE_FAULT,0.3,0.5
2.252,1515.48,99.46,0.0,VALVE_FAULT,0.3,0.5
2.253,1509.04,102.73,0.0,VALVE_FAULT,0.3,0.5
2.254,1506.13,101.9,0.0,VALVE_FAULT,0.3,0.5
2.255,1506.2,99.94,0.0,VALVE_FAULT,0.3,0.5
2.256,1508.87,99.01,0.0,VALVE_FAULT,0.3,0.5
2.257,1510.37,100.98,0.0,VALVE_FAULT,0.3,0.5
2.258,1503.16,101.56,0.0,VALVE_FAULT,0.3,0.5
2.259,1512.7,98.22,0.0,VALVE_FAULT,0.3,0.5
2.26,1511.69,103.58,0.0,VALVE_FAULT,0.3,0.5
2.261,1508.57,98.07,0.0,VALVE_FAULT,0.3,0.5
2.262,1512.33,101.52,0.0,VALVE_FAULT,0.3,0.5
2.263,1505.32,102.59,0.0,VALVE_FAULT,0.3,0.5
2.264,1511.34,99.79,0.0,VALVE_FAULT,0.3,0.5
2.265,1504.88,99.82,0.0,VALVE_FAULT,0.3,0.5
2.266,1506.51,99.18,0.0,VALVE_FAULT,0.3,0.5
2.267,1509.23,99.28,0.0,VALVE_FAULT,0.3,0.5
2.268,1507.29,100.37,0.0,VALVE_FAULT,0.3,0.5
2.269,1508.96,97.79,0.0,VALVE_FAULT,0.3,0.5
2.27,1507.58,100.46,0.0,VALVE_FAULT,0.3,0.5
2.271,1509.33,100.18,0.0,VALVE_FAULT,0.3,0.5
2.272,1505.43,99.59,0.0,VALVE_FAULT,0.3,0.5
2.273,1506.17,99.31,0.0,VALVE_FAULT,0.3,0.5
2.274,1509.31,99.23,0.0,VALVE_FAULT,0.3,0.5
2.275,1504.95,102.03,0.0,VALVE_FAULT,0.3,0.5
2.276,1501.48,98.47,0.0,VALVE_FAULT,0.3,0.5
2.277,1504.73,100.29,0.0,VALVE_FAULT,0.3,0.5
2.278,1506.78,100.21,0.0,VALVE_FAULT,0.3,0.5
2.279,1508.32,100.43,0.0,VALVE_FAULT,0.3,0.5
2.28,1502.63,99.64,0.0,VALVE_FAULT,0.3,0.5
2.281,1508.36,102.04,0.0,VALVE_FAULT,0.3,0.5
2.282,1508.74,101.01,0.0,VALVE_FAULT,0.3,0.5
2.283,1504.79,101.4,0.0,VALVE_FAULT,0.3,0.5
2.284,1505.28,100.33,0.0,VALVE_FAULT,0.3,0.5
2.285,1502.76,100.34,0.0,VALVE_FAULT,0.3,0.5
2.286,1505.14,100.85,0.0,VALVE_FAULT,0.3,0.5
2.287,1496.77,97.51,0.0,VALVE_FAULT,0.3,0.5
2.288,1504.86,100.41,0.0,VALVE_FAULT,0.3,0.5
2.289,1504.49,101.88,0.0,VALVE_FAULT,0.3,0.5
2.29,1500.05,102.55,0.0,VALVE_FAULT,0.3,0.5
2.291,1499.91,99.98,0.0,VALVE_FAULT,0.3,0.5
2.292,1501.83,99.79,0.0,VALVE_FAULT,0.3,0.5
2.293,1502.86,99.68,0.0,VALVE_FAULT,0.3,0.5
2.294,1503.24,100.84,0.0,VALVE_FAULT,0.3,0.5
2.295,1504.07,101.43,0.0,VALVE_FAULT,0.3,0.5
2.296,1501.61,101.79,0.0,VALVE_FAULT,0.3,0.5
2.297,1503.11,100.09,0.0,VALVE_FAULT,0.3,0.5
2.298,1501.8,99.77,0.0,VALVE_FAULT,0.3,0.5
2.299,1497.0,101.29,0.0,VALVE_FAULT,0.3,0.5
2.3,1496.48,98.54,0.0,VALVE_FAULT,0.3,0.5
2.301,1496.89,99.01,0.0,VALVE_FAULT,0.3,0.5
2.302,1498.42,100.74,0.0,VALVE_FAULT,0.3,0.5
2.303,1502.7,100.97,0.0,VALVE_FAULT,0.3,0.5
2.304,1500.46,99.56,0.0,VALVE_FAULT,0.3,0.5
2.305,1504.69,98.94,0.0,VALVE_FAULT,0.3,0.5
2.306,1497.33,99.78,0.0,VALVE_FAULT,0.3,0.5
2.307,1493.23,97.86,0.0,VALVE_FAULT,0.3,0.5
2.308,1498.08,99.56,0.0,VALVE_FAULT,0.3,0.5
2.309,1494.58,98.77,0.0,VALVE_FAULT,0.3,0.5
2.31,1497.55,99.4,0.0,VALVE_FAULT,0.3,0.5
2.311,1496.48,100.09,0.0,VALVE_FAULT,0.3,0.5
2.312,1493.71,100.6,0.0,VALVE_FAULT,0.3,0.5
2.313,1496.12,99.37,0.0,VALVE_FAULT,0.3,0.5
2.314,1491.33,97.37,0.0,VALVE_FAULT,0.3,0.5
2.315,1494.73,102.96,0.0,VALVE_FAULT,0.3,0.5
2.316,1493.37,100.78,0.0,VALVE_FAULT,0.3,0.5
2.317,1491.68,99.46,0.0,VALVE_FAULT,0.3,0.5
2.318,1493.3,100.94,0.0,VALVE_FAULT,0.3,0.5
2.319,1493.57,98.02,0.0,VALVE_FAULT,0.3,0.5
2.32,1495.69,99.32,0.0,VALVE_FAULT,0.3,0.5
2.321,1496.1,102.0,0.0,VALVE_FAULT,0.3,0.5
2.322,1494.07,100.7,0.0,VALVE_FAULT,0.3,0.5
2.323,1495.09,99.3,0.0,VALVE_FAULT,0.3,0.5
2.324,1493.01,100.32,0.0,VALVE_FAULT,0.3,0.5
2.325,1490.93,99.55,0.0,VALVE_FAULT,0.3,0.5
2.326,1497.69,98.99,0.0,VALVE_FAULT,0.3,0.5
2.327,1494.91,101.32,0.0,VALVE_FAULT,0.3,0.5
2.328,1487.8,99.84,0.0,VALVE_FAULT,0.3,0.5
2.329,1494.03,99.5,0.0,VALVE_FAULT,0.3,0.5
2.33,1493.75,100.83,0.0,VALVE_FAULT,0.3,0.5
2.331,1491.06,98.83,0.0,VALVE_FAULT,0.3,0.5
2.332,1490.35,98.44,0.0,VALVE_FAULT,0.3,0.5
2.333,1493.08,100.87,0.0,VALVE_FAULT,0.3,0.5
2.334,1494.8,102.68,0.0,VALVE_FAULT,0.3,0.5
2.335,1492.42,99.55,0.0,VALVE_FAULT,0.3,0.5
2.336,1492.34,100.56,0.0,VALVE_FAULT,0.3,0.5
2.337,1495.99,97.41,0.0,VALVE_FAULT,0.3,0.5
2.338,1492.94,99.84,0.0,VALVE_FAULT,0.3,0.5
2.339,1496.02,99.19,0.0,VALVE_FAULT,0.3,0.5
2.34,1483.7,98.96,0.0,VALVE_FAULT,0.3,0.5
2.341,1491.81,97.91,0.0,VALVE_FAULT,0.3,0.5
2.342,1487.12,100.96,0.0,VALVE_FAULT,0.3,0.5
2.343,1489.3,101.16,0.0,VALVE_FAULT,0.3,0.5
2.344,1492.06,100.75,0.0,VALVE_FAULT,0.3,0.5
2.345,1491.68,100.78,0.0,VALVE_FAULT,0.3,0.5
2.346,1489.48,99.67,0.0,VALVE_FAULT,0.3,0.5
2.347,1490.71,100.46,0.0,VALVE_FAULT,0.3,0.5
2.348,1492.55,101.4,0.0,VALVE_FAULT,0.3,0.5
2.349,1488.11,100.23,0.0,VALVE_FAULT,0.3,0.5
2.35,1495.31,98.47,0.0,VALVE_FAULT,0.3,0.5
2.351,1493.82,99.16,0.0,VALVE_FAULT,0.3,0.5
2.352,1489.07,100.57,0.0,VALVE_FAULT,0.3,0.5
2.353,1489.07,99.26,0.0,VALVE_FAULT,0.3,0.5
2.354,1487.51,101.37,0.0,VALVE_FAULT,0.3,0.5
2.355,1494.13,99.55,0.0,VALVE_FAULT,0.3,0.5
2.356,1489.27,101.09,0.0,VALVE_FAULT,0.3,0.5
2.357,1493.7,102.04,0.0,VALVE_FAULT,0.3,0.5
2.358,1496.05,97.03,0.0,VALVE_FAULT,0.3,0.5
2.359,1488.66,100.76,0.0,VALVE_FAULT,0.3,0.5
2.36,1490.17,98.97,0.0,VALVE_FAULT,0.3,0.5
2.361,1487.29,102.16,0.0,VALVE_FAULT,0.3,0.5
2.362,1492.12,99.55,0.0,VALVE_FAULT,0.3,0.5
2.363,1490.44,99.92,0.0,VALVE_FAULT,0.3,0.5
2.364,1490.18,98.56,0.0,VALVE_FAULT,0.3,0.5
2.365,1490.23,99.44,0.0,VALVE_FAULT,0.3,0.5
2.366,1488.62,97.05,0.0,VALVE_FAULT,0.3,0.5
2.367,1496.82,101.04,0.0,VALVE_FAULT,0.3,0.5
2.368,1495.91,100.46,0.0,VALVE_FAULT,0.3,0.5
2.369,1490.94,100.82,0.0,VALVE_FAULT,0.3,0.5
2.37,1497.99,97.16,0.0,VALVE_FAULT,0.3,0.5
2.371,1495.27,101.16,0.0,VALVE_FAULT,0.3,0.5
2.372,1494.64,99.08,0.0,VALVE_FAULT,0.3,0.5
2.373,1486.56,102.1,0.0,VALVE_FAULT,0.3,0.5
2.374,1494.17,99.94,0.0,VALVE_FAULT,0.3,0.5
2.375,1494.99,100.48,0.0,VALVE_FAULT,0.3,0.5
2.376,1489.88,100.05,0.0,VALVE_FAULT,0.3,0.5
2.377,1498.06,101.47,0.0,VALVE_FAULT,0.3,0.5
2.378,1496.29,101.52,0.0,VALVE_FAULT,0.3,0.5
2.379,1495.92,99.45,0.0,VALVE_FAULT,0.3,0.5
2.38,1496.76,102.13,0.0,VALVE_FAULT,0.3,0.5
2.381,1494.98,99.64,0.0,VALVE_FAULT,0.3,0.5
2.382,1494.87,99.39,0.0,VALVE_FAULT,0.3,0.5
2.383,1495.62,99.44,0.0,VALVE_FAULT,0.3,0.5
2.384,1499.66,99.47,0.0,VALVE_FAULT,0.3,0.5
2.385,1492.99,100.04,0.0,VALVE_FAULT,0.3,0.5
2.386,1495.18,99.92,0.0,VALVE_FAULT,0.3,0.5
2.387,1496.76,101.96,0.0,VALVE_FAULT,0.3,0.5
2.388,1497.36,102.36,0.0,VALVE_FAULT,0.3,0.5
2.389,1498.66,102.4,0.0,VALVE_FAULT,0.3,0.5
2.39,1494.87,100.8,0.0,VALVE_FAULT,0.3,0.5
2.391,1497.39,97.27,0.0,VALVE_FAULT,0.3,0.5
2.392,1498.79,99.92,0.0,VALVE_FAULT,0.3,0.5
2.393,1496.67,101.54,0.0,VALVE_FAULT,0.3,0.5
2.394,1499.35,100.56,0.0,VALVE_FAULT,0.3,0.5
2.395,1494.05,99.15,0.0,VALVE_FAULT,0.3,0.5
2.396,1495.68,99.6,0.0,VALVE_FAULT,0.3,0.5
2.397,1500.77,98.6,0.0,VALVE_FAULT,0.3,0.5
2.398,1496.43,101.79,0.0,VALVE_FAULT,0.3,0.5
2.399,1500.05,100.7,0.0,VALVE_FAULT,0.3,0.5
2.4,1497.02,99.13,0.0,VALVE_FAULT,0.3,0.5
2.401,1498.58,97.67,0.0,VALVE_FAULT,0.3,0.5
2.402,1498.16,96.74,0.0,VALVE_FAULT,0.3,0.5
2.403,1500.4,96.44,0.0,VALVE_FAULT,0.3,0.5
2.404,1499.29,98.18,0.0,VALVE_FAULT,0.3,0.5
2.405,1506.07,99.95,0.0,VALVE_FAULT,0.3,0.5
2.406,1500.29,101.95,0.0,VALVE_FAULT,0.3,0.5
2.407,1498.29,101.06,0.0,VALVE_FAULT,0.3,0.5
2.408,1507.13,98.42,0.0,VALVE_FAULT,0.3,0.5
2.409,1501.32,101.49,0.0,VALVE_FAULT,0.3,0.5
2.41,1508.19,100.79,0.0,VALVE_FAULT,0.3,0.5
2.411,1507.43,98.38,0.0,VALVE_FAULT,0.3,0.5
2.412,1503.29,98.99,0.0,VALVE_FAULT,0.3,0.5
2.413,1504.81,104.45,0.0,VALVE_FAULT,0.3,0.5
2.414,1505.18,99.57,0.0,VALVE_FAULT,0.3,0.5
2.415,1508.37,100.36,0.0,VALVE_FAULT,0.3,0.5
2.416,1503.3,97.54,0.0,VALVE_FAULT,0.3,0.5
2.417,1506.09,97.81,0.0,VALVE_FAULT,0.3,0.5
2.418,1506.35,101.41,0.0,VALVE_FAULT,0.3,0.5
2.419,1506.81,99.74,0.0,VALVE_FAULT,0.3,0.5
2.42,1506.37,101.29,0.0,VALVE_FAULT,0.3,0.5
2.421,1505.5,101.21,0.0,VALVE_FAULT,0.3,0.5
2.422,1505.11,101.59,0.0,VALVE_FAULT,0.3,0.5
2.423,1507.31,101.17,0.0,VALVE_FAULT,0.3,0.5
2.424,1506.98,100.61,0.0,VALVE_FAULT,0.3,0.5
2.425,1504.6,98.82,0.0,VALVE_FAULT,0.3,0.5
2.426,1508.12,100.77,0.0,VALVE_FAULT,0.3,0.5
2.427,1512.08,97.37,0.0,VALVE_FAULT,0.3,0.5
2.428,1504.18,99.57,0.0,VALVE_FAULT,0.3,0.5
2.429,1501.23,97.83,0.0,VALVE_FAULT,0.3,0.5
2.43,1506.96,101.41,0.0,VALVE_FAULT,0.3,0.5
2.431,1509.13,98.99,0.0,VALVE_FAULT,0.3,0.5
2.432,1514.21,98.62,0.0,VALVE_FAULT,0.3,0.5
2.433,1503.07,104.19,0.0,VALVE_FAULT,0.3,0.5
2.434,1509.69,100.73,0.0,VALVE_FAULT,0.3,0.5
2.435,1512.7,101.48,0.0,VALVE_FAULT,0.3,0.5
2.436,1517.34,100.02,0.0,VALVE_FAULT,0.3,0.5
2.437,1511.5,100.38,0.0,VALVE_FAULT,0.3,0.5
2.438,1510.1,101.06,0.0,VALVE_FAULT,0.3,0.5
2.439,1513.67,98.2,0.0,VALVE_FAULT,0.3,0.5
2.44,1514.64,97.29,0.0,VALVE_FAULT,0.3,0.5
2.441,1509.7,102.26,0.0,VALVE_FAULT,0.3,0.5
2.442,1509.34,100.28,0.0,VALVE_FAULT,0.3,0.5
2.443,1510.78,98.99,0.0,VALVE_FAULT,0.3,0.5
2.444,1514.33,99.56,0.0,VALVE_FAULT,0.3,0.5
2.445,1512.84,101.0,0.0,VALVE_FAULT,0.3,0.5
2.446,1513.23,99.67,0.0,VALVE_FAULT,0.3,0.5
2.447,1509.21,101.57,0.0,VALVE_FAULT,0.3,0.5
2.448,1510.56,97.57,0.0,VALVE_FAULT,0.3,0.5
2.449,1512.55,97.52,0.0,VALVE_FAULT,0.3,0.5
2.45,1511.63,98.66,0.0,VALVE_FAULT,0.3,0.5
2.451,1510.1,101.23,0.0,VALVE_FAULT,0.3,0.5
2.452,1505.7,100.86,0.0,VALVE_FAULT,0.3,0.5
2.453,1510.84,97.16,0.0,VALVE_FAULT,0.3,0.5
2.454,1512.28,101.84,0.0,VALVE_FAULT,0.3,0.5
2.455,1512.63,98.86,0.0,VALVE_FAULT,0.3,0.5
2.456,1513.43,97.47,0.0,VALVE_FAULT,0.3,0.5
2.457,1505.63,102.28,0.0,VALVE_FAULT,0.3,0.5
2.458,1510.3,100.97,0.0,VALVE_FAULT,0.3,0.5
2.459,1513.95,98.46,0.0,VALVE_FAULT,0.3,0.5
2.46,1511.16,100.82,0.0,VALVE_FAULT,0.3,0.5
2.461,1510.12,98.89,0.0,VALVE_FAULT,0.3,0.5
2.462,1508.76,100.72,0.0,VALVE_FAULT,0.3,0.5
2.463,1508.75,103.12,0.0,VALVE_FAULT,0.3,0.5
2.464,1511.8,100.22,0.0,VALVE_FAULT,0.3,0.5
2.465,1510.7,99.88,0.0,VALVE_FAULT,0.3,0.5
2.466,1508.95,98.37,0.0,VALVE_FAULT,0.3,0.5
2.467,1511.97,100.68,0.0,VALVE_FAULT,0.3,0.5
2.468,1511.53,100.42,0.0,VALVE_FAULT,0.3,0.5
2.469,1509.46,99.43,0.0,VALVE_FAULT,0.3,0.5
2.47,1508.71,98.31,0.0,VALVE_FAULT,0.3,0.5
2.471,1502.16,100.38,0.0,VALVE_FAULT,0.3,0.5
2.472,1508.93,98.62,0.0,VALVE_FAULT,0.3,0.5
2.473,1507.89,99.06,0.0,VALVE_FAULT,0.3,0.5
2.474,1507.97,97.21,0.0,VALVE_FAULT,0.3,0.5
2.475,1506.93,100.63,0.0,VALVE_FAULT,0.3,0.5
2.476,1508.07,100.19,0.0,VALVE_FAULT,0.3,0.5
2.477,1507.06,100.37,0.0,VALVE_FAULT,0.3,0.5
2.478,1507.1,98.8,0.0,VALVE_FAULT,0.3,0.5
2.479,1507.19,98.7,0.0,VALVE_FAULT,0.3,0.5
2.48,1504.56,97.94,0.0,VALVE_FAULT,0.3,0.5
2.481,1505.58,100.08,0.0,VALVE_FAULT,0.3,0.5
2.482,1505.51,99.26,0.0,VALVE_FAULT,0.3,0.5
2.483,1501.36,99.01,0.0,VALVE_FAULT,0.3,0.5
2.484,1506.54,100.32,0.0,VALVE_FAULT,0.3,0.5
2.485,1503.18,101.47,0.0,VALVE_FAULT,0.3,0.5
2.486,1506.57,99.42,0.0,VALVE_FAULT,0.3,0.5
2.487,1507.27,98.32,0.0,VALVE_FAULT,0.3,0.5
2.488,1502.34,102.2,0.0,VALVE_FAULT,0.3,0.5
2.489,1500.95,97.86,0.0,VALVE_FAULT,0.3,0.5
2.49,1508.81,98.4,0.0,VALVE_FAULT,0.3,0.5
2.491,1503.47,99.07,0.0,VALVE_FAULT,0.3,0.5
2.492,1502.7,99.83,0.0,VALVE_FAULT,0.3,0.5
2.493,1505.05,99.76,0.0,VALVE_FAULT,0.3,0.5
2.494,1499.08,96.77,0.0,VALVE_FAULT,0.3,0.5
2.495,1501.58,100.85,0.0,VALVE_FAULT,0.3,0.5
2.496,1499.85,97.92,0.0,VALVE_FAULT,0.3,0.5
2.497,1500.68,99.41,0.0,VALVE_FAULT,0.3,0.5
2.498,1502.29,98.72,0.0,VALVE_FAULT,0.3,0.5
2.499,1499.32,100.39,0.0,VALVE_FAULT,0.3,0.5
