time_sec,pressure_upstream,pressure_downstream,valve_command,system_state,leak_severity,stiction_factor
0.0,1497.07,98.46,0.0,PRESSURE_SURGE,0.0,0.2
0.001,1504.05,101.79,0.0,PRESSURE_SURGE,0.0,0.2
0.002,1505.5,98.12,0.0,PRESSURE_SURGE,0.0,0.2
0.003,1502.68,99.8,0.0,PRESSURE_SURGE,0.0,0.2
0.004,1504.52,99.52,0.0,PRESSURE_SURGE,0.0,0.2
0.005,1502.36,100.96,0.0,PRESSURE_SURGE,0.0,0.2
0.006,1502.2,98.47,0.0,PRESSURE_SURGE,0.0,0.2
0.007,1502.06,102.63,0.0,PRESSURE_SURGE,0.0,0.2
0.008,1505.89,101.06,0.0,PRESSURE_SURGE,0.0,0.2
0.009,1505.91,100.2,0.0,PRESSURE_SURGE,0.0,0.2
0.01,1501.45,102.22,0.0,PRESSURE_SURGE,0.0,0.2
0.011,1504.83,100.54,0.0,PRESSURE_SURGE,0.0,0.2
0.012,1506.9,101.12,0.0,PRESSURE_SURGE,0.0,0.2
0.013,1505.05,100.67,0.0,PRESSURE_SURGE,0.0,0.2
0.014,1503.61,98.89,0.0,PRESSURE_SURGE,0.0,0.2
0.015,1506.07,101.97,0.0,PRESSURE_SURGE,0.0,0.2
0.016,1501.05,103.2,0.0,PRESSURE_SURGE,0.0,0.2
0.017,1509.53,99.01,0.0,PRESSURE_SURGE,0.0,0.2
0.018,1504.03,99.49,0.0,PRESSURE_SURGE,0.0,0.2
0.019,1502.82,97.31,0.0,PRESSURE_SURGE,0.0,0.2
0.02,1502.54,99.73,0.0,PRESSURE_SURGE,0.0,0.2
0.021,1510.99,100.21,0.0,PRESSURE_SURGE,0.0,0.2
0.022,1503.45,97.73,0.0,PRESSURE_SURGE,0.0,0.2
0.023,1503.04,99.81,0.0,PRESSURE_SURGE,0.0,0.2
0.024,1507.4,99.52,0.0,PRESSURE_SURGE,0.0,0.2
0.025,1505.15,100.9,0.0,PRESSURE_SURGE,0.0,0.2
0.026,1513.23,98.0,0.0,PRESSURE_SURGE,0.0,0.2
0.027,1503.53,98.86,0.0,PRESSURE_SURGE,0.0,0.2
0.028,1508.51,99.76,0.0,PRESSURE_SURGE,0.0,0.2
0.029,1503.13,98.91,0.0,PRESSURE_SURGE,0.0,0.2
0.03,1503.82,103.22,0.0,PRESSURE_SURGE,0.0,0.2
0.031,1506.55,98.3,0.0,PRESSURE_SURGE,0.0,0.2
0.032,1508.5,100.15,0.0,PRESSURE_SURGE,0.0,0.2
0.033,1517.9,102.36,0.0,PRESSURE_SURGE,0.0,0.2
0.034,1508.28,102.9,0.0,PRESSURE_SURGE,0.0,0.2
0.035,1506.22,98.16,0.0,PRESSURE_SURGE,0.0,0.2
0.036,1508.28,101.65,0.0,PRESSURE_SURGE,0.0,0.2
0.037,1505.63,98.99,0.0,PRESSURE_SURGE,0.0,0.2
0.038,1507.03,97.4,0.0,PRESSURE_SURGE,0.0,0.2
0.039,1509.07,94.99,0.0,PRESSURE_SURGE,0.0,0.2
0.04,1507.98,101.43,0.0,PRESSURE_SURGE,0.0,0.2
0.041,1513.39,100.67,0.0,PRESSURE_SURGE,0.0,0.2
0.042,1507.74,98.33,0.0,PRESSURE_SURGE,0.0,0.2
0.043,1510.3,99.72,0.0,PRESSURE_SURGE,0.0,0.2
0.044,1505.29,100.32,0.0,PRESSURE_SURGE,0.0,0.2
0.045,1502.18,97.73,0.0,PRESSURE_SURGE,0.0,0.2
0.046,1505.67,99.91,0.0,PRESSURE_SURGE,0.0,0.2
0.047,1507.09,101.87,0.0,PRESSURE_SURGE,0.0,0.2
0.048,1513.37,99.8,0.0,PRESSURE_SURGE,0.0,0.2
0.049,1506.3,101.17,0.0,PRESSURE_SURGE,0.0,0.2
0.05,1511.43,97.53,0.0,PRESSURE_SURGE,0.0,0.2
0.051,1510.79,100.86,0.0,PRESSURE_SURGE,0.0,0.2
0.052,1512.59,98.61,0.0,PRESSURE_SURGE,0.0,0.2
0.053,1506.83,100.43,0.0,PRESSURE_SURGE,0.0,0.2
0.054,1507.06,100.92,0.0,PRESSURE_SURGE,0.0,0.2
0.055,1513.56,99.28,0.0,PRESSURE_SURGE,0.0,0.2
0.056,1507.99,101.55,0.0,PRESSURE_SURGE,0.0,0.2
0.057,1513.63,98.83,0.0,PRESSURE_SURGE,0.0,0.2
0.058,1506.53,97.72,0.0,PRESSURE_SURGE,0.0,0.2
0.059,1511.54,99.45,0.0,PRESSURE_SURGE,0.0,0.2
0.06,1506.95,97.99,0.0,PRESSURE_SURGE,0.0,0.2
0.061,1509.11,99.32,0.0,PRESSURE_SURGE,0.0,0.2
0.062,1513.26,99.02,0.0,PRESSURE_SURGE,0.0,0.2
0.063,1502.27,99.69,0.0,PRESSURE_SURGE,0.0,0.2
0.064,1508.89,101.69,0.0,PRESSURE_SURGE,0.0,0.2
0.065,1509.66,99.74,0.0,PRESSURE_SURGE,0.0,0.2
0.066,1504.05,100.69,0.0,PRESSURE_SURGE,0.0,0.2
0.067,1507.4,102.48,0.0,PRESSURE_SURGE,0.0,0.2
0.068,1510.63,100.73,0.0,PRESSURE_SURGE,0.0,0.2
0.069,1506.86,101.06,0.0,PRESSURE_SURGE,0.0,0.2
0.07,1504.15,99.15,0.0,PRESSURE_SURGE,0.0,0.2
0.071,1506.18,97.71,0.0,PRESSURE_SURGE,0.0,0.2
0.072,1509.08,99.17,0.0,PRESSURE_SURGE,0.0,0.2
0.073,1504.29,100.42,0.0,PRESSURE_SURGE,0.0,0.2
0.074,1506.16,97.11,0.0,PRESSURE_SURGE,0.0,0.2
0.075,1505.42,98.81,0.0,PRESSURE_SURGE,0.0,0.2
0.076,1508.84,100.8,0.0,PRESSURE_SURGE,0.0,0.2
0.077,1503.6,100.03,0.0,PRESSURE_SURGE,0.0,0.2
0.078,1506.03,99.73,0.0,PRESSURE_SURGE,0.0,0.2
0.079,1503.03,100.36,0.0,PRESSURE_SURGE,0.0,0.2
0.08,1508.75,99.32,0.0,PRESSURE_SURGE,0.0,0.2
0.081,1506.74,101.61,0.0,PRESSURE_SURGE,0.0,0.2
0.082,1505.77,99.71,0.0,PRESSURE_SURGE,0.0,0.2
0.083,1500.52,101.81,0.0,PRESSURE_SURGE,0.0,0.2
0.084,1503.44,98.52,0.0,PRESSURE_SURGE,0.0,0.2
0.085,1502.18,99.88,0.0,PRESSURE_SURGE,0.0,0.2
0.086,1501.32,100.41,0.0,PRESSURE_SURGE,0.0,0.2
0.087,1503.96,99.34,0.0,PRESSURE_SURGE,0.0,0.2
0.088,1498.67,100.4,0.0,PRESSURE_SURGE,0.0,0.2
0.089,1501.18,99.87,0.0,PRESSURE_SURGE,0.0,0.2
0.09,1502.3,103.23,0.0,PRESSURE_SURGE,0.0,0.2
0.091,1503.03,101.85,0.0,PRESSURE_SURGE,0.0,0.2
0.092,1509.4,100.79,0.0,PRESSURE_SURGE,0.0,0.2
0.093,1503.1,97.02,0.0,PRESSURE_SURGE,0.0,0.2
0.094,1505.02,103.99,0.0,PRESSURE_SURGE,0.0,0.2
0.095,1503.94,100.22,0.0,PRESSURE_SURGE,0.0,0.2
0.096,1499.65,100.12,0.0,PRESSURE_SURGE,0.0,0.2
0.097,1503.83,100.64,0.0,PRESSURE_SURGE,0.0,0.2
0.098,1501.21,97.88,0.0,PRESSURE_SURGE,0.0,0.2
0.099,1500.1,99.58,0.0,PRESSURE_SURGE,0.0,0.2
0.1,1500.65,101.16,0.0,PRESSURE_SURGE,0.0,0.2
0.101,1503.34,100.6,0.0,PRESSURE_SURGE,0.0,0.2
0.102,1498.7,101.78,0.0,PRESSURE_SURGE,0.0,0.2
0.103,1499.37,98.56,0.0,PRESSURE_SURGE,0.0,0.2
0.104,1505.03,98.57,0.0,PRESSURE_SURGE,0.0,0.2
0.105,1495.41,100.65,0.0,PRESSURE_SURGE,0.0,0.2
0.106,1500.18,98.8,0.0,PRESSURE_SURGE,0.0,0.2
0.107,1497.53,98.86,0.0,PRESSURE_SURGE,0.0,0.2
0.108,1494.18,98.42,0.0,PRESSURE_SURGE,0.0,0.2
0.109,1498.04,100.56,0.0,PRESSURE_SURGE,0.0,0.2
0.11,1494.94,102.1,0.0,PRESSURE_SURGE,0.0,0.2
0.111,1491.76,100.91,0.0,PRESSURE_SURGE,0.0,0.2
0.112,1495.28,99.21,0.0,PRESSURE_SURGE,0.0,0.2
0.113,1496.19,102.33,0.0,PRESSURE_SURGE,0.0,0.2
0.114,1497.27,98.89,0.0,PRESSURE_SURGE,0.0,0.2
0.115,1498.85,101.03,0.0,PRESSURE_SURGE,0.0,0.2
0.116,1495.82,101.0,0.0,PRESSURE_SURGE,0.0,0.2
0.117,1491.55,98.35,0.0,PRESSURE_SURGE,0.0,0.2
0.118,1494.96,100.26,0.0,PRESSURE_SURGE,0.0,0.2
0.119,1494.31,98.9,0.0,PRESSURE_SURGE,0.0,0.2
0.12,1493.03,100.19,0.0,PRESSURE_SURGE,0.0,0.2
0.121,1495.83,99.29,0.0,PRESSURE_SURGE,0.0,0.2
0.122,1497.93,100.1,0.0,PRESSURE_SURGE,0.0,0.2
0.123,1496.28,101.06,0.0,PRESSURE_SURGE,0.0,0.2
0.124,1494.93,98.95,0.0,PRESSURE_SURGE,0.0,0.2
0.125,1497.11,100.77,0.0,PRESSURE_SURGE,0.0,0.2
0.126,1489.47,100.08,0.0,PRESSURE_SURGE,0.0,0.2
0.127,1491.27,98.96,0.0,PRESSURE_SURGE,0.0,0.2
0.128,1488.34,100.63,0.0,PRESSURE_SURGE,0.0,0.2
0.129,1491.02,98.04,0.0,PRESSURE_SURGE,0.0,0.2
0.13,1488.06,97.88,0.0,PRESSURE_SURGE,0.0,0.2
0.131,1486.44,98.86,0.0,PRESSURE_SURGE,0.0,0.2
0.132,1489.77,100.42,0.0,PRESSURE_SURGE,0.0,0.2
0.133,1488.71,100.91,0.0,PRESSURE_SURGE,0.0,0.2
0.134,1491.4,98.24,0.0,PRESSURE_SURGE,0.0,0.2
0.135,1487.85,99.96,0.0,PRESSURE_SURGE,0.0,0.2
0.136,1491.49,99.64,0.0,PRESSURE_SURGE,0.0,0.2
0.137,1491.5,99.06,0.0,PRESSURE_SURGE,0.0,0.2
0.138,1494.29,100.15,0.0,PRESSURE_SURGE,0.0,0.2
0.139,1488.05,99.69,0.0,PRESSURE_SURGE,0.0,0.2
0.14,1491.49,100.86,0.0,PRESSURE_SURGE,0.0,0.2
0.141,1487.37,102.25,0.0,PRESSURE_SURGE,0.0,0.2
0.142,1492.63,101.0,0.0,PRESSURE_SURGE,0.0,0.2
0.143,1489.43,99.53,0.0,PRESSURE_SURGE,0.0,0.2
0.144,1487.39,100.37,0.0,PRESSURE_SURGE,0.0,0.2
0.145,1491.19,98.22,0.0,PRESSURE_SURGE,0.0,0.2
0.146,1483.97,103.54,0.0,PRESSURE_SURGE,0.0,0.2
0.147,1486.95,96.63,0.0,PRESSURE_SURGE,0.0,0.2
0.148,1489.34,99.99,0.0,PRESSURE_SURGE,0.0,0.2
0.149,1490.05,101.16,0.0,PRESSURE_SURGE,0.0,0.2
0.15,1491.96,101.99,0.0,PRESSURE_SURGE,0.0,0.2
0.151,1492.72,98.91,0.0,PRESSURE_SURGE,0.0,0.2
0.152,1486.42,99.59,0.0,PRESSURE_SURGE,0.0,0.2
0.153,1491.22,102.69,0.0,PRESSURE_SURGE,0.0,0.2
0.154,1494.42,98.76,0.0,PRESSURE_SURGE,0.0,0.2
0.155,1489.1,103.2,0.0,PRESSURE_SURGE,0.0,0.2
0.156,1490.19,102.18,0.0,PRESSURE_SURGE,0.0,0.2
0.157,1486.25,100.15,0.0,PRESSURE_SURGE,0.0,0.2
0.158,1493.65,100.36,0.0,PRESSURE_SURGE,0.0,0.2
0.159,1490.98,100.58,0.0,PRESSURE_SURGE,0.0,0.2
0.16,1490.45,99.34,0.0,PRESSURE_SURGE,0.0,0.2
0.161,1491.03,100.51,0.0,PRESSURE_SURGE,0.0,0.2
0.162,1493.32,99.66,0.0,PRESSURE_SURGE,0.0,0.2
0.163,1494.25,100.28,0.0,PRESSURE_SURGE,0.0,0.2
0.164,1495.75,101.98,0.0,PRESSURE_SURGE,0.0,0.2
0.165,1488.09,101.11,0.0,PRESSURE_SURGE,0.0,0.2
0.166,1497.77,100.58,0.0,PRESSURE_SURGE,0.0,0.2
0.167,1489.48,97.63,0.0,PRESSURE_SURGE,0.0,0.2
0.168,1497.48,100.53,0.0,PRESSURE_SURGE,0.0,0.2
0.169,1491.82,102.4,0.0,PRESSURE_SURGE,0.0,0.2
0.17,1488.96,97.35,0.0,PRESSURE_SURGE,0.0,0.2
0.171,1492.38,98.53,0.0,PRESSURE_SURGE,0.0,0.2
0.172,1492.81,99.7,0.0,PRESSURE_SURGE,0.0,0.2
0.173,1491.69,99.02,0.0,PRESSURE_SURGE,0.0,0.2
0.174,1492.44,97.79,0.0,PRESSURE_SURGE,0.0,0.2
0.175,1492.68,98.83,0.0,PRESSURE_SURGE,0.0,0.2
0.176,1493.38,96.27,0.0,PRESSURE_SURGE,0.0,0.2
0.177,1489.22,101.06,0.0,PRESSURE_SURGE,0.0,0.2
0.178,1493.89,103.64,0.0,PRESSURE_SURGE,0.0,0.2
0.179,1499.12,100.37,0.0,PRESSURE_SURGE,0.0,0.2
0.18,1496.12,101.36,0.0,PRESSURE_SURGE,0.0,0.2
0.181,1493.43,102.86,0.0,PRESSURE_SURGE,0.0,0.2
0.182,1495.9,100.34,0.0,PRESSURE_SURGE,0.0,0.2
0.183,1498.26,99.17,0.0,PRESSURE_SURGE,0.0,0.2
0.184,1486.28,99.03,0.0,PRESSURE_SURGE,0.0,0.2
0.185,1491.32,98.1,0.0,PRESSURE_SURGE,0.0,0.2
0.186,1488.97,100.53,0.0,PRESSURE_SURGE,0.0,0.2
0.187,1493.38,101.23,0.0,PRESSURE_SURGE,0.0,0.2
0.188,1492.94,98.46,0.0,PRESSURE_SURGE,0.0,0.2
0.189,1496.74,100.85,0.0,PRESSURE_SURGE,0.0,0.2
0.19,1500.89,99.1,0.0,PRESSURE_SURGE,0.0,0.2
0.191,1493.34,100.69,0.0,PRESSURE_SURGE,0.0,0.2
0.192,1500.2,101.73,0.0,PRESSURE_SURGE,0.0,0.2
0.193,1494.86,96.84,0.0,PRESSURE_SURGE,0.0,0.2
0.194,1498.67,100.94,0.0,PRESSURE_SURGE,0.0,0.2
0.195,1506.02,99.04,0.0,PRESSURE_SURGE,0.0,0.2
0.196,1494.61,101.91,0.0,PRESSURE_SURGE,0.0,0.2
0.197,1503.62,99.48,0.0,PRESSURE_SURGE,0.0,0.2
0.198,1503.71,97.41,0.0,PRESSURE_SURGE,0.0,0.2
0.199,1498.97,99.82,0.0,PRESSURE_SURGE,0.0,0.2
0.2,1502.8,98.74,0.0,PRESSURE_SURGE,0.0,0.2
0.201,1500.1,101.57,0.0,PRESSURE_SURGE,0.0,0.2
0.202,1500.29,99.46,0.0,PRESSURE_SURGE,0.0,0.2
0.203,1501.43,99.05,0.0,PRESSURE_SURGE,0.0,0.2
0.204,1504.04,99.45,0.0,PRESSURE_SURGE,0.0,0.2
0.205,1502.45,102.73,0.0,PRESSURE_SURGE,0.0,0.2
0.206,1504.25,99.99,0.0,PRESSURE_SURGE,0.0,0.2
0.207,1504.34,99.12,0.0,PRESSURE_SURGE,0.0,0.2
0.208,1498.69,97.21,0.0,PRESSURE_SURGE,0.0,0.2
0.209,1502.74,102.05,0.0,PRESSURE_SURGE,0.0,0.2
0.21,1504.8,98.96,0.0,PRESSURE_SURGE,0.0,0.2
0.211,1503.54,98.49,0.0,PRESSURE_SURGE,0.0,0.2
0.212,1503.54,98.94,0.0,PRESSURE_SURGE,0.0,0.2
0.213,1504.28,99.08,0.0,PRESSURE_SURGE,0.0,0.2
0.214,1507.08,98.4,0.0,PRESSURE_SURGE,0.0,0.2
0.215,1498.18,98.71,0.0,PRESSURE_SURGE,0.0,0.2
0.216,1499.91,99.52,0.0,PRESSURE_SURGE,0.0,0.2
0.217,1500.81,101.27,0.0,PRESSURE_SURGE,0.0,0.2
0.218,1506.04,102.02,0.0,PRESSURE_SURGE,0.0,0.2
0.219,1506.13,98.35,0.0,PRESSURE_SURGE,0.0,0.2
0.22,1510.02,99.88,0.0,PRESSURE_SURGE,0.0,0.2
0.221,1505.74,98.4,0.0,PRESSURE_SURGE,0.0,0.2
0.222,1503.64,100.41,0.0,PRESSURE_SURGE,0.0,0.2
0.223,1505.75,103.53,0.0,PRESSURE_SURGE,0.0,0.2
0.224,1510.89,101.03,0.0,PRESSURE_SURGE,0.0,0.2
0.225,1503.95,100.36,0.0,PRESSURE_SURGE,0.0,0.2
0.226,1508.81,97.81,0.0,PRESSURE_SURGE,0.0,0.2
0.227,1505.1,100.22,0.0,PRESSURE_SURGE,0.0,0.2
0.228,1508.53,96.76,0.0,PRESSURE_SURGE,0.0,0.2
0.229,1509.74,100.15,0.0,PRESSURE_SURGE,0.0,0.2
0.23,1510.7,99.67,0.0,PRESSURE_SURGE,0.0,0.2
0.231,1509.22,97.71,0.0,PRESSURE_SURGE,0.0,0.2
0.232,1512.48,98.58,0.0,PRESSURE_SURGE,0.0,0.2
0.233,1505.0,98.53,0.0,PRESSURE_SURGE,0.0,0.2
0.234,1507.44,98.83,0.0,PRESSURE_SURGE,0.0,0.2
0.235,1509.04,96.88,0.0,PRESSURE_SURGE,0.0,0.2
0.236,1504.48,101.25,0.0,PRESSURE_SURGE,0.0,0.2
0.237,1509.64,98.66,0.0,PRESSURE_SURGE,0.0,0.2
0.238,1509.2,95.63,0.0,PRESSURE_SURGE,0.0,0.2
0.239,1513.62,101.06,0.0,PRESSURE_SURGE,0.0,0.2
0.24,1508.2,97.0,0.0,PRESSURE_SURGE,0.0,0.2
0.241,1511.07,99.0,0.0,PRESSURE_SURGE,0.0,0.2
0.242,1505.05,100.44,0.0,PRESSURE_SURGE,0.0,0.2
0.243,1516.29,97.97,0.0,PRESSURE_SURGE,0.0,0.2
0.244,1505.2,100.67,0.0,PRESSURE_SURGE,0.0,0.2
0.245,1503.79,100.52,0.0,PRESSURE_SURGE,0.0,0.2
0.246,1507.77,99.17,0.0,PRESSURE_SURGE,0.0,0.2
0.247,1510.67,100.68,0.0,PRESSURE_SURGE,0.0,0.2
0.248,1510.56,99.87,0.0,PRESSURE_SURGE,0.0,0.2
0.249,1509.7,96.76,0.0,PRESSURE_SURGE,0.0,0.2
0.25,1510.8,102.05,0.0,PRESSURE_SURGE,0.0,0.2
0.251,1506.01,101.97,0.0,PRESSURE_SURGE,0.0,0.2
0.252,1513.11,98.65,0.0,PRESSURE_SURGE,0.0,0.2
0.253,1516.24,100.34,0.0,PRESSURE_SURGE,0.0,0.2
0.254,1505.76,96.4,0.0,PRESSURE_SURGE,0.0,0.2
0.255,1513.91,103.16,0.0,PRESSURE_SURGE,0.0,0.2
0.256,1507.8,99.84,0.0,PRESSURE_SURGE,0.0,0.2
0.257,1517.05,99.86,0.0,PRESSURE_SURGE,0.0,0.2
0.258,1505.26,99.53,0.0,PRESSURE_SURGE,0.0,0.2
0.259,1508.42,99.26,0.0,PRESSURE_SURGE,0.0,0.2
0.26,1513.06,104.75,0.0,PRESSURE_SURGE,0.0,0.2
0.261,1511.55,97.28,0.0,PRESSURE_SURGE,0.0,0.2
0.262,1510.9,98.01,0.0,PRESSURE_SURGE,0.0,0.2
0.263,1506.2,99.34,0.0,PRESSURE_SURGE,0.0,0.2
0.264,1505.27,98.35,0.0,PRESSURE_SURGE,0.0,0.2
0.265,1507.04,98.12,0.0,PRESSURE_SURGE,0.0,0.2
0.266,1511.71,100.68,0.0,PRESSURE_SURGE,0.0,0.2
0.267,1510.59,99.15,0.0,PRESSURE_SURGE,0.0,0.2
0.268,1507.57,99.99,0.0,PRESSURE_SURGE,0.0,0.2
0.269,1511.23,100.8,0.0,PRESSURE_SURGE,0.0,0.2
0.27,1512.05,100.82,0.0,PRESSURE_SURGE,0.0,0.2
0.271,1505.74,100.81,0.0,PRESSURE_SURGE,0.0,0.2
0.272,1505.45,100.58,0.0,PRESSURE_SURGE,0.0,0.2
0.273,1506.66,100.78,0.0,PRESSURE_SURGE,0.0,0.2
0.274,1504.13,96.5,0.0,PRESSURE_SURGE,0.0,0.2
0.275,1501.11,100.07,0.0,PRESSURE_SURGE,0.0,0.2
0.276,1503.78,100.1,0.0,PRESSURE_SURGE,0.0,0.2
0.277,1509.19,97.92,0.0,PRESSURE_SURGE,0.0,0.2
0.278,1504.73,101.33,0.0,PRESSURE_SURGE,0.0,0.2
0.279,1507.26,101.98,0.0,PRESSURE_SURGE,0.0,0.2
0.28,1503.73,100.12,0.0,PRESSURE_SURGE,0.0,0.2
0.281,1507.61,99.86,0.0,PRESSURE_SURGE,0.0,0.2
0.282,1505.79,101.08,0.0,PRESSURE_SURGE,0.0,0.2
0.283,1509.05,100.68,0.0,PRESSURE_SURGE,0.0,0.2
0.284,1509.61,98.83,0.0,PRESSURE_SURGE,0.0,0.2
0.285,1505.51,101.29,0.0,PRESSURE_SURGE,0.0,0.2
0.286,1507.8,101.48,0.0,PRESSURE_SURGE,0.0,0.2
0.287,1499.68,102.3,0.0,PRESSURE_SURGE,0.0,0.2
0.288,1501.9,98.95,0.0,PRESSURE_SURGE,0.0,0.2
0.289,1504.62,98.31,0.0,PRESSURE_SURGE,0.0,0.2
0.29,1500.66,101.19,0.0,PRESSURE_SURGE,0.0,0.2
0.291,1502.27,100.82,0.0,PRESSURE_SURGE,0.0,0.2
0.292,1500.42,100.66,0.0,PRESSURE_SURGE,0.0,0.2
0.293,1503.39,100.06,0.0,PRESSURE_SURGE,0.0,0.2
0.294,1502.62,98.36,0.0,PRESSURE_SURGE,0.0,0.2
0.295,1497.83,102.87,0.0,PRESSURE_SURGE,0.0,0.2
0.296,1499.31,99.56,0.0,PRESSURE_SURGE,0.0,0.2
0.297,1507.84,101.81,0.0,PRESSURE_SURGE,0.0,0.2
0.298,1500.48,99.54,0.0,PRESSURE_SURGE,0.0,0.2
0.299,1500.82,97.9,0.0,PRESSURE_SURGE,0.0,0.2
0.3,1502.95,101.49,0.0,PRESSURE_SURGE,0.0,0.2
0.301,1502.9,101.53,0.0,PRESSURE_SURGE,0.0,0.2
0.302,1502.27,101.06,0.0,PRESSURE_SURGE,0.0,0.2
0.303,1497.76,101.45,0.0,PRESSURE_SURGE,0.0,0.2
0.304,1499.81,99.17,0.0,PRESSURE_SURGE,0.0,0.2
0.305,1499.0,99.22,0.0,PRESSURE_SURGE,0.0,0.2
0.306,1502.67,100.3,0.0,PRESSURE_SURGE,0.0,0.2
0.307,1497.75,98.45,0.0,PRESSURE_SURGE,0.0,0.2
0.308,1497.37,100.3,0.0,PRESSURE_SURGE,0.0,0.2
0.309,1497.3,100.09,0.0,PRESSURE_SURGE,0.0,0.2
0.31,1496.93,101.71,0.0,PRESSURE_SURGE,0.0,0.2
0.311,1495.89,102.26,0.0,PRESSURE_SURGE,0.0,0.2
0.312,1495.11,102.19,0.0,PRESSURE_SURGE,0.0,0.2
0.313,1497.44,98.56,0.0,PRESSURE_SURGE,0.0,0.2
0.314,1494.25,99.34,0.0,PRESSURE_SURGE,0.0,0.2
0.315,1499.55,100.28,0.0,PRESSURE_SURGE,0.0,0.2
0.316,1490.77,100.03,0.0,PRESSURE_SURGE,0.0,0.2
0.317,1494.64,101.79,0.0,PRESSURE_SURGE,0.0,0.2
0.318,1493.72,99.24,0.0,PRESSURE_SURGE,0.0,0.2
0.319,1495.54,97.78,0.0,PRESSURE_SURGE,0.0,0.2
0.32,1492.42,100.65,0.0,PRESSURE_SURGE,0.0,0.2
0.321,1495.69,100.27,0.0,PRESSURE_SURGE,0.0,0.2
0.322,1495.72,102.21,0.0,PRESSURE_SURGE,0.0,0.2
0.323,1486.99,100.95,0.0,PRESSURE_SURGE,0.0,0.2
0.324,1498.52,99.65,0.0,PRESSURE_SURGE,0.0,0.2
0.325,1489.63,103.88,0.0,PRESSURE_SURGE,0.0,0.2
0.326,1492.54,102.58,0.0,PRESSURE_SURGE,0.0,0.2
0.327,1494.2,100.16,0.0,PRESSURE_SURGE,0.0,0.2
0.328,1497.57,99.69,0.0,PRESSURE_SURGE,0.0,0.2
0.329,1498.59,99.72,0.0,PRESSURE_SURGE,0.0,0.2
0.33,1492.93,100.02,0.0,PRESSURE_SURGE,0.0,0.2
0.331,1486.91,100.13,0.0,PRESSURE_SURGE,0.0,0.2
0.332,1485.84,98.35,0.0,PRESSURE_SURGE,0.0,0.2
0.333,1484.63,101.23,0.0,PRESSURE_SURGE,0.0,0.2
0.334,1491.39,98.21,0.0,PRESSURE_SURGE,0.0,0.2
0.335,1489.64,96.61,0.0,PRESSURE_SURGE,0.0,0.2
0.336,1485.83,98.64,0.0,PRESSURE_SURGE,0.0,0.2
0.337,1493.74,100.8,0.0,PRESSURE_SURGE,0.0,0.2
0.338,1495.35,100.7,0.0,PRESSURE_SURGE,0.0,0.2
0.339,1495.05,98.77,0.0,PRESSURE_SURGE,0.0,0.2
0.34,1494.81,99.89,0.0,PRESSURE_SURGE,0.0,0.2
0.341,1482.26,100.02,0.0,PRESSURE_SURGE,0.0,0.2
0.342,1493.69,99.71,0.0,PRESSURE_SURGE,0.0,0.2
0.343,1488.36,98.94,0.0,PRESSURE_SURGE,0.0,0.2
0.344,1494.13,102.6,0.0,PRESSURE_SURGE,0.0,0.2
0.345,1489.13,100.77,0.0,PRESSURE_SURGE,0.0,0.2
0.346,1487.75,98.79,0.0,PRESSURE_SURGE,0.0,0.2
0.347,1489.22,99.7,0.0,PRESSURE_SURGE,0.0,0.2
0.348,1492.07,100.82,0.0,PRESSURE_SURGE,0.0,0.2
0.349,1491.21,100.21,0.0,PRESSURE_SURGE,0.0,0.2
0.35,1491.9,99.61,0.0,PRESSURE_SURGE,0.0,0.2
0.351,1485.87,99.28,0.0,PRESSURE_SURGE,0.0,0.2
0.352,1489.41,98.44,0.0,PRESSURE_SURGE,0.0,0.2
0.353,1491.2,102.57,0.0,PRESSURE_SURGE,0.0,0.2
0.354,1493.23,99.66,0.0,PRESSURE_SURGE,0.0,0.2
0.355,1496.51,99.64,0.0,PRESSURE_SURGE,0.0,0.2
0.356,1489.13,100.5,0.0,PRESSURE_SURGE,0.0,0.2
0.357,1495.12,101.46,0.0,PRESSURE_SURGE,0.0,0.2
0.358,1488.06,100.34,0.0,PRESSURE_SURGE,0.0,0.2
0.359,1492.58,99.7,0.0,PRESSURE_SURGE,0.0,0.2
0.36,1493.55,100.92,0.0,PRESSURE_SURGE,0.0,0.2
0.361,1483.58,100.28,0.0,PRESSURE_SURGE,0.0,0.2
0.362,1494.93,101.52,0.0,PRESSURE_SURGE,0.0,0.2
0.363,1496.37,97.02,0.0,PRESSURE_SURGE,0.0,0.2
0.364,1488.39,101.02,0.0,PRESSURE_SURGE,0.0,0.2
0.365,1490.73,98.43,0.0,PRESSURE_SURGE,0.0,0.2
0.366,1496.57,98.13,0.0,PRESSURE_SURGE,0.0,0.2
0.367,1488.95,97.06,0.0,PRESSURE_SURGE,0.0,0.2
0.368,1494.17,99.14,0.0,PRESSURE_SURGE,0.0,0.2
0.369,1484.19,98.73,0.0,PRESSURE_SURGE,0.0,0.2
0.37,1491.96,99.39,0.0,PRESSURE_SURGE,0.0,0.2
0.371,1495.47,100.58,0.0,PRESSURE_SURGE,0.0,0.2
0.372,1488.92,98.44,0.0,PRESSURE_SURGE,0.0,0.2
0.373,1494.14,101.02,0.0,PRESSURE_SURGE,0.0,0.2
0.374,1492.84,100.93,0.0,PRESSURE_SURGE,0.0,0.2
0.375,1490.57,100.38,0.0,PRESSURE_SURGE,0.0,0.2
0.376,1495.08,99.6,0.0,PRESSURE_SURGE,0.0,0.2
0.377,1496.7,99.18,0.0,PRESSURE_SURGE,0.0,0.2
0.378,1490.43,95.08,0.0,PRESSURE_SURGE,0.0,0.2
0.379,1488.95,101.18,0.0,PRESSURE_SURGE,0.0,0.2
0.38,1497.49,100.94,0.0,PRESSURE_SURGE,0.0,0.2
0.381,1495.57,100.32,0.0,PRESSURE_SURGE,0.0,0.2
0.382,1496.36,97.07,0.0,PRESSURE_SURGE,0.0,0.2
0.383,1498.65,99.65,0.0,PRESSURE_SURGE,0.0,0.2
0.384,1490.6,99.48,0.0,PRESSURE_SURGE,0.0,0.2
0.385,1495.05,99.72,0.0,PRESSURE_SURGE,0.0,0.2
0.386,1500.34,100.91,0.0,PRESSURE_SURGE,0.0,0.2
0.387,1495.42,97.41,0.0,PRESSURE_SURGE,0.0,0.2
0.388,1498.09,100.98,0.0,PRESSURE_SURGE,0.0,0.2
0.389,1491.0,100.64,0.0,PRESSURE_SURGE,0.0,0.2
0.39,1494.13,100.76,0.0,PRESSURE_SURGE,0.0,0.2
0.391,1498.4,99.78,0.0,PRESSURE_SURGE,0.0,0.2
0.392,1497.83,99.23,0.0,PRESSURE_SURGE,0.0,0.2
0.393,1501.12,102.05,0.0,PRESSURE_SURGE,0.0,0.2
0.394,1498.23,102.66,0.0,PRESSURE_SURGE,0.0,0.2
0.395,1495.19,99.33,0.0,PRESSURE_SURGE,0.0,0.2
0.396,1499.08,100.9,0.0,PRESSURE_SURGE,0.0,0.2
0.397,1497.72,100.05,0.0,PRESSURE_SURGE,0.0,0.2
0.398,1497.25,97.48,0.0,PRESSURE_SURGE,0.0,0.2
0.399,1503.42,102.32,0.0,PRESSURE_SURGE,0.0,0.2
0.4,1498.88,101.67,0.0,PRESSURE_SURGE,0.0,0.2
0.401,1501.83,98.73,0.0,PRESSURE_SURGE,0.0,0.2
0.402,1499.22,101.34,0.0,PRESSURE_SURGE,0.0,0.2
0.403,1500.92,99.91,0.0,PRESSURE_SURGE,0.0,0.2
0.404,1499.89,98.74,0.0,PRESSURE_SURGE,0.0,0.2
0.405,1503.71,100.81,0.0,PRESSURE_SURGE,0.0,0.2
0.406,1502.09,98.4,0.0,PRESSURE_SURGE,0.0,0.2
0.407,1501.96,97.68,0.0,PRESSURE_SURGE,0.0,0.2
0.408,1500.24,96.35,0.0,PRESSURE_SURGE,0.0,0.2
0.409,1503.54,99.47,0.0,PRESSURE_SURGE,0.0,0.2
0.41,1501.78,101.13,0.0,PRESSURE_SURGE,0.0,0.2
0.411,1505.22,99.7,0.0,PRESSURE_SURGE,0.0,0.2
0.412,1504.75,99.67,0.0,PRESSURE_SURGE,0.0,0.2
0.413,1504.65,98.29,0.0,PRESSURE_SURGE,0.0,0.2
0.414,1505.25,99.2,0.0,PRESSURE_SURGE,0.0,0.2
0.415,1506.36,100.28,0.0,PRESSURE_SURGE,0.0,0.2
0.416,1499.6,100.05,0.0,PRESSURE_SURGE,0.0,0.2
0.417,1502.69,99.69,0.0,PRESSURE_SURGE,0.0,0.2
0.418,1505.98,97.63,0.0,PRESSURE_SURGE,0.0,0.2
0.419,1504.28,102.04,0.0,PRESSURE_SURGE,0.0,0.2
0.42,1507.79,97.59,0.0,PRESSURE_SURGE,0.0,0.2
0.421,1505.09,99.81,0.0,PRESSURE_SURGE,0.0,0.2
0.422,1508.04,99.87,0.0,PRESSURE_SURGE,0.0,0.2
0.423,1504.11,98.94,0.0,PRESSURE_SURGE,0.0,0.2
0.424,1514.26,99.31,0.0,PRESSURE_SURGE,0.0,0.2
0.425,1509.78,100.99,0.0,PRESSURE_SURGE,0.0,0.2
0.426,1507.74,97.32,0.0,PRESSURE_SURGE,0.0,0.2
0.427,1508.55,98.3,0.0,PRESSURE_SURGE,0.0,0.2
0.428,1510.08,99.73,0.0,PRESSURE_SURGE,0.0,0.2
0.429,1506.37,101.18,0.0,PRESSURE_SURGE,0.0,0.2
0.43,1506.42,99.64,0.0,PRESSURE_SURGE,0.0,0.2
0.431,1509.84,97.85,0.0,PRESSURE_SURGE,0.0,0.2
0.432,1509.38,101.67,0.0,PRESSURE_SURGE,0.0,0.2
0.433,1510.39,99.32,0.0,PRESSURE_SURGE,0.0,0.2
0.434,1514.15,100.53,0.0,PRESSURE_SURGE,0.0,0.2
0.435,1512.26,99.0,0.0,PRESSURE_SURGE,0.0,0.2
0.436,1508.34,98.27,0.0,PRESSURE_SURGE,0.0,0.2
0.437,1505.08,102.69,0.0,PRESSURE_SURGE,0.0,0.2
0.438,1506.36,101.07,0.0,PRESSURE_SURGE,0.0,0.2
0.439,1506.86,98.99,0.0,PRESSURE_SURGE,0.0,0.2
0.44,1511.67,101.04,0.0,PRESSURE_SURGE,0.0,0.2
0.441,1508.47,99.27,0.0,PRESSURE_SURGE,0.0,0.2
0.442,1507.11,98.93,0.0,PRESSURE_SURGE,0.0,0.2
0.443,1505.49,100.64,0.0,PRESSURE_SURGE,0.0,0.2
0.444,1509.77,98.99,0.0,PRESSURE_SURGE,0.0,0.2
0.445,1507.79,101.67,0.0,PRESSURE_SURGE,0.0,0.2
0.446,1506.76,99.31,0.0,PRESSURE_SURGE,0.0,0.2
0.447,1514.11,97.77,0.0,PRESSURE_SURGE,0.0,0.2
0.448,1507.34,101.15,0.0,PRESSURE_SURGE,0.0,0.2
0.449,1509.27,97.29,0.0,PRESSURE_SURGE,0.0,0.2
0.45,1507.11,98.84,0.0,PRESSURE_SURGE,0.0,0.2
0.451,1514.31,97.32,0.0,PRESSURE_SURGE,0.0,0.2
0.452,1507.95,99.57,0.0,PRESSURE_SURGE,0.0,0.2
0.453,1508.2,101.36,0.0,PRESSURE_SURGE,0.0,0.2
0.454,1506.46,102.94,0.0,PRESSURE_SURGE,0.0,0.2
0.455,1506.19,100.69,0.0,PRESSURE_SURGE,0.0,0.2
0.456,1507.93,102.32,0.0,PRESSURE_SURGE,0.0,0.2
0.457,1509.09,98.92,0.0,PRESSURE_SURGE,0.0,0.2
0.458,1506.0,100.13,0.0,PRESSURE_SURGE,0.0,0.2
0.459,1511.3,99.12,0.0,PRESSURE_SURGE,0.0,0.2
0.46,1505.87,97.74,0.0,PRESSURE_SURGE,0.0,0.2
0.461,1511.62,102.95,0.0,PRESSURE_SURGE,0.0,0.2
0.462,1510.45,100.07,0.0,PRESSURE_SURGE,0.0,0.2
0.463,1508.48,99.91,0.0,PRESSURE_SURGE,0.0,0.2
0.464,1509.41,98.14,0.0,PRESSURE_SURGE,0.0,0.2
0.465,1508.13,102.52,0.0,PRESSURE_SURGE,0.0,0.2
0.466,1511.78,99.29,0.0,PRESSURE_SURGE,0.0,0.2
0.467,1504.15,98.95,0.0,PRESSURE_SURGE,0.0,0.2
0.468,1505.53,101.25,0.0,PRESSURE_SURGE,0.0,0.2
0.469,1503.3,97.88,0.0,PRESSURE_SURGE,0.0,0.2
0.47,1504.67,97.69,0.0,PRESSURE_SURGE,0.0,0.2
0.471,1509.38,99.45,0.0,PRESSURE_SURGE,0.0,0.2
0.472,1506.27,100.32,0.0,PRESSURE_SURGE,0.0,0.2
0.473,1500.19,100.06,0.0,PRESSURE_SURGE,0.0,0.2
0.474,1512.9,98.24,0.0,PRESSURE_SURGE,0.0,0.2
0.475,1503.55,100.92,0.0,PRESSURE_SURGE,0.0,0.2
0.476,1508.71,100.3,0.0,PRESSURE_SURGE,0.0,0.2
0.477,1508.94,98.5,0.0,PRESSURE_SURGE,0.0,0.2
0.478,1504.63,99.5,0.0,PRESSURE_SURGE,0.0,0.2
0.479,1504.24,98.8,0.0,PRESSURE_SURGE,0.0,0.2
0.48,1505.23,98.65,0.0,PRESSURE_SURGE,0.0,0.2
0.481,1504.58,100.87,0.0,PRESSURE_SURGE,0.0,0.2
0.482,1498.11,98.5,0.0,PRESSURE_SURGE,0.0,0.2
0.483,1503.98,98.33,0.0,PRESSURE_SURGE,0.0,0.2
0.484,1509.96,99.68,0.0,PRESSURE_SURGE,0.0,0.2
0.485,1508.71,99.41,0.0,PRESSURE_SURGE,0.0,0.2
0.486,1502.34,100.19,0.0,PRESSURE_SURGE,0.0,0.2
0.487,1505.2,99.68,0.0,PRESSURE_SURGE,0.0,0.2
0.488,1507.37,98.75,0.0,PRESSURE_SURGE,0.0,0.2
0.489,1504.76,98.79,0.0,PRESSURE_SURGE,0.0,0.2
0.49,1500.24,99.49,0.0,PRESSURE_SURGE,0.0,0.2
0.491,1501.02,96.87,0.0,PRESSURE_SURGE,0.0,0.2
0.492,1506.22,101.71,0.0,PRESSURE_SURGE,0.0,0.2
0.493,1498.15,98.61,0.0,PRESSURE_SURGE,0.0,0.2
0.494,1504.58,101.4,0.0,PRESSURE_SURGE,0.0,0.2
0.495,1506.3,101.04,0.0,PRESSURE_SURGE,0.0,0.2
0.496,1498.63,100.28,0.0,PRESSURE_SURGE,0.0,0.2
0.497,1500.21,99.86,0.0,PRESSURE_SURGE,0.0,0.2
0.498,1502.91,98.62,0.0,PRESSURE_SURGE,0.0,0.2
0.499,1498.15,97.82,0.0,PRESSURE_SURGE,0.0,0.2
0.5,1498.87,101.4,1.0,PRESSURE_SURGE,0.0,0.2
0.501,1498.77,100.6,1.0,PRESSURE_SURGE,0.0,0.2
0.502,1503.48,100.25,1.0,PRESSURE_SURGE,0.0,0.2
0.503,1493.37,98.88,1.0,PRESSURE_SURGE,0.0,0.2
0.504,1496.91,103.82,1.0,PRESSURE_SURGE,0.0,0.2
0.505,1494.57,100.86,1.0,PRESSURE_SURGE,0.0,0.2
0.506,1501.79,101.63,1.0,PRESSURE_SURGE,0.0,0.2
0.507,1498.8,96.37,1.0,PRESSURE_SURGE,0.0,0.2
0.508,1496.41,102.07,1.0,PRESSURE_SURGE,0.0,0.2
0.509,1501.53,100.68,1.0,PRESSURE_SURGE,0.0,0.2
0.51,1499.78,100.41,1.0,PRESSURE_SURGE,0.0,0.2
0.511,1495.9,98.74,1.0,PRESSURE_SURGE,0.0,0.2
0.512,1494.12,101.08,1.0,PRESSURE_SURGE,0.0,0.2
0.513,1487.93,97.55,1.0,PRESSURE_SURGE,0.0,0.2
0.514,1489.3,99.16,1.0,PRESSURE_SURGE,0.0,0.2
0.515,1494.69,100.88,1.0,PRESSURE_SURGE,0.0,0.2
0.516,1491.48,99.28,1.0,PRESSURE_SURGE,0.0,0.2
0.517,1497.7,99.82,1.0,PRESSURE_SURGE,0.0,0.2
0.518,1496.88,99.51,1.0,PRESSURE_SURGE,0.0,0.2
0.519,1496.43,101.19,1.0,PRESSURE_SURGE,0.0,0.2
0.52,1494.74,100.31,1.0,PRESSURE_SURGE,0.0,0.2
0.521,1494.97,98.98,1.0,PRESSURE_SURGE,0.0,0.2
0.522,1490.96,100.17,1.0,PRESSURE_SURGE,0.0,0.2
0.523,1492.23,99.14,1.0,PRESSURE_SURGE,0.0,0.2
0.524,1493.7,100.67,1.0,PRESSURE_SURGE,0.0,0.2
0.525,1494.4,101.03,1.0,PRESSURE_SURGE,0.0,0.2
0.526,1486.96,98.5,1.0,PRESSURE_SURGE,0.0,0.2
0.527,1492.78,100.08,1.0,PRESSURE_SURGE,0.0,0.2
0.528,1491.62,98.77,1.0,PRESSURE_SURGE,0.0,0.2
0.529,1488.49,101.63,1.0,PRESSURE_SURGE,0.0,0.2
0.53,1488.26,100.26,1.0,PRESSURE_SURGE,0.0,0.2
0.531,1493.01,99.26,1.0,PRESSURE_SURGE,0.0,0.2
0.532,1491.87,100.55,1.0,PRESSURE_SURGE,0.0,0.2
0.533,1494.05,98.96,1.0,PRESSURE_SURGE,0.0,0.2
0.534,1488.23,98.4,1.0,PRESSURE_SURGE,0.0,0.2
0.535,1489.37,101.42,1.0,PRESSURE_SURGE,0.0,0.2
0.536,1492.78,99.69,1.0,PRESSURE_SURGE,0.0,0.2
0.537,1497.47,100.38,1.0,PRESSURE_SURGE,0.0,0.2
0.538,1492.43,100.81,1.0,PRESSURE_SURGE,0.0,0.2
0.539,1493.22,97.4,1.0,PRESSURE_SURGE,0.0,0.2
0.54,1492.2,102.65,1.0,PRESSURE_SURGE,0.0,0.2
0.541,1493.16,100.1,1.0,PRESSURE_SURGE,0.0,0.2
0.542,1494.6,100.31,1.0,PRESSURE_SURGE,0.0,0.2
0.543,1483.41,99.5,1.0,PRESSURE_SURGE,0.0,0.2
0.544,1489.82,99.81,1.0,PRESSURE_SURGE,0.0,0.2
0.545,1486.29,100.11,1.0,PRESSURE_SURGE,0.0,0.2
0.546,1488.34,98.76,1.0,PRESSURE_SURGE,0.0,0.2
0.547,1490.74,97.86,1.0,PRESSURE_SURGE,0.0,0.2
0.548,1494.62,96.76,1.0,PRESSURE_SURGE,0.0,0.2
0.549,1485.87,100.93,1.0,PRESSURE_SURGE,0.0,0.2
0.55,1485.98,100.07,1.0,PRESSURE_SURGE,0.0,0.2
0.551,1495.88,102.47,1.0,PRESSURE_SURGE,0.0,0.2
0.552,1484.79,100.42,1.0,PRESSURE_SURGE,0.0,0.2
0.553,1485.46,99.73,1.0,PRESSURE_SURGE,0.0,0.2
0.554,1491.05,103.21,1.0,PRESSURE_SURGE,0.0,0.2
0.555,1488.2,102.88,1.0,PRESSURE_SURGE,0.0,0.2
0.556,1488.76,98.04,1.0,PRESSURE_SURGE,0.0,0.2
0.557,1494.77,102.78,1.0,PRESSURE_SURGE,0.0,0.2
0.558,1489.85,99.93,1.0,PRESSURE_SURGE,0.0,0.2
0.559,1494.0,101.33,1.0,PRESSURE_SURGE,0.0,0.2
0.56,1488.61,100.0,1.0,PRESSURE_SURGE,0.0,0.2
0.561,1492.9,165.17,1.0,PRESSURE_SURGE,0.0,0.2
0.562,1491.18,227.13,1.0,PRESSURE_SURGE,0.0,0.2
0.563,1491.28,286.02,1.0,PRESSURE_SURGE,0.0,0.2
0.564,1492.3,342.01,1.0,PRESSURE_SURGE,0.0,0.2
0.565,1488.43,395.23,1.0,PRESSURE_SURGE,0.0,0.2
0.566,1494.22,445.83,1.0,PRESSURE_SURGE,0.0,0.2
0.567,1491.66,493.92,1.0,PRESSURE_SURGE,0.0,0.2
0.568,1493.32,539.65,1.0,PRESSURE_SURGE,0.0,0.2
0.569,1495.19,583.11,1.0,PRESSURE_SURGE,0.0,0.2
0.57,1490.19,624.43,1.0,PRESSURE_SURGE,0.0,0.2
0.571,1488.67,663.71,1.0,PRESSURE_SURGE,0.0,0.2
0.572,1489.46,701.05,1.0,PRESSURE_SURGE,0.0,0.2
0.573,1494.44,736.55,1.0,PRESSURE_SURGE,0.0,0.2
0.574,1488.37,770.29,1.0,PRESSURE_SURGE,0.0,0.2
0.575,1498.04,802.37,1.0,PRESSURE_SURGE,0.0,0.2
0.576,1497.11,832.86,1.0,PRESSURE_SURGE,0.0,0.2
0.577,1490.39,861.85,1.0,PRESSURE_SURGE,0.0,0.2
0.578,1490.72,889.41,1.0,PRESSURE_SURGE,0.0,0.2
0.579,1491.36,915.6,1.0,PRESSURE_SURGE,0.0,0.2
0.58,1493.78,940.51,1.0,PRESSURE_SURGE,0.0,0.2
0.581,1499.29,964.18,1.0,PRESSURE_SURGE,0.0,0.2
0.582,1487.91,986.69,1.0,PRESSURE_SURGE,0.0,0.2
0.583,1498.67,1008.08,1.0,PRESSURE_SURGE,0.0,0.2
0.584,1498.0,1028.42,1.0,PRESSURE_SURGE,0.0,0.2
0.585,1495.28,1047.75,1.0,PRESSURE_SURGE,0.0,0.2
0.586,1493.88,1066.13,1.0,PRESSURE_SURGE,0.0,0.2
0.587,1497.6,1083.6,1.0,PRESSURE_SURGE,0.0,0.2
0.588,1498.22,1100.21,1.0,PRESSURE_SURGE,0.0,0.2
0.589,1496.36,1116.0,1.0,PRESSURE_SURGE,0.0,0.2
0.59,1489.68,1131.01,1.0,PRESSURE_SURGE,0.0,0.2
0.591,1494.29,1145.28,1.0,PRESSURE_SURGE,0.0,0.2
0.592,1497.87,1158.84,1.0,PRESSURE_SURGE,0.0,0.2
0.593,1492.21,1171.73,1.0,PRESSURE_SURGE,0.0,0.2
0.594,1493.98,1183.99,1.0,PRESSURE_SURGE,0.0,0.2
0.595,1491.78,1195.64,1.0,PRESSURE_SURGE,0.0,0.2
0.596,1502.74,1206.72,1.0,PRESSURE_SURGE,0.0,0.2
0.597,1505.56,1217.25,1.0,PRESSURE_SURGE,0.0,0.2
0.598,1499.04,1227.26,1.0,PRESSURE_SURGE,0.0,0.2
0.599,1501.47,1236.78,1.0,PRESSURE_SURGE,0.0,0.2
0.6,1499.04,1245.82,1.0,PRESSURE_SURGE,0.0,0.2
0.601,1497.79,1254.42,1.0,PRESSURE_SURGE,0.0,0.2
0.602,1497.97,1262.6,1.0,PRESSURE_SURGE,0.0,0.2
0.603,1499.59,1270.37,1.0,PRESSURE_SURGE,0.0,0.2
0.604,1497.73,1277.76,1.0,PRESSURE_SURGE,0.0,0.2
0.605,1498.74,1284.78,1.0,PRESSURE_SURGE,0.0,0.2
0.606,1505.23,1291.46,1.0,PRESSURE_SURGE,0.0,0.2
0.607,1501.1,1297.8,1.0,PRESSURE_SURGE,0.0,0.2
0.608,1504.83,1303.84,1.0,PRESSURE_SURGE,0.0,0.2
0.609,1503.28,1309.57,1.0,PRESSURE_SURGE,0.0,0.2
0.61,1502.42,1315.02,1.0,PRESSURE_SURGE,0.0,0.2
0.611,1502.9,1320.21,1.0,PRESSURE_SURGE,0.0,0.2
0.612,1502.48,1325.13,1.0,PRESSURE_SURGE,0.0,0.2
0.613,1496.7,1329.82,1.0,PRESSURE_SURGE,0.0,0.2
0.614,1502.7,1334.27,1.0,PRESSURE_SURGE,0.0,0.2
0.615,1503.48,1338.5,1.0,PRESSURE_SURGE,0.0,0.2
0.616,1508.65,1342.53,1.0,PRESSURE_SURGE,0.0,0.2
0.617,1508.38,1346.35,1.0,PRESSURE_SURGE,0.0,0.2
0.618,1505.71,1349.99,1.0,PRESSURE_SURGE,0.0,0.2
0.619,1504.51,1353.44,1.0,PRESSURE_SURGE,0.0,0.2
0.62,1510.77,1356.73,1.0,PRESSURE_SURGE,0.0,0.2
0.621,1508.25,1359.85,1.0,PRESSURE_SURGE,0.0,0.2
0.622,1510.56,1362.82,1.0,PRESSURE_SURGE,0.0,0.2
0.623,1508.81,1365.65,1.0,PRESSURE_SURGE,0.0,0.2
0.624,1505.08,1368.33,1.0,PRESSURE_SURGE,0.0,0.2
0.625,1505.79,1370.88,1.0,PRESSURE_SURGE,0.0,0.2
0.626,1509.76,1373.31,1.0,PRESSURE_SURGE,0.0,0.2
0.627,1506.62,1375.61,1.0,PRESSURE_SURGE,0.0,0.2
0.628,1507.02,1377.8,1.0,PRESSURE_SURGE,0.0,0.2
0.629,1513.55,1379.89,1.0,PRESSURE_SURGE,0.0,0.2
0.63,1507.35,1381.87,1.0,PRESSURE_SURGE,0.0,0.2
0.631,1504.6,1383.75,1.0,PRESSURE_SURGE,0.0,0.2
0.632,1511.26,1385.54,1.0,PRESSURE_SURGE,0.0,0.2
0.633,1506.17,1387.24,1.0,PRESSURE_SURGE,0.0,0.2
0.634,1514.04,1388.86,1.0,PRESSURE_SURGE,0.0,0.2
0.635,1507.54,1390.4,1.0,PRESSURE_SURGE,0.0,0.2
0.636,1508.29,1391.86,1.0,PRESSURE_SURGE,0.0,0.2
0.637,1508.84,1393.25,1.0,PRESSURE_SURGE,0.0,0.2
0.638,1508.98,1394.57,1.0,PRESSURE_SURGE,0.0,0.2
0.639,1511.4,1395.82,1.0,PRESSURE_SURGE,0.0,0.2
0.64,1508.61,1416.23,1.0,PRESSURE_SURGE,0.0,0.2
0.641,1512.66,1422.19,1.0,PRESSURE_SURGE,0.0,0.2
0.642,1509.52,1408.9,1.0,PRESSURE_SURGE,0.0,0.2
0.643,1508.68,1417.16,1.0,PRESSURE_SURGE,0.0,0.2
0.644,1507.32,1419.2,1.0,PRESSURE_SURGE,0.0,0.2
0.645,1509.29,1423.72,1.0,PRESSURE_SURGE,0.0,0.2
0.646,1507.7,1427.44,1.0,PRESSURE_SURGE,0.0,0.2
0.647,1511.52,1419.94,1.0,PRESSURE_SURGE,0.0,0.2
0.648,1509.55,1421.9,1.0,PRESSURE_SURGE,0.0,0.2
0.649,1512.73,1424.49,1.0,PRESSURE_SURGE,0.0,0.2
0.65,1509.69,1412.65,1.0,PRESSURE_SURGE,0.0,0.2
0.651,1508.64,1427.36,1.0,PRESSURE_SURGE,0.0,0.2
0.652,1502.57,1425.86,1.0,PRESSURE_SURGE,0.0,0.2
0.653,1513.5,1421.16,1.0,PRESSURE_SURGE,0.0,0.2
0.654,1506.57,1422.4,1.0,PRESSURE_SURGE,0.0,0.2
0.655,1509.83,1424.37,1.0,PRESSURE_SURGE,0.0,0.2
0.656,1510.17,1418.1,1.0,PRESSURE_SURGE,0.0,0.2
0.657,1513.55,1424.98,1.0,PRESSURE_SURGE,0.0,0.2
0.658,1508.21,1408.84,1.0,PRESSURE_SURGE,0.0,0.2
0.659,1509.66,1420.59,1.0,PRESSURE_SURGE,0.0,0.2
0.66,1510.16,1434.29,1.0,PRESSURE_SURGE,0.0,0.2
0.661,1503.32,1412.98,1.0,PRESSURE_SURGE,0.0,0.2
0.662,1509.12,1416.58,1.0,PRESSURE_SURGE,0.0,0.2
0.663,1504.46,1424.82,1.0,PRESSURE_SURGE,0.0,0.2
0.664,1506.74,1428.37,1.0,PRESSURE_SURGE,0.0,0.2
0.665,1505.86,1419.15,1.0,PRESSURE_SURGE,0.0,0.2
0.666,1505.38,1430.61,1.0,PRESSURE_SURGE,0.0,0.2
0.667,1504.63,1411.78,1.0,PRESSURE_SURGE,0.0,0.2
0.668,1504.56,1411.17,1.0,PRESSURE_SURGE,0.0,0.2
0.669,1505.33,1420.8,1.0,PRESSURE_SURGE,0.0,0.2
0.67,1513.97,1415.29,1.0,PRESSURE_SURGE,0.0,0.2
0.671,1506.58,1417.05,1.0,PRESSURE_SURGE,0.0,0.2
0.672,1507.15,1419.63,1.0,PRESSURE_SURGE,0.0,0.2
0.673,1510.07,1420.79,1.0,PRESSURE_SURGE,0.0,0.2
0.674,1508.0,1423.39,1.0,PRESSURE_SURGE,0.0,0.2
0.675,1508.48,1422.88,1.0,PRESSURE_SURGE,0.0,0.2
0.676,1505.0,1409.88,1.0,PRESSURE_SURGE,0.0,0.2
0.677,1499.73,1413.56,1.0,PRESSURE_SURGE,0.0,0.2
0.678,1506.01,1423.76,1.0,PRESSURE_SURGE,0.0,0.2
0.679,1506.0,1421.58,1.0,PRESSURE_SURGE,0.0,0.2
0.68,1508.42,1428.23,1.0,PRESSURE_SURGE,0.0,0.2
0.681,1511.05,1426.85,1.0,PRESSURE_SURGE,0.0,0.2
0.682,1503.66,1415.79,1.0,PRESSURE_SURGE,0.0,0.2
0.683,1502.27,1416.5,1.0,PRESSURE_SURGE,0.0,0.2
0.684,1499.65,1420.71,1.0,PRESSURE_SURGE,0.0,0.2
0.685,1504.28,1417.97,1.0,PRESSURE_SURGE,0.0,0.2
0.686,1499.95,1418.54,1.0,PRESSURE_SURGE,0.0,0.2
0.687,1499.86,1416.06,1.0,PRESSURE_SURGE,0.0,0.2
0.688,1502.11,1419.14,1.0,PRESSURE_SURGE,0.0,0.2
0.689,1503.0,1414.11,1.0,PRESSURE_SURGE,0.0,0.2
0.69,1507.27,1417.95,1.0,PRESSURE_SURGE,0.0,0.2
0.691,1500.09,1414.64,1.0,PRESSURE_SURGE,0.0,0.2
0.692,1500.43,1430.2,1.0,PRESSURE_SURGE,0.0,0.2
0.693,1501.15,1430.56,1.0,PRESSURE_SURGE,0.0,0.2
0.694,1504.83,1425.81,1.0,PRESSURE_SURGE,0.0,0.2
0.695,1499.59,1415.89,1.0,PRESSURE_SURGE,0.0,0.2
0.696,1497.69,1421.5,1.0,PRESSURE_SURGE,0.0,0.2
0.697,1500.9,1410.48,1.0,PRESSURE_SURGE,0.0,0.2
0.698,1495.63,1416.5,1.0,PRESSURE_SURGE,0.0,0.2
0.699,1501.97,1414.85,1.0,PRESSURE_SURGE,0.0,0.2
0.7,1497.72,1420.9,1.0,PRESSURE_SURGE,0.0,0.2
0.701,1502.56,1416.32,1.0,PRESSURE_SURGE,0.0,0.2
0.702,1498.36,1427.79,1.0,PRESSURE_SURGE,0.0,0.2
0.703,1498.48,1417.83,1.0,PRESSURE_SURGE,0.0,0.2
0.704,1490.99,1428.41,1.0,PRESSURE_SURGE,0.0,0.2
0.705,1494.69,1423.5,1.0,PRESSURE_SURGE,0.0,0.2
0.706,1498.52,1420.87,1.0,PRESSURE_SURGE,0.0,0.2
0.707,1495.77,1412.98,1.0,PRESSURE_SURGE,0.0,0.2
0.708,1499.22,1426.62,1.0,PRESSURE_SURGE,0.0,0.2
0.709,1497.32,1423.16,1.0,PRESSURE_SURGE,0.0,0.2
0.71,1494.67,1421.92,1.0,PRESSURE_SURGE,0.0,0.2
0.711,1498.78,1417.71,1.0,PRESSURE_SURGE,0.0,0.2
0.712,1495.89,1421.56,1.0,PRESSURE_SURGE,0.0,0.2
0.713,1497.57,1418.07,1.0,PRESSURE_SURGE,0.0,0.2
0.714,1494.84,1418.47,1.0,PRESSURE_SURGE,0.0,0.2
0.715,1499.59,1423.81,1.0,PRESSURE_SURGE,0.0,0.2
0.716,1488.22,1424.87,1.0,PRESSURE_SURGE,0.0,0.2
0.717,1493.01,1423.36,1.0,PRESSURE_SURGE,0.0,0.2
0.718,1493.69,1421.96,1.0,PRESSURE_SURGE,0.0,0.2
0.719,1491.1,1415.9,1.0,PRESSURE_SURGE,0.0,0.2
0.72,1488.95,1411.67,1.0,PRESSURE_SURGE,0.0,0.2
0.721,1499.54,1427.36,1.0,PRESSURE_SURGE,0.0,0.2
0.722,1496.97,1412.83,1.0,PRESSURE_SURGE,0.0,0.2
0.723,1493.79,1418.72,1.0,PRESSURE_SURGE,0.0,0.2
0.724,1495.35,1415.45,1.0,PRESSURE_SURGE,0.0,0.2
0.725,1489.45,1426.99,1.0,PRESSURE_SURGE,0.0,0.2
0.726,1494.99,1418.5,1.0,PRESSURE_SURGE,0.0,0.2
0.727,1495.94,1426.17,1.0,PRESSURE_SURGE,0.0,0.2
0.728,1493.47,1417.59,1.0,PRESSURE_SURGE,0.0,0.2
0.729,1490.46,1420.66,1.0,PRESSURE_SURGE,0.0,0.2
0.73,1489.5,1421.27,1.0,PRESSURE_SURGE,0.0,0.2
0.731,1493.05,1420.13,1.0,PRESSURE_SURGE,0.0,0.2
0.732,1493.59,1418.75,1.0,PRESSURE_SURGE,0.0,0.2
0.733,1493.91,1420.52,1.0,PRESSURE_SURGE,0.0,0.2
0.734,1489.28,1427.42,1.0,PRESSURE_SURGE,0.0,0.2
0.735,1496.96,1415.16,1.0,PRESSURE_SURGE,0.0,0.2
0.736,1493.15,1419.9,1.0,PRESSURE_SURGE,0.0,0.2
0.737,1493.13,1416.3,1.0,PRESSURE_SURGE,0.0,0.2
0.738,1490.5,1425.96,1.0,PRESSURE_SURGE,0.0,0.2
0.739,1492.21,1410.13,1.0,PRESSURE_SURGE,0.0,0.2
0.74,1495.46,1419.8,1.0,PRESSURE_SURGE,0.0,0.2
0.741,1488.67,1418.85,1.0,PRESSURE_SURGE,0.0,0.2
0.742,1486.6,1420.43,1.0,PRESSURE_SURGE,0.0,0.2
0.743,1485.57,1424.5,1.0,PRESSURE_SURGE,0.0,0.2
0.744,1484.84,1416.1,1.0,PRESSURE_SURGE,0.0,0.2
0.745,1490.95,1418.18,1.0,PRESSURE_SURGE,0.0,0.2
0.746,1491.77,1418.14,1.0,PRESSURE_SURGE,0.0,0.2
0.747,1496.72,1425.76,1.0,PRESSURE_SURGE,0.0,0.2
0.748,1488.04,1428.29,1.0,PRESSURE_SURGE,0.0,0.2
0.749,1487.06,1414.56,1.0,PRESSURE_SURGE,0.0,0.2
0.75,1492.1,1417.65,1.0,PRESSURE_SURGE,0.0,0.2
0.751,1492.1,1412.95,1.0,PRESSURE_SURGE,0.0,0.2
0.752,1489.81,1420.73,1.0,PRESSURE_SURGE,0.0,0.2
0.753,1490.98,1421.14,1.0,PRESSURE_SURGE,0.0,0.2
0.754,1492.98,1421.81,1.0,PRESSURE_SURGE,0.0,0.2
0.755,1490.98,1410.34,1.0,PRESSURE_SURGE,0.0,0.2
0.756,1489.45,1420.45,1.0,PRESSURE_SURGE,0.0,0.2
0.757,1489.95,1425.24,1.0,PRESSURE_SURGE,0.0,0.2
0.758,1485.93,1422.64,1.0,PRESSURE_SURGE,0.0,0.2
0.759,1488.17,1422.35,1.0,PRESSURE_SURGE,0.0,0.2
0.76,1492.78,1427.78,1.0,PRESSURE_SURGE,0.0,0.2
0.761,1489.18,1425.7,1.0,PRESSURE_SURGE,0.0,0.2
0.762,1489.36,1423.01,1.0,PRESSURE_SURGE,0.0,0.2
0.763,1487.76,1427.51,1.0,PRESSURE_SURGE,0.0,0.2
0.764,1496.47,1428.5,1.0,PRESSURE_SURGE,0.0,0.2
0.765,1489.0,1428.4,1.0,PRESSURE_SURGE,0.0,0.2
0.766,1491.93,1419.57,1.0,PRESSURE_SURGE,0.0,0.2
0.767,1493.71,1422.46,1.0,PRESSURE_SURGE,0.0,0.2
0.768,1490.62,1425.09,1.0,PRESSURE_SURGE,0.0,0.2
0.769,1493.79,1424.16,1.0,PRESSURE_SURGE,0.0,0.2
0.77,1491.82,1424.2,1.0,PRESSURE_SURGE,0.0,0.2
0.771,1489.95,1423.08,1.0,PRESSURE_SURGE,0.0,0.2
0.772,1491.19,1413.37,1.0,PRESSURE_SURGE,0.0,0.2
0.773,1496.1,1421.17,1.0,PRESSURE_SURGE,0.0,0.2
0.774,1491.19,1418.75,1.0,PRESSURE_SURGE,0.0,0.2
0.775,1496.48,1427.43,1.0,PRESSURE_SURGE,0.0,0.2
0.776,1489.77,1429.92,1.0,PRESSURE_SURGE,0.0,0.2
0.777,1493.91,1414.03,1.0,PRESSURE_SURGE,0.0,0.2
0.778,1493.99,1419.45,1.0,PRESSURE_SURGE,0.0,0.2
0.779,1492.53,1420.64,1.0,PRESSURE_SURGE,0.0,0.2
0.78,1494.18,1421.66,1.0,PRESSURE_SURGE,0.0,0.2
0.781,1495.8,1418.9,1.0,PRESSURE_SURGE,0.0,0.2
0.782,1502.36,1425.72,1.0,PRESSURE_SURGE,0.0,0.2
0.783,1495.52,1416.54,1.0,PRESSURE_SURGE,0.0,0.2
0.784,1496.4,1423.2,1.0,PRESSURE_SURGE,0.0,0.2
0.785,1497.26,1422.83,1.0,PRESSURE_SURGE,0.0,0.2
0.786,1495.66,1420.57,1.0,PRESSURE_SURGE,0.0,0.2
0.787,1502.28,1414.26,1.0,PRESSURE_SURGE,0.0,0.2
0.788,1493.81,1420.43,1.0,PRESSURE_SURGE,0.0,0.2
0.789,1497.87,1422.71,1.0,PRESSURE_SURGE,0.0,0.2
0.79,1494.43,1417.48,1.0,PRESSURE_SURGE,0.0,0.2
0.791,1497.6,1419.76,1.0,PRESSURE_SURGE,0.0,0.2
0.792,1500.05,1421.12,1.0,PRESSURE_SURGE,0.0,0.2
0.793,1496.02,1416.54,1.0,PRESSURE_SURGE,0.0,0.2
0.794,1497.26,1413.2,1.0,PRESSURE_SURGE,0.0,0.2
0.795,1499.29,1422.4,1.0,PRESSURE_SURGE,0.0,0.2
0.796,1498.05,1406.97,1.0,PRESSURE_SURGE,0.0,0.2
0.797,1504.23,1419.72,1.0,PRESSURE_SURGE,0.0,0.2
0.798,1500.29,1415.09,1.0,PRESSURE_SURGE,0.0,0.2
0.799,1499.43,1419.53,1.0,PRESSURE_SURGE,0.0,0.2
0.8,1499.86,1416.87,1.0,PRESSURE_SURGE,0.0,0.2
0.801,1503.07,1427.53,1.0,PRESSURE_SURGE,0.0,0.2
0.802,1494.92,1421.59,1.0,PRESSURE_SURGE,0.0,0.2
0.803,1497.25,1423.68,1.0,PRESSURE_SURGE,0.0,0.2
0.804,1499.54,1419.57,1.0,PRESSURE_SURGE,0.0,0.2
0.805,1501.31,1422.76,1.0,PRESSURE_SURGE,0.0,0.2
0.806,1504.59,1417.69,1.0,PRESSURE_SURGE,0.0,0.2
0.807,1508.16,1419.81,1.0,PRESSURE_SURGE,0.0,0.2
0.808,1501.53,1422.19,1.0,PRESSURE_SURGE,0.0,0.2
0.809,1500.04,1422.82,1.0,PRESSURE_SURGE,0.0,0.2
0.81,1503.79,1421.28,1.0,PRESSURE_SURGE,0.0,0.2
0.811,1502.71,1416.75,1.0,PRESSURE_SURGE,0.0,0.2
0.812,1504.38,1414.75,1.0,PRESSURE_SURGE,0.0,0.2
0.813,1504.03,1414.49,1.0,PRESSURE_SURGE,0.0,0.2
0.814,1500.18,1427.29,1.0,PRESSURE_SURGE,0.0,0.2
0.815,1501.25,1412.12,1.0,PRESSURE_SURGE,0.0,0.2
0.816,1501.13,1415.69,1.0,PRESSURE_SURGE,0.0,0.2
0.817,1506.34,1425.22,1.0,PRESSURE_SURGE,0.0,0.2
0.818,1510.22,1418.08,1.0,PRESSURE_SURGE,0.0,0.2
0.819,1504.3,1420.65,1.0,PRESSURE_SURGE,0.0,0.2
0.82,1509.92,1415.42,1.0,PRESSURE_SURGE,0.0,0.2
0.821,1509.1,1426.15,1.0,PRESSURE_SURGE,0.0,0.2
0.822,1505.34,1418.73,1.0,PRESSURE_SURGE,0.0,0.2
0.823,1508.04,1423.15,1.0,PRESSURE_SURGE,0.0,0.2
0.824,1506.59,1421.56,1.0,PRESSURE_SURGE,0.0,0.2
0.825,1504.65,1423.34,1.0,PRESSURE_SURGE,0.0,0.2
0.826,1510.17,1421.48,1.0,PRESSURE_SURGE,0.0,0.2
0.827,1510.33,1416.78,1.0,PRESSURE_SURGE,0.0,0.2
0.828,1505.48,1413.28,1.0,PRESSURE_SURGE,0.0,0.2
0.829,1503.74,1419.41,1.0,PRESSURE_SURGE,0.0,0.2
0.83,1510.94,1417.47,1.0,PRESSURE_SURGE,0.0,0.2
0.831,1511.02,1413.34,1.0,PRESSURE_SURGE,0.0,0.2
0.832,1510.71,1419.74,1.0,PRESSURE_SURGE,0.0,0.2
0.833,1505.73,1419.68,1.0,PRESSURE_SURGE,0.0,0.2
0.834,1510.06,1418.45,1.0,PRESSURE_SURGE,0.0,0.2
0.835,1514.42,1418.89,1.0,PRESSURE_SURGE,0.0,0.2
0.836,1508.08,1421.83,1.0,PRESSURE_SURGE,0.0,0.2
0.837,1508.66,1422.77,1.0,PRESSURE_SURGE,0.0,0.2
0.838,1505.63,1428.97,1.0,PRESSURE_SURGE,0.0,0.2
0.839,1507.34,1425.89,1.0,PRESSURE_SURGE,0.0,0.2
0.84,1511.81,1411.33,1.0,PRESSURE_SURGE,0.0,0.2
0.841,1507.07,1430.65,1.0,PRESSURE_SURGE,0.0,0.2
0.842,1514.78,1426.63,1.0,PRESSURE_SURGE,0.0,0.2
0.843,1507.14,1418.74,1.0,PRESSURE_SURGE,0.0,0.2
0.844,1515.25,1419.2,1.0,PRESSURE_SURGE,0.0,0.2
0.845,1511.71,1422.02,1.0,PRESSURE_SURGE,0.0,0.2
0.846,1510.48,1422.64,1.0,PRESSURE_SURGE,0.0,0.2
0.847,1504.62,1412.16,1.0,PRESSURE_SURGE,0.0,0.2
0.848,1508.82,1422.42,1.0,PRESSURE_SURGE,0.0,0.2
0.849,1510.63,1423.26,1.0,PRESSURE_SURGE,0.0,0.2
0.85,1515.05,1427.03,1.0,PRESSURE_SURGE,0.0,0.2
0.851,1508.41,1419.97,1.0,PRESSURE_SURGE,0.0,0.2
0.852,1510.56,1421.57,1.0,PRESSURE_SURGE,0.0,0.2
0.853,1509.27,1423.51,1.0,PRESSURE_SURGE,0.0,0.2
0.854,1511.39,1410.23,1.0,PRESSURE_SURGE,0.0,0.2
0.855,1511.83,1416.91,1.0,PRESSURE_SURGE,0.0,0.2
0.856,1515.59,1423.44,1.0,PRESSURE_SURGE,0.0,0.2
0.857,1507.28,1424.08,1.0,PRESSURE_SURGE,0.0,0.2
0.858,1516.17,1421.06,1.0,PRESSURE_SURGE,0.0,0.2
0.859,1512.07,1420.58,1.0,PRESSURE_SURGE,0.0,0.2
0.86,1509.39,1417.16,1.0,PRESSURE_SURGE,0.0,0.2
0.861,1506.96,1414.94,1.0,PRESSURE_SURGE,0.0,0.2
0.862,1505.97,1418.68,1.0,PRESSURE_SURGE,0.0,0.2
0.863,1505.38,1421.41,1.0,PRESSURE_SURGE,0.0,0.2
0.864,1509.73,1424.25,1.0,PRESSURE_SURGE,0.0,0.2
0.865,1507.21,1423.38,1.0,PRESSURE_SURGE,0.0,0.2
0.866,1515.63,1422.59,1.0,PRESSURE_SURGE,0.0,0.2
0.867,1508.7,1427.29,1.0,PRESSURE_SURGE,0.0,0.2
0.868,1509.13,1422.57,1.0,PRESSURE_SURGE,0.0,0.2
0.869,1510.71,1415.77,1.0,PRESSURE_SURGE,0.0,0.2
0.87,1510.4,1419.63,1.0,PRESSURE_SURGE,0.0,0.2
0.871,1509.02,1434.45,1.0,PRESSURE_SURGE,0.0,0.2
0.872,1502.85,1419.72,1.0,PRESSURE_SURGE,0.0,0.2
0.873,1510.91,1413.58,1.0,PRESSURE_SURGE,0.0,0.2
0.874,1508.25,1418.92,1.0,PRESSURE_SURGE,0.0,0.2
0.875,1505.92,1419.99,1.0,PRESSURE_SURGE,0.0,0.2
0.876,1505.75,1417.97,1.0,PRESSURE_SURGE,0.0,0.2
0.877,1505.9,1419.55,1.0,PRESSURE_SURGE,0.0,0.2
0.878,1504.98,1421.32,1.0,PRESSURE_SURGE,0.0,0.2
0.879,1501.87,1425.3,1.0,PRESSURE_SURGE,0.0,0.2
0.88,1502.41,1420.84,1.0,PRESSURE_SURGE,0.0,0.2
0.881,1503.72,1418.87,1.0,PRESSURE_SURGE,0.0,0.2
0.882,1504.81,1427.59,1.0,PRESSURE_SURGE,0.0,0.2
0.883,1501.65,1430.42,1.0,PRESSURE_SURGE,0.0,0.2
0.884,1501.33,1414.73,1.0,PRESSURE_SURGE,0.0,0.2
0.885,1504.21,1418.94,1.0,PRESSURE_SURGE,0.0,0.2
0.886,1496.08,1425.03,1.0,PRESSURE_SURGE,0.0,0.2
0.887,1500.96,1418.73,1.0,PRESSURE_SURGE,0.0,0.2
0.888,1499.12,1421.49,1.0,PRESSURE_SURGE,0.0,0.2
0.889,1503.6,1413.72,1.0,PRESSURE_SURGE,0.0,0.2
0.89,1503.24,1426.06,1.0,PRESSURE_SURGE,0.0,0.2
0.891,1502.74,1411.72,1.0,PRESSURE_SURGE,0.0,0.2
0.892,1502.51,1423.51,1.0,PRESSURE_SURGE,0.0,0.2
0.893,1501.54,1420.24,1.0,PRESSURE_SURGE,0.0,0.2
0.894,1507.2,1416.32,1.0,PRESSURE_SURGE,0.0,0.2
0.895,1511.6,1419.75,1.0,PRESSURE_SURGE,0.0,0.2
0.896,1496.47,1421.43,1.0,PRESSURE_SURGE,0.0,0.2
0.897,1510.81,1423.68,1.0,PRESSURE_SURGE,0.0,0.2
0.898,1500.06,1418.08,1.0,PRESSURE_SURGE,0.0,0.2
0.899,1503.8,1418.69,1.0,PRESSURE_SURGE,0.0,0.2
0.9,1499.8,1422.56,1.0,PRESSURE_SURGE,0.0,0.2
0.901,1494.33,1423.36,1.0,PRESSURE_SURGE,0.0,0.2
0.902,1494.72,1423.55,1.0,PRESSURE_SURGE,0.0,0.2
0.903,1499.67,1413.96,1.0,PRESSURE_SURGE,0.0,0.2
0.904,1500.32,1419.21,1.0,PRESSURE_SURGE,0.0,0.2
0.905,1498.13,1412.86,1.0,PRESSURE_SURGE,0.0,0.2
0.906,1499.36,1422.15,1.0,PRESSURE_SURGE,0.0,0.2
0.907,1499.47,1414.28,1.0,PRESSURE_SURGE,0.0,0.2
0.908,1499.17,1417.63,1.0,PRESSURE_SURGE,0.0,0.2
0.909,1501.66,1428.3,1.0,PRESSURE_SURGE,0.0,0.2
0.91,1498.53,1414.73,1.0,PRESSURE_SURGE,0.0,0.2
0.911,1503.94,1416.08,1.0,PRESSURE_SURGE,0.0,0.2
0.912,1495.09,1429.14,1.0,PRESSURE_SURGE,0.0,0.2
0.913,1496.84,1428.73,1.0,PRESSURE_SURGE,0.0,0.2
0.914,1489.3,1426.64,1.0,PRESSURE_SURGE,0.0,0.2
0.915,1497.73,1417.84,1.0,PRESSURE_SURGE,0.0,0.2
0.916,1492.39,1416.66,1.0,PRESSURE_SURGE,0.0,0.2
0.917,1496.55,1417.64,1.0,PRESSURE_SURGE,0.0,0.2
0.918,1496.62,1425.28,1.0,PRESSURE_SURGE,0.0,0.2
0.919,1493.57,1423.4,1.0,PRESSURE_SURGE,0.0,0.2
0.92,1493.28,1420.74,1.0,PRESSURE_SURGE,0.0,0.2
0.921,1491.01,1425.21,1.0,PRESSURE_SURGE,0.0,0.2
0.922,1491.99,1421.44,1.0,PRESSURE_SURGE,0.0,0.2
0.923,1493.78,1427.78,1.0,PRESSURE_SURGE,0.0,0.2
0.924,1489.11,1424.85,1.0,PRESSURE_SURGE,0.0,0.2
0.925,1496.48,1421.99,1.0,PRESSURE_SURGE,0.0,0.2
0.926,1488.92,1425.77,1.0,PRESSURE_SURGE,0.0,0.2
0.927,1490.26,1419.98,1.0,PRESSURE_SURGE,0.0,0.2
0.928,1492.74,1426.55,1.0,PRESSURE_SURGE,0.0,0.2
0.929,1494.75,1415.49,1.0,PRESSURE_SURGE,0.0,0.2
0.93,1492.15,1419.44,1.0,PRESSURE_SURGE,0.0,0.2
0.931,1490.36,1406.49,1.0,PRESSURE_SURGE,0.0,0.2
0.932,1495.3,1416.21,1.0,PRESSURE_SURGE,0.0,0.2
0.933,1486.59,1420.28,1.0,PRESSURE_SURGE,0.0,0.2
0.934,1484.58,1416.0,1.0,PRESSURE_SURGE,0.0,0.2
0.935,1491.5,1426.85,1.0,PRESSURE_SURGE,0.0,0.2
0.936,1493.05,1417.85,1.0,PRESSURE_SURGE,0.0,0.2
0.937,1493.09,1422.89,1.0,PRESSURE_SURGE,0.0,0.2
0.938,1489.0,1420.91,1.0,PRESSURE_SURGE,0.0,0.2
0.939,1495.23,1423.76,1.0,PRESSURE_SURGE,0.0,0.2
0.94,1485.57,1420.86,1.0,PRESSURE_SURGE,0.0,0.2
0.941,1489.4,1427.87,1.0,PRESSURE_SURGE,0.0,0.2
0.942,1488.72,1408.9,1.0,PRESSURE_SURGE,0.0,0.2
0.943,1488.74,1422.51,1.0,PRESSURE_SURGE,0.0,0.2
0.944,1490.38,1420.62,1.0,PRESSURE_SURGE,0.0,0.2
0.945,1485.98,1411.12,1.0,PRESSURE_SURGE,0.0,0.2
0.946,1488.43,1422.31,1.0,PRESSURE_SURGE,0.0,0.2
0.947,1495.81,1415.04,1.0,PRESSURE_SURGE,0.0,0.2
0.948,1487.2,1422.79,1.0,PRESSURE_SURGE,0.0,0.2
0.949,1485.74,1428.93,1.0,PRESSURE_SURGE,0.0,0.2
0.95,1484.65,1412.9,1.0,PRESSURE_SURGE,0.0,0.2
0.951,1489.85,1419.13,1.0,PRESSURE_SURGE,0.0,0.2
0.952,1488.02,1419.37,1.0,PRESSURE_SURGE,0.0,0.2
0.953,1490.58,1421.35,1.0,PRESSURE_SURGE,0.0,0.2
0.954,1491.7,1422.82,1.0,PRESSURE_SURGE,0.0,0.2
0.955,1489.17,1420.59,1.0,PRESSURE_SURGE,0.0,0.2
0.956,1484.22,1420.98,1.0,PRESSURE_SURGE,0.0,0.2
0.957,1486.72,1411.06,1.0,PRESSURE_SURGE,0.0,0.2
0.958,1490.04,1421.09,1.0,PRESSURE_SURGE,0.0,0.2
0.959,1491.27,1426.65,1.0,PRESSURE_SURGE,0.0,0.2
0.96,1495.39,1416.7,1.0,PRESSURE_SURGE,0.0,0.2
0.961,1490.87,1424.21,1.0,PRESSURE_SURGE,0.0,0.2
0.962,1490.2,1415.35,1.0,PRESSURE_SURGE,0.0,0.2
0.963,1491.17,1425.99,1.0,PRESSURE_SURGE,0.0,0.2
0.964,1487.89,1430.31,1.0,PRESSURE_SURGE,0.0,0.2
0.965,1492.11,1425.63,1.0,PRESSURE_SURGE,0.0,0.2
0.966,1488.04,1419.89,1.0,PRESSURE_SURGE,0.0,0.2
0.967,1491.78,1423.35,1.0,PRESSURE_SURGE,0.0,0.2
0.968,1494.2,1427.24,1.0,PRESSURE_SURGE,0.0,0.2
0.969,1498.42,1424.87,1.0,PRESSURE_SURGE,0.0,0.2
0.97,1491.6,1417.65,1.0,PRESSURE_SURGE,0.0,0.2
0.971,1491.12,1430.37,1.0,PRESSURE_SURGE,0.0,0.2
0.972,1494.19,1412.89,1.0,PRESSURE_SURGE,0.0,0.2
0.973,1491.41,1417.51,1.0,PRESSURE_SURGE,0.0,0.2
0.974,1493.36,1413.32,1.0,PRESSURE_SURGE,0.0,0.2
0.975,1496.35,1422.59,1.0,PRESSURE_SURGE,0.0,0.2
0.976,1491.26,1417.49,1.0,PRESSURE_SURGE,0.0,0.2
0.977,1499.14,1419.48,1.0,PRESSURE_SURGE,0.0,0.2
0.978,1493.48,1413.28,1.0,PRESSURE_SURGE,0.0,0.2
0.979,1493.83,1426.75,1.0,PRESSURE_SURGE,0.0,0.2
0.98,1495.89,1414.23,1.0,PRESSURE_SURGE,0.0,0.2
0.981,1493.49,1428.98,1.0,PRESSURE_SURGE,0.0,0.2
0.982,1493.32,1417.39,1.0,PRESSURE_SURGE,0.0,0.2
0.983,1493.96,1414.75,1.0,PRESSURE_SURGE,0.0,0.2
0.984,1495.24,1423.48,1.0,PRESSURE_SURGE,0.0,0.2
0.985,1496.06,1422.62,1.0,PRESSURE_SURGE,0.0,0.2
0.986,1491.83,1420.63,1.0,PRESSURE_SURGE,0.0,0.2
0.987,1498.16,1427.19,1.0,PRESSURE_SURGE,0.0,0.2
0.988,1496.72,1420.03,1.0,PRESSURE_SURGE,0.0,0.2
0.989,1494.08,1422.18,1.0,PRESSURE_SURGE,0.0,0.2
0.99,1501.64,1422.3,1.0,PRESSURE_SURGE,0.0,0.2
0.991,1494.08,1422.34,1.0,PRESSURE_SURGE,0.0,0.2
0.992,1497.06,1416.17,1.0,PRESSURE_SURGE,0.0,0.2
0.993,1492.92,1423.73,1.0,PRESSURE_SURGE,0.0,0.2
0.994,1496.26,1417.53,1.0,PRESSURE_SURGE,0.0,0.2
0.995,1502.71,1412.83,1.0,PRESSURE_SURGE,0.0,0.2
0.996,1498.19,1425.02,1.0,PRESSURE_SURGE,0.0,0.2
0.997,1497.96,1423.36,1.0,PRESSURE_SURGE,0.0,0.2
0.998,1500.38,1413.96,1.0,PRESSURE_SURGE,0.0,0.2
0.999,1495.41,1416.46,1.0,PRESSURE_SURGE,0.0,0.2
1.0,1497.82,1425.01,1.0,PRESSURE_SURGE,0.0,0.2
1.001,1504.59,1411.0,1.0,PRESSURE_SURGE,0.0,0.2
1.002,1501.31,1425.98,1.0,PRESSURE_SURGE,0.0,0.2
1.003,1503.04,1428.1,1.0,PRESSURE_SURGE,0.0,0.2
1.004,1501.67,1422.25,1.0,PRESSURE_SURGE,0.0,0.2
1.005,1503.4,1416.17,1.0,PRESSURE_SURGE,0.0,0.2
1.006,1498.27,1425.56,1.0,PRESSURE_SURGE,0.0,0.2
1.007,1501.95,1420.38,1.0,PRESSURE_SURGE,0.0,0.2
1.008,1507.2,1412.17,1.0,PRESSURE_SURGE,0.0,0.2
1.009,1504.35,1413.66,1.0,PRESSURE_SURGE,0.0,0.2
1.01,1506.4,1421.11,1.0,PRESSURE_SURGE,0.0,0.2
1.011,1503.24,1428.56,1.0,PRESSURE_SURGE,0.0,0.2
1.012,1505.15,1416.52,1.0,PRESSURE_SURGE,0.0,0.2
1.013,1508.98,1426.28,1.0,PRESSURE_SURGE,0.0,0.2
1.014,1504.39,1420.73,1.0,PRESSURE_SURGE,0.0,0.2
1.015,1506.48,1424.21,1.0,PRESSURE_SURGE,0.0,0.2
1.016,1508.37,1428.44,1.0,PRESSURE_SURGE,0.0,0.2
1.017,1498.51,1423.52,1.0,PRESSURE_SURGE,0.0,0.2
1.018,1504.01,1420.96,1.0,PRESSURE_SURGE,0.0,0.2
1.019,1507.56,1431.46,1.0,PRESSURE_SURGE,0.0,0.2
1.02,1508.57,1430.25,1.0,PRESSURE_SURGE,0.0,0.2
1.021,1512.61,1425.98,1.0,PRESSURE_SURGE,0.0,0.2
1.022,1505.61,1415.58,1.0,PRESSURE_SURGE,0.0,0.2
1.023,1509.1,1420.64,1.0,PRESSURE_SURGE,0.0,0.2
1.024,1501.08,1417.19,1.0,PRESSURE_SURGE,0.0,0.2
1.025,1509.71,1424.06,1.0,PRESSURE_SURGE,0.0,0.2
1.026,1506.21,1419.83,1.0,PRESSURE_SURGE,0.0,0.2
1.027,1507.79,1418.09,1.0,PRESSURE_SURGE,0.0,0.2
1.028,1509.66,1427.18,1.0,PRESSURE_SURGE,0.0,0.2
1.029,1513.33,1423.63,1.0,PRESSURE_SURGE,0.0,0.2
1.03,1505.73,1419.61,1.0,PRESSURE_SURGE,0.0,0.2
1.031,1514.3,1411.98,1.0,PRESSURE_SURGE,0.0,0.2
1.032,1505.99,1418.07,1.0,PRESSURE_SURGE,0.0,0.2
1.033,1503.54,1431.47,1.0,PRESSURE_SURGE,0.0,0.2
1.034,1507.78,1417.33,1.0,PRESSURE_SURGE,0.0,0.2
1.035,1513.45,1431.19,1.0,PRESSURE_SURGE,0.0,0.2
1.036,1514.91,1427.08,1.0,PRESSURE_SURGE,0.0,0.2
1.037,1511.9,1410.15,1.0,PRESSURE_SURGE,0.0,0.2
1.038,1508.51,1418.28,1.0,PRESSURE_SURGE,0.0,0.2
1.039,1507.47,1409.17,1.0,PRESSURE_SURGE,0.0,0.2
1.04,1510.05,1419.0,1.0,PRESSURE_SURGE,0.0,0.2
1.041,1506.37,1417.48,1.0,PRESSURE_SURGE,0.0,0.2
1.042,1511.6,1428.95,1.0,PRESSURE_SURGE,0.0,0.2
1.043,1511.36,1420.37,1.0,PRESSURE_SURGE,0.0,0.2
1.044,1511.26,1415.66,1.0,PRESSURE_SURGE,0.0,0.2
1.045,1513.2,1420.19,1.0,PRESSURE_SURGE,0.0,0.2
1.046,1509.05,1419.4,1.0,PRESSURE_SURGE,0.0,0.2
1.047,1508.23,1425.16,1.0,PRESSURE_SURGE,0.0,0.2
1.048,1506.4,1413.69,1.0,PRESSURE_SURGE,0.0,0.2
1.049,1512.02,1416.68,1.0,PRESSURE_SURGE,0.0,0.2
1.05,1507.0,1421.54,1.0,PRESSURE_SURGE,0.0,0.2
1.051,1506.4,1418.33,1.0,PRESSURE_SURGE,0.0,0.2
1.052,1508.96,1420.18,1.0,PRESSURE_SURGE,0.0,0.2
1.053,1510.74,1409.52,1.0,PRESSURE_SURGE,0.0,0.2
1.054,1507.16,1424.24,1.0,PRESSURE_SURGE,0.0,0.2
1.055,1510.29,1420.73,1.0,PRESSURE_SURGE,0.0,0.2
1.056,1508.18,1423.56,1.0,PRESSURE_SURGE,0.0,0.2
1.057,1509.1,1411.53,1.0,PRESSURE_SURGE,0.0,0.2
1.058,1512.72,1415.24,1.0,PRESSURE_SURGE,0.0,0.2
1.059,1511.4,1418.94,1.0,PRESSURE_SURGE,0.0,0.2
1.06,1509.95,1418.8,1.0,PRESSURE_SURGE,0.0,0.2
1.061,1506.51,1420.03,1.0,PRESSURE_SURGE,0.0,0.2
1.062,1515.59,1420.16,1.0,PRESSURE_SURGE,0.0,0.2
1.063,1506.8,1420.84,1.0,PRESSURE_SURGE,0.0,0.2
1.064,1509.31,1423.73,1.0,PRESSURE_SURGE,0.0,0.2
1.065,1508.57,1420.18,1.0,PRESSURE_SURGE,0.0,0.2
1.066,1509.88,1421.34,1.0,PRESSURE_SURGE,0.0,0.2
1.067,1509.16,1414.96,1.0,PRESSURE_SURGE,0.0,0.2
1.068,1508.03,1417.29,1.0,PRESSURE_SURGE,0.0,0.2
1.069,1507.05,1422.65,1.0,PRESSURE_SURGE,0.0,0.2
1.07,1509.24,1414.16,1.0,PRESSURE_SURGE,0.0,0.2
1.071,1508.29,1426.88,1.0,PRESSURE_SURGE,0.0,0.2
1.072,1514.14,1416.52,1.0,PRESSURE_SURGE,0.0,0.2
1.073,1508.87,1424.59,1.0,PRESSURE_SURGE,0.0,0.2
1.074,1512.19,1424.79,1.0,PRESSURE_SURGE,0.0,0.2
1.075,1506.99,1417.82,1.0,PRESSURE_SURGE,0.0,0.2
1.076,1508.72,1416.6,1.0,PRESSURE_SURGE,0.0,0.2
1.077,1511.21,1426.51,1.0,PRESSURE_SURGE,0.0,0.2
1.078,1509.04,1416.29,1.0,PRESSURE_SURGE,0.0,0.2
1.079,1502.57,1417.75,1.0,PRESSURE_SURGE,0.0,0.2
1.08,1505.57,1419.28,1.0,PRESSURE_SURGE,0.0,0.2
1.081,1503.94,1427.43,1.0,PRESSURE_SURGE,0.0,0.2
1.082,1512.33,1413.04,1.0,PRESSURE_SURGE,0.0,0.2
1.083,1502.64,1422.29,1.0,PRESSURE_SURGE,0.0,0.2
1.084,1504.45,1431.46,1.0,PRESSURE_SURGE,0.0,0.2
1.085,1502.37,1421.77,1.0,PRESSURE_SURGE,0.0,0.2
1.086,1507.17,1419.22,1.0,PRESSURE_SURGE,0.0,0.2
1.087,1500.4,1422.69,1.0,PRESSURE_SURGE,0.0,0.2
1.088,1503.99,1424.21,1.0,PRESSURE_SURGE,0.0,0.2
1.089,1502.86,1417.29,1.0,PRESSURE_SURGE,0.0,0.2
1.09,1503.29,1421.96,1.0,PRESSURE_SURGE,0.0,0.2
1.091,1498.7,1424.71,1.0,PRESSURE_SURGE,0.0,0.2
1.092,1505.21,1411.26,1.0,PRESSURE_SURGE,0.0,0.2
1.093,1502.33,1412.05,1.0,PRESSURE_SURGE,0.0,0.2
1.094,1499.75,1422.61,1.0,PRESSURE_SURGE,0.0,0.2
1.095,1501.49,1416.91,1.0,PRESSURE_SURGE,0.0,0.2
1.096,1500.89,1417.64,1.0,PRESSURE_SURGE,0.0,0.2
1.097,1499.14,1419.81,1.0,PRESSURE_SURGE,0.0,0.2
1.098,1499.5,1423.08,1.0,PRESSURE_SURGE,0.0,0.2
1.099,1502.61,1413.1,1.0,PRESSURE_SURGE,0.0,0.2
1.1,1501.53,1416.32,1.0,PRESSURE_SURGE,0.0,0.2
1.101,1502.92,1414.59,1.0,PRESSURE_SURGE,0.0,0.2
1.102,1499.37,1421.8,1.0,PRESSURE_SURGE,0.0,0.2
1.103,1498.08,1410.09,1.0,PRESSURE_SURGE,0.0,0.2
1.104,1497.98,1417.45,1.0,PRESSURE_SURGE,0.0,0.2
1.105,1496.77,1420.54,1.0,PRESSURE_SURGE,0.0,0.2
1.106,1499.57,1417.56,1.0,PRESSURE_SURGE,0.0,0.2
1.107,1500.85,1419.89,1.0,PRESSURE_SURGE,0.0,0.2
1.108,1495.53,1412.51,1.0,PRESSURE_SURGE,0.0,0.2
1.109,1497.6,1419.28,1.0,PRESSURE_SURGE,0.0,0.2
1.11,1503.19,1423.11,1.0,PRESSURE_SURGE,0.0,0.2
1.111,1501.51,1413.23,1.0,PRESSURE_SURGE,0.0,0.2
1.112,1494.87,1418.95,1.0,PRESSURE_SURGE,0.0,0.2
1.113,1493.45,1424.27,1.0,PRESSURE_SURGE,0.0,0.2
1.114,1500.13,1419.93,1.0,PRESSURE_SURGE,0.0,0.2
1.115,1494.4,1420.33,1.0,PRESSURE_SURGE,0.0,0.2
1.116,1494.21,1421.42,1.0,PRESSURE_SURGE,0.0,0.2
1.117,1499.6,1410.86,1.0,PRESSURE_SURGE,0.0,0.2
1.118,1496.35,1416.66,1.0,PRESSURE_SURGE,0.0,0.2
1.119,1492.54,1423.06,1.0,PRESSURE_SURGE,0.0,0.2
1.12,1493.78,1419.54,1.0,PRESSURE_SURGE,0.0,0.2
1.121,1498.03,1415.79,1.0,PRESSURE_SURGE,0.0,0.2
1.122,1491.71,1412.61,1.0,PRESSURE_SURGE,0.0,0.2
1.123,1488.1,1420.38,1.0,PRESSURE_SURGE,0.0,0.2
1.124,1486.74,1425.61,1.0,PRESSURE_SURGE,0.0,0.2
1.125,1492.87,1416.35,1.0,PRESSURE_SURGE,0.0,0.2
1.126,1496.06,1423.98,1.0,PRESSURE_SURGE,0.0,0.2
1.127,1494.18,1406.93,1.0,PRESSURE_SURGE,0.0,0.2
1.128,1495.25,1417.24,1.0,PRESSURE_SURGE,0.0,0.2
1.129,1493.39,1425.66,1.0,PRESSURE_SURGE,0.0,0.2
1.13,1492.53,1423.7,1.0,PRESSURE_SURGE,0.0,0.2
1.131,1490.86,1418.57,1.0,PRESSURE_SURGE,0.0,0.2
1.132,1490.09,1422.2,1.0,PRESSURE_SURGE,0.0,0.2
1.133,1488.79,1413.98,1.0,PRESSURE_SURGE,0.0,0.2
1.134,1496.35,1421.68,1.0,PRESSURE_SURGE,0.0,0.2
1.135,1491.23,1431.44,1.0,PRESSURE_SURGE,0.0,0.2
1.136,1487.12,1418.41,1.0,PRESSURE_SURGE,0.0,0.2
1.137,1493.54,1420.07,1.0,PRESSURE_SURGE,0.0,0.2
1.138,1489.42,1419.77,1.0,PRESSURE_SURGE,0.0,0.2
1.139,1490.59,1410.37,1.0,PRESSURE_SURGE,0.0,0.2
1.14,1492.9,1417.62,1.0,PRESSURE_SURGE,0.0,0.2
1.141,1491.18,1420.97,1.0,PRESSURE_SURGE,0.0,0.2
1.142,1485.97,1411.74,1.0,PRESSURE_SURGE,0.0,0.2
1.143,1488.06,1416.69,1.0,PRESSURE_SURGE,0.0,0.2
1.144,1488.21,1425.8,1.0,PRESSURE_SURGE,0.0,0.2
1.145,1493.83,1419.87,1.0,PRESSURE_SURGE,0.0,0.2
1.146,1488.06,1422.36,1.0,PRESSURE_SURGE,0.0,0.2
1.147,1491.56,1415.92,1.0,PRESSURE_SURGE,0.0,0.2
1.148,1496.7,1424.06,1.0,PRESSURE_SURGE,0.0,0.2
1.149,1490.19,1415.68,1.0,PRESSURE_SURGE,0.0,0.2
1.15,1488.27,1419.5,1.0,PRESSURE_SURGE,0.0,0.2
1.151,1493.16,1415.62,1.0,PRESSURE_SURGE,0.0,0.2
1.152,1495.5,1419.36,1.0,PRESSURE_SURGE,0.0,0.2
1.153,1492.84,1422.17,1.0,PRESSURE_SURGE,0.0,0.2
1.154,1491.47,1413.81,1.0,PRESSURE_SURGE,0.0,0.2
1.155,1488.16,1422.81,1.0,PRESSURE_SURGE,0.0,0.2
1.156,1488.55,1420.17,1.0,PRESSURE_SURGE,0.0,0.2
1.157,1487.18,1421.77,1.0,PRESSURE_SURGE,0.0,0.2
1.158,1491.45,1415.18,1.0,PRESSURE_SURGE,0.0,0.2
1.159,1493.93,1415.09,1.0,PRESSURE_SURGE,0.0,0.2
1.16,1496.79,1418.19,1.0,PRESSURE_SURGE,0.0,0.2
1.161,1498.47,1418.87,1.0,PRESSURE_SURGE,0.0,0.2
1.162,1487.26,1411.45,1.0,PRESSURE_SURGE,0.0,0.2
1.163,1485.81,1419.65,1.0,PRESSURE_SURGE,0.0,0.2
1.164,1493.53,1412.37,1.0,PRESSURE_SURGE,0.0,0.2
1.165,1491.42,1415.76,1.0,PRESSURE_SURGE,0.0,0.2
1.166,1494.32,1419.93,1.0,PRESSURE_SURGE,0.0,0.2
1.167,1494.61,1414.47,1.0,PRESSURE_SURGE,0.0,0.2
1.168,1495.31,1415.51,1.0,PRESSURE_SURGE,0.0,0.2
1.169,1489.14,1415.22,1.0,PRESSURE_SURGE,0.0,0.2
1.17,1490.47,1425.13,1.0,PRESSURE_SURGE,0.0,0.2
1.171,1494.44,1422.66,1.0,PRESSURE_SURGE,0.0,0.2
1.172,1492.17,1422.36,1.0,PRESSURE_SURGE,0.0,0.2
1.173,1490.3,1417.22,1.0,PRESSURE_SURGE,0.0,0.2
1.174,1494.15,1417.32,1.0,PRESSURE_SURGE,0.0,0.2
1.175,1496.53,1425.86,1.0,PRESSURE_SURGE,0.0,0.2
1.176,1495.03,1423.48,1.0,PRESSURE_SURGE,0.0,0.2
1.177,1491.72,1419.17,1.0,PRESSURE_SURGE,0.0,0.2
1.178,1494.77,1410.46,1.0,PRESSURE_SURGE,0.0,0.2
1.179,1488.54,1423.11,1.0,PRESSURE_SURGE,0.0,0.2
1.18,1495.06,1417.37,1.0,PRESSURE_SURGE,0.0,0.2
1.181,1494.98,1411.17,1.0,PRESSURE_SURGE,0.0,0.2
1.182,1494.6,1424.78,1.0,PRESSURE_SURGE,0.0,0.2
1.183,1499.17,1424.01,1.0,PRESSURE_SURGE,0.0,0.2
1.184,1501.34,1423.94,1.0,PRESSURE_SURGE,0.0,0.2
1.185,1492.3,1422.08,1.0,PRESSURE_SURGE,0.0,0.2
1.186,1495.26,1416.94,1.0,PRESSURE_SURGE,0.0,0.2
1.187,1497.61,1414.91,1.0,PRESSURE_SURGE,0.0,0.2
1.188,1496.32,1413.0,1.0,PRESSURE_SURGE,0.0,0.2
1.189,1496.47,1426.04,1.0,PRESSURE_SURGE,0.0,0.2
1.19,1498.93,1416.47,1.0,PRESSURE_SURGE,0.0,0.2
1.191,1494.11,1413.16,1.0,PRESSURE_SURGE,0.0,0.2
1.192,1499.94,1424.13,1.0,PRESSURE_SURGE,0.0,0.2
1.193,1496.71,1420.83,1.0,PRESSURE_SURGE,0.0,0.2
1.194,1493.28,1424.86,1.0,PRESSURE_SURGE,0.0,0.2
1.195,1498.61,1410.11,1.0,PRESSURE_SURGE,0.0,0.2
1.196,1499.56,1419.39,1.0,PRESSURE_SURGE,0.0,0.2
1.197,1489.57,1419.91,1.0,PRESSURE_SURGE,0.0,0.2
1.198,1495.05,1421.85,1.0,PRESSURE_SURGE,0.0,0.2
1.199,1504.54,1415.81,1.0,PRESSURE_SURGE,0.0,0.2
1.2,1504.65,1415.1,1.0,PRESSURE_SURGE,0.0,0.2
1.201,1498.65,1417.89,1.0,PRESSURE_SURGE,0.0,0.2
1.202,1504.51,1430.04,1.0,PRESSURE_SURGE,0.0,0.2
1.203,1496.32,1423.61,1.0,PRESSURE_SURGE,0.0,0.2
1.204,1497.28,1417.61,1.0,PRESSURE_SURGE,0.0,0.2
1.205,1503.0,1430.82,1.0,PRESSURE_SURGE,0.0,0.2
1.206,1505.09,1418.09,1.0,PRESSURE_SURGE,0.0,0.2
1.207,1501.65,1423.1,1.0,PRESSURE_SURGE,0.0,0.2
1.208,1504.12,1413.04,1.0,PRESSURE_SURGE,0.0,0.2
1.209,1507.92,1424.54,1.0,PRESSURE_SURGE,0.0,0.2
1.21,1505.05,1423.17,1.0,PRESSURE_SURGE,0.0,0.2
1.211,1501.67,1425.67,1.0,PRESSURE_SURGE,0.0,0.2
1.212,1500.51,1419.01,1.0,PRESSURE_SURGE,0.0,0.2
1.213,1505.84,1420.0,1.0,PRESSURE_SURGE,0.0,0.2
1.214,1505.46,1422.74,1.0,PRESSURE_SURGE,0.0,0.2
1.215,1505.96,1419.3,1.0,PRESSURE_SURGE,0.0,0.2
1.216,1502.16,1415.7,1.0,PRESSURE_SURGE,0.0,0.2
1.217,1503.38,1425.34,1.0,PRESSURE_SURGE,0.0,0.2
1.218,1508.17,1418.17,1.0,PRESSURE_SURGE,0.0,0.2
1.219,1505.33,1413.34,1.0,PRESSURE_SURGE,0.0,0.2
1.22,1510.43,1420.35,1.0,PRESSURE_SURGE,0.0,0.2
1.221,1505.73,1423.38,1.0,PRESSURE_SURGE,0.0,0.2
1.222,1509.2,1411.89,1.0,PRESSURE_SURGE,0.0,0.2
1.223,1506.21,1417.94,1.0,PRESSURE_SURGE,0.0,0.2
1.224,1504.11,1426.0,1.0,PRESSURE_SURGE,0.0,0.2
1.225,1510.38,1427.34,1.0,PRESSURE_SURGE,0.0,0.2
1.226,1510.53,1419.4,1.0,PRESSURE_SURGE,0.0,0.2
1.227,1513.25,1407.66,1.0,PRESSURE_SURGE,0.0,0.2
1.228,1506.72,1413.3,1.0,PRESSURE_SURGE,0.0,0.2
1.229,1511.43,1426.3,1.0,PRESSURE_SURGE,0.0,0.2
1.23,1511.31,1417.4,1.0,PRESSURE_SURGE,0.0,0.2
1.231,1512.18,1420.19,1.0,PRESSURE_SURGE,0.0,0.2
1.232,1508.11,1424.78,1.0,PRESSURE_SURGE,0.0,0.2
1.233,1507.48,1423.43,1.0,PRESSURE_SURGE,0.0,0.2
1.234,1513.78,1419.58,1.0,PRESSURE_SURGE,0.0,0.2
1.235,1513.82,1429.61,1.0,PRESSURE_SURGE,0.0,0.2
1.236,1515.13,1422.06,1.0,PRESSURE_SURGE,0.0,0.2
1.237,1508.61,1422.56,1.0,PRESSURE_SURGE,0.0,0.2
1.238,1504.69,1413.51,1.0,PRESSURE_SURGE,0.0,0.2
1.239,1513.49,1418.39,1.0,PRESSURE_SURGE,0.0,0.2
1.24,1508.7,1419.65,1.0,PRESSURE_SURGE,0.0,0.2
1.241,1507.99,1423.9,1.0,PRESSURE_SURGE,0.0,0.2
1.242,1506.53,1412.16,1.0,PRESSURE_SURGE,0.0,0.2
1.243,1510.5,1416.72,1.0,PRESSURE_SURGE,0.0,0.2
1.244,1511.53,1415.55,1.0,PRESSURE_SURGE,0.0,0.2
1.245,1505.07,1422.49,1.0,PRESSURE_SURGE,0.0,0.2
1.246,1513.87,1419.5,1.0,PRESSURE_SURGE,0.0,0.2
1.247,1507.36,1410.5,1.0,PRESSURE_SURGE,0.0,0.2
1.248,1505.44,1413.42,1.0,PRESSURE_SURGE,0.0,0.2
1.249,1510.6,1408.86,1.0,PRESSURE_SURGE,0.0,0.2
1.25,1508.47,1415.07,1.0,PRESSURE_SURGE,0.0,0.2
1.251,1511.58,1415.69,1.0,PRESSURE_SURGE,0.0,0.2
1.252,1506.18,1426.13,1.0,PRESSURE_SURGE,0.0,0.2
1.253,1509.57,1420.93,1.0,PRESSURE_SURGE,0.0,0.2
1.254,1515.84,1420.52,1.0,PRESSURE_SURGE,0.0,0.2
1.255,1509.09,1420.25,1.0,PRESSURE_SURGE,0.0,0.2
1.256,1509.02,1420.38,1.0,PRESSURE_SURGE,0.0,0.2
1.257,1502.55,1421.39,1.0,PRESSURE_SURGE,0.0,0.2
1.258,1511.52,1419.35,1.0,PRESSURE_SURGE,0.0,0.2
1.259,1511.9,1419.17,1.0,PRESSURE_SURGE,0.0,0.2
1.26,1509.53,1421.81,1.0,PRESSURE_SURGE,0.0,0.2
1.261,1503.96,1417.44,1.0,PRESSURE_SURGE,0.0,0.2
1.262,1507.8,1423.57,1.0,PRESSURE_SURGE,0.0,0.2
1.263,1511.93,1420.63,1.0,PRESSURE_SURGE,0.0,0.2
1.264,1508.78,1420.57,1.0,PRESSURE_SURGE,0.0,0.2
1.265,1512.35,1424.44,1.0,PRESSURE_SURGE,0.0,0.2
1.266,1510.19,1423.77,1.0,PRESSURE_SURGE,0.0,0.2
1.267,1512.34,1420.53,1.0,PRESSURE_SURGE,0.0,0.2
1.268,1507.16,1422.14,1.0,PRESSURE_SURGE,0.0,0.2
1.269,1507.35,1414.17,1.0,PRESSURE_SURGE,0.0,0.2
1.27,1510.29,1408.91,1.0,PRESSURE_SURGE,0.0,0.2
1.271,1506.32,1417.22,1.0,PRESSURE_SURGE,0.0,0.2
1.272,1503.67,1431.78,1.0,PRESSURE_SURGE,0.0,0.2
1.273,1513.48,1418.14,1.0,PRESSURE_SURGE,0.0,0.2
1.274,1504.68,1415.34,1.0,PRESSURE_SURGE,0.0,0.2
1.275,1501.9,1412.43,1.0,PRESSURE_SURGE,0.0,0.2
1.276,1505.4,1413.19,1.0,PRESSURE_SURGE,0.0,0.2
1.277,1504.89,1424.59,1.0,PRESSURE_SURGE,0.0,0.2
1.278,1508.06,1421.33,1.0,PRESSURE_SURGE,0.0,0.2
1.279,1504.47,1412.46,1.0,PRESSURE_SURGE,0.0,0.2
1.28,1506.48,1425.22,1.0,PRESSURE_SURGE,0.0,0.2
1.281,1509.33,1421.23,1.0,PRESSURE_SURGE,0.0,0.2
1.282,1505.3,1420.73,1.0,PRESSURE_SURGE,0.0,0.2
1.283,1505.64,1416.83,1.0,PRESSURE_SURGE,0.0,0.2
1.284,1503.6,1423.88,1.0,PRESSURE_SURGE,0.0,0.2
1.285,1504.19,1419.44,1.0,PRESSURE_SURGE,0.0,0.2
1.286,1503.77,1423.36,1.0,PRESSURE_SURGE,0.0,0.2
1.287,1501.84,1416.02,1.0,PRESSURE_SURGE,0.0,0.2
1.288,1504.53,1421.07,1.0,PRESSURE_SURGE,0.0,0.2
1.289,1499.89,1418.66,1.0,PRESSURE_SURGE,0.0,0.2
1.29,1502.66,1419.23,1.0,PRESSURE_SURGE,0.0,0.2
1.291,1503.17,1419.84,1.0,PRESSURE_SURGE,0.0,0.2
1.292,1504.92,1417.09,1.0,PRESSURE_SURGE,0.0,0.2
1.293,1499.96,1428.72,1.0,PRESSURE_SURGE,0.0,0.2
1.294,1507.37,1419.15,1.0,PRESSURE_SURGE,0.0,0.2
1.295,1505.3,1415.92,1.0,PRESSURE_SURGE,0.0,0.2
1.296,1496.83,1418.48,1.0,PRESSURE_SURGE,0.0,0.2
1.297,1499.35,1416.62,1.0,PRESSURE_SURGE,0.0,0.2
1.298,1500.57,1412.99,1.0,PRESSURE_SURGE,0.0,0.2
1.299,1501.06,1424.89,1.0,PRESSURE_SURGE,0.0,0.2
1.3,1502.71,1422.13,1.0,PRESSURE_SURGE,0.0,0.2
1.301,1502.02,1421.24,1.0,PRESSURE_SURGE,0.0,0.2
1.302,1497.28,1425.92,1.0,PRESSURE_SURGE,0.0,0.2
1.303,1495.23,1422.78,1.0,PRESSURE_SURGE,0.0,0.2
1.304,1496.32,1419.3,1.0,PRESSURE_SURGE,0.0,0.2
1.305,1495.25,1423.17,1.0,PRESSURE_SURGE,0.0,0.2
1.306,1493.77,1415.34,1.0,PRESSURE_SURGE,0.0,0.2
1.307,1496.2,1412.32,1.0,PRESSURE_SURGE,0.0,0.2
1.308,1496.69,1421.09,1.0,PRESSURE_SURGE,0.0,0.2
1.309,1496.34,1418.26,1.0,PRESSURE_SURGE,0.0,0.2
1.31,1492.11,1420.98,1.0,PRESSURE_SURGE,0.0,0.2
1.311,1494.71,1425.3,1.0,PRESSURE_SURGE,0.0,0.2
1.312,1502.12,1423.35,1.0,PRESSURE_SURGE,0.0,0.2
1.313,1493.6,1420.09,1.0,PRESSURE_SURGE,0.0,0.2
1.314,1493.36,1414.16,1.0,PRESSURE_SURGE,0.0,0.2
1.315,1496.49,1419.08,1.0,PRESSURE_SURGE,0.0,0.2
1.316,1497.38,1426.18,1.0,PRESSURE_SURGE,0.0,0.2
1.317,1491.07,1411.37,1.0,PRESSURE_SURGE,0.0,0.2
1.318,1498.72,1424.29,1.0,PRESSURE_SURGE,0.0,0.2
1.319,1492.89,1418.14,1.0,PRESSURE_SURGE,0.0,0.2
1.32,1494.85,1415.82,1.0,PRESSURE_SURGE,0.0,0.2
1.321,1487.81,1422.76,1.0,PRESSURE_SURGE,0.0,0.2
1.322,1497.13,1427.72,1.0,PRESSURE_SURGE,0.0,0.2
1.323,1490.32,1425.37,1.0,PRESSURE_SURGE,0.0,0.2
1.324,1493.0,1427.61,1.0,PRESSURE_SURGE,0.0,0.2
1.325,1494.29,1417.31,1.0,PRESSURE_SURGE,0.0,0.2
1.326,1492.01,1422.86,1.0,PRESSURE_SURGE,0.0,0.2
1.327,1497.8,1420.93,1.0,PRESSURE_SURGE,0.0,0.2
1.328,1490.4,1418.92,1.0,PRESSURE_SURGE,0.0,0.2
1.329,1489.18,1423.24,1.0,PRESSURE_SURGE,0.0,0.2
1.33,1490.56,1415.45,1.0,PRESSURE_SURGE,0.0,0.2
1.331,1491.44,1420.2,1.0,PRESSURE_SURGE,0.0,0.2
1.332,1491.69,1420.15,1.0,PRESSURE_SURGE,0.0,0.2
1.333,1492.22,1413.98,1.0,PRESSURE_SURGE,0.0,0.2
1.334,1491.74,1422.23,1.0,PRESSURE_SURGE,0.0,0.2
1.335,1485.9,1414.46,1.0,PRESSURE_SURGE,0.0,0.2
1.336,1489.69,1422.89,1.0,PRESSURE_SURGE,0.0,0.2
1.337,1492.65,1420.06,1.0,PRESSURE_SURGE,0.0,0.2
1.338,1491.49,1422.59,1.0,PRESSURE_SURGE,0.0,0.2
1.339,1494.16,1411.89,1.0,PRESSURE_SURGE,0.0,0.2
1.34,1491.69,1411.79,1.0,PRESSURE_SURGE,0.0,0.2
1.341,1485.94,1424.92,1.0,PRESSURE_SURGE,0.0,0.2
1.342,1489.0,1423.39,1.0,PRESSURE_SURGE,0.0,0.2
1.343,1491.81,1419.68,1.0,PRESSURE_SURGE,0.0,0.2
1.344,1489.73,1419.83,1.0,PRESSURE_SURGE,0.0,0.2
1.345,1491.38,1424.93,1.0,PRESSURE_SURGE,0.0,0.2
1.346,1489.74,1421.95,1.0,PRESSURE_SURGE,0.0,0.2
1.347,1493.21,1416.67,1.0,PRESSURE_SURGE,0.0,0.2
1.348,1491.61,1424.34,1.0,PRESSURE_SURGE,0.0,0.2
1.349,1487.39,1409.3,1.0,PRESSURE_SURGE,0.0,0.2
1.35,1493.42,1422.64,1.0,PRESSURE_SURGE,0.0,0.2
1.351,1490.42,1405.74,1.0,PRESSURE_SURGE,0.0,0.2
1.352,1489.46,1420.68,1.0,PRESSURE_SURGE,0.0,0.2
1.353,1494.4,1428.22,1.0,PRESSURE_SURGE,0.0,0.2
1.354,1487.68,1419.73,1.0,PRESSURE_SURGE,0.0,0.2
1.355,1487.2,1416.96,1.0,PRESSURE_SURGE,0.0,0.2
1.356,1487.07,1421.24,1.0,PRESSURE_SURGE,0.0,0.2
1.357,1484.11,1426.24,1.0,PRESSURE_SURGE,0.0,0.2
1.358,1488.45,1425.68,1.0,PRESSURE_SURGE,0.0,0.2
1.359,1494.64,1425.34,1.0,PRESSURE_SURGE,0.0,0.2
1.36,1490.16,1417.81,1.0,PRESSURE_SURGE,0.0,0.2
1.361,1496.55,1430.58,1.0,PRESSURE_SURGE,0.0,0.2
1.362,1488.05,1416.98,1.0,PRESSURE_SURGE,0.0,0.2
1.363,1487.1,1418.79,1.0,PRESSURE_SURGE,0.0,0.2
1.364,1493.3,1418.97,1.0,PRESSURE_SURGE,0.0,0.2
1.365,1485.05,1412.22,1.0,PRESSURE_SURGE,0.0,0.2
1.366,1493.44,1422.13,1.0,PRESSURE_SURGE,0.0,0.2
1.367,1491.44,1418.45,1.0,PRESSURE_SURGE,0.0,0.2
1.368,1491.78,1425.82,1.0,PRESSURE_SURGE,0.0,0.2
1.369,1496.64,1417.07,1.0,PRESSURE_SURGE,0.0,0.2
1.37,1491.87,1421.37,1.0,PRESSURE_SURGE,0.0,0.2
1.371,1495.46,1425.66,1.0,PRESSURE_SURGE,0.0,0.2
1.372,1494.6,1417.76,1.0,PRESSURE_SURGE,0.0,0.2
1.373,1491.32,1423.33,1.0,PRESSURE_SURGE,0.0,0.2
1.374,1494.25,1426.83,1.0,PRESSURE_SURGE,0.0,0.2
1.375,1491.32,1420.1,1.0,PRESSURE_SURGE,0.0,0.2
1.376,1490.8,1419.49,1.0,PRESSURE_SURGE,0.0,0.2
1.377,1494.05,1418.1,1.0,PRESSURE_SURGE,0.0,0.2
1.378,1489.75,1419.04,1.0,PRESSURE_SURGE,0.0,0.2
1.379,1500.84,1421.17,1.0,PRESSURE_SURGE,0.0,0.2
1.38,1492.0,1420.43,1.0,PRESSURE_SURGE,0.0,0.2
1.381,1502.76,1416.09,1.0,PRESSURE_SURGE,0.0,0.2
1.382,1491.19,1422.09,1.0,PRESSURE_SURGE,0.0,0.2
1.383,1496.84,1420.28,1.0,PRESSURE_SURGE,0.0,0.2
1.384,1494.7,1416.89,1.0,PRESSURE_SURGE,0.0,0.2
1.385,1499.77,1425.75,1.0,PRESSURE_SURGE,0.0,0.2
1.386,1499.18,1414.94,1.0,PRESSURE_SURGE,0.0,0.2
1.387,1497.41,1419.76,1.0,PRESSURE_SURGE,0.0,0.2
1.388,1492.5,1413.39,1.0,PRESSURE_SURGE,0.0,0.2
1.389,1500.09,1413.95,1.0,PRESSURE_SURGE,0.0,0.2
1.39,1491.54,1415.81,1.0,PRESSURE_SURGE,0.0,0.2
1.391,1495.85,1411.24,1.0,PRESSURE_SURGE,0.0,0.2
1.392,1497.75,1420.83,1.0,PRESSURE_SURGE,0.0,0.2
1.393,1497.45,1422.39,1.0,PRESSURE_SURGE,0.0,0.2
1.394,1500.42,1427.92,1.0,PRESSURE_SURGE,0.0,0.2
1.395,1492.51,1424.93,1.0,PRESSURE_SURGE,0.0,0.2
1.396,1493.27,1415.5,1.0,PRESSURE_SURGE,0.0,0.2
1.397,1501.73,1413.98,1.0,PRESSURE_SURGE,0.0,0.2
1.398,1502.74,1414.99,1.0,PRESSURE_SURGE,0.0,0.2
1.399,1502.66,1423.19,1.0,PRESSURE_SURGE,0.0,0.2
1.4,1502.15,1424.31,1.0,PRESSURE_SURGE,0.0,0.2
1.401,1501.22,1414.45,1.0,PRESSURE_SURGE,0.0,0.2
1.402,1499.6,1412.78,1.0,PRESSURE_SURGE,0.0,0.2
1.403,1500.01,1417.19,1.0,PRESSURE_SURGE,0.0,0.2
1.404,1499.25,1415.39,1.0,PRESSURE_SURGE,0.0,0.2
1.405,1498.62,1413.97,1.0,PRESSURE_SURGE,0.0,0.2
1.406,1501.83,1429.78,1.0,PRESSURE_SURGE,0.0,0.2
1.407,1497.66,1416.12,1.0,PRESSURE_SURGE,0.0,0.2
1.408,1498.76,1416.44,1.0,PRESSURE_SURGE,0.0,0.2
1.409,1504.8,1424.35,1.0,PRESSURE_SURGE,0.0,0.2
1.41,1504.89,1419.13,1.0,PRESSURE_SURGE,0.0,0.2
1.411,1503.96,1425.08,1.0,PRESSURE_SURGE,0.0,0.2
1.412,1500.5,1417.11,1.0,PRESSURE_SURGE,0.0,0.2
1.413,1500.63,1412.79,1.0,PRESSURE_SURGE,0.0,0.2
1.414,1501.39,1419.91,1.0,PRESSURE_SURGE,0.0,0.2
1.415,1507.57,1415.22,1.0,PRESSURE_SURGE,0.0,0.2
1.416,1501.12,1425.93,1.0,PRESSURE_SURGE,0.0,0.2
1.417,1503.88,1420.71,1.0,PRESSURE_SURGE,0.0,0.2
1.418,1507.23,1419.92,1.0,PRESSURE_SURGE,0.0,0.2
1.419,1511.1,1424.43,1.0,PRESSURE_SURGE,0.0,0.2
1.42,1504.83,1422.78,1.0,PRESSURE_SURGE,0.0,0.2
1.421,1510.18,1418.99,1.0,PRESSURE_SURGE,0.0,0.2
1.422,1506.96,1418.35,1.0,PRESSURE_SURGE,0.0,0.2
1.423,1504.12,1422.29,1.0,PRESSURE_SURGE,0.0,0.2
1.424,1507.4,1427.41,1.0,PRESSURE_SURGE,0.0,0.2
1.425,1501.34,1422.38,1.0,PRESSURE_SURGE,0.0,0.2
1.426,1508.12,1424.04,1.0,PRESSURE_SURGE,0.0,0.2
1.427,1504.4,1422.8,1.0,PRESSURE_SURGE,0.0,0.2
1.428,1507.11,1413.9,1.0,PRESSURE_SURGE,0.0,0.2
1.429,1503.32,1420.36,1.0,PRESSURE_SURGE,0.0,0.2
1.43,1510.18,1423.05,1.0,PRESSURE_SURGE,0.0,0.2
1.431,1506.89,1415.79,1.0,PRESSURE_SURGE,0.0,0.2
1.432,1509.09,1416.52,1.0,PRESSURE_SURGE,0.0,0.2
1.433,1505.14,1421.97,1.0,PRESSURE_SURGE,0.0,0.2
1.434,1511.2,1416.97,1.0,PRESSURE_SURGE,0.0,0.2
1.435,1509.69,1422.54,1.0,PRESSURE_SURGE,0.0,0.2
1.436,1503.75,1418.56,1.0,PRESSURE_SURGE,0.0,0.2
1.437,1512.05,1422.02,1.0,PRESSURE_SURGE,0.0,0.2
1.438,1504.3,1419.99,1.0,PRESSURE_SURGE,0.0,0.2
1.439,1507.3,1423.93,1.0,PRESSURE_SURGE,0.0,0.2
1.44,1514.01,1413.9,1.0,PRESSURE_SURGE,0.0,0.2
1.441,1508.25,1411.19,1.0,PRESSURE_SURGE,0.0,0.2
1.442,1511.93,1415.77,1.0,PRESSURE_SURGE,0.0,0.2
1.443,1513.22,1418.65,1.0,PRESSURE_SURGE,0.0,0.2
1.444,1501.11,1415.78,1.0,PRESSURE_SURGE,0.0,0.2
1.445,1512.11,1429.1,1.0,PRESSURE_SURGE,0.0,0.2
1.446,1514.16,1415.53,1.0,PRESSURE_SURGE,0.0,0.2
1.447,1508.76,1418.13,1.0,PRESSURE_SURGE,0.0,0.2
1.448,1514.77,1422.61,1.0,PRESSURE_SURGE,0.0,0.2
1.449,1508.42,1415.84,1.0,PRESSURE_SURGE,0.0,0.2
1.45,1512.05,1422.61,1.0,PRESSURE_SURGE,0.0,0.2
1.451,1514.75,1415.39,1.0,PRESSURE_SURGE,0.0,0.2
1.452,1506.32,1420.04,1.0,PRESSURE_SURGE,0.0,0.2
1.453,1514.02,1426.78,1.0,PRESSURE_SURGE,0.0,0.2
1.454,1498.9,1422.84,1.0,PRESSURE_SURGE,0.0,0.2
1.455,1515.14,1425.02,1.0,PRESSURE_SURGE,0.0,0.2
1.456,1510.83,1424.82,1.0,PRESSURE_SURGE,0.0,0.2
1.457,1509.15,1422.68,1.0,PRESSURE_SURGE,0.0,0.2
1.458,1510.36,1415.85,1.0,PRESSURE_SURGE,0.0,0.2
1.459,1511.57,1416.78,1.0,PRESSURE_SURGE,0.0,0.2
1.46,1511.69,1422.03,1.0,PRESSURE_SURGE,0.0,0.2
1.461,1507.11,1428.49,1.0,PRESSURE_SURGE,0.0,0.2
1.462,1507.78,1410.21,1.0,PRESSURE_SURGE,0.0,0.2
1.463,1508.95,1414.29,1.0,PRESSURE_SURGE,0.0,0.2
1.464,1508.6,1428.36,1.0,PRESSURE_SURGE,0.0,0.2
1.465,1506.82,1417.49,1.0,PRESSURE_SURGE,0.0,0.2
1.466,1511.22,1414.6,1.0,PRESSURE_SURGE,0.0,0.2
1.467,1506.82,1421.65,1.0,PRESSURE_SURGE,0.0,0.2
1.468,1510.88,1413.11,1.0,PRESSURE_SURGE,0.0,0.2
1.469,1506.15,1409.51,1.0,PRESSURE_SURGE,0.0,0.2
1.47,1509.46,1417.78,1.0,PRESSURE_SURGE,0.0,0.2
1.471,1506.75,1423.48,1.0,PRESSURE_SURGE,0.0,0.2
1.472,1508.84,1428.07,1.0,PRESSURE_SURGE,0.0,0.2
1.473,1507.3,1412.42,1.0,PRESSURE_SURGE,0.0,0.2
1.474,1507.22,1419.54,1.0,PRESSURE_SURGE,0.0,0.2
1.475,1503.81,1409.43,1.0,PRESSURE_SURGE,0.0,0.2
1.476,1503.43,1426.33,1.0,PRESSURE_SURGE,0.0,0.2
1.477,1511.07,1428.55,1.0,PRESSURE_SURGE,0.0,0.2
1.478,1507.08,1416.84,1.0,PRESSURE_SURGE,0.0,0.2
1.479,1507.63,1426.8,1.0,PRESSURE_SURGE,0.0,0.2
1.48,1507.47,1420.29,1.0,PRESSURE_SURGE,0.0,0.2
1.481,1501.56,1419.34,1.0,PRESSURE_SURGE,0.0,0.2
1.482,1507.25,1414.15,1.0,PRESSURE_SURGE,0.0,0.2
1.483,1510.95,1420.21,1.0,PRESSURE_SURGE,0.0,0.2
1.484,1505.31,1417.47,1.0,PRESSURE_SURGE,0.0,0.2
1.485,1502.2,1422.69,1.0,PRESSURE_SURGE,0.0,0.2
1.486,1506.82,1420.36,1.0,PRESSURE_SURGE,0.0,0.2
1.487,1507.69,1418.18,1.0,PRESSURE_SURGE,0.0,0.2
1.488,1506.43,1415.42,1.0,PRESSURE_SURGE,0.0,0.2
1.489,1502.27,1418.98,1.0,PRESSURE_SURGE,0.0,0.2
1.49,1506.78,1417.99,1.0,PRESSURE_SURGE,0.0,0.2
1.491,1509.16,1413.82,1.0,PRESSURE_SURGE,0.0,0.2
1.492,1500.07,1417.12,1.0,PRESSURE_SURGE,0.0,0.2
1.493,1504.93,1421.97,1.0,PRESSURE_SURGE,0.0,0.2
1.494,1507.07,1417.2,1.0,PRESSURE_SURGE,0.0,0.2
1.495,1499.0,1415.6,1.0,PRESSURE_SURGE,0.0,0.2
1.496,1502.99,1419.49,1.0,PRESSURE_SURGE,0.0,0.2
1.497,1508.78,1426.1,1.0,PRESSURE_SURGE,0.0,0.2
1.498,1501.49,1421.85,1.0,PRESSURE_SURGE,0.0,0.2
1.499,1498.9,1414.59,1.0,PRESSURE_SURGE,0.0,0.2
1.5,1498.75,1422.88,1.0,PRESSURE_SURGE,0.0,0.2
1.501,1494.68,1414.98,1.0,PRESSURE_SURGE,0.0,0.2
1.502,1499.87,1422.06,1.0,PRESSURE_SURGE,0.0,0.2
1.503,1498.17,1417.48,1.0,PRESSURE_SURGE,0.0,0.2
1.504,1498.95,1421.76,1.0,PRESSURE_SURGE,0.0,0.2
1.505,1500.86,1417.05,1.0,PRESSURE_SURGE,0.0,0.2
1.506,1504.36,1423.11,1.0,PRESSURE_SURGE,0.0,0.2
1.507,1498.38,1424.77,1.0,PRESSURE_SURGE,0.0,0.2
1.508,1502.99,1425.24,1.0,PRESSURE_SURGE,0.0,0.2
1.509,1497.94,1424.26,1.0,PRESSURE_SURGE,0.0,0.2
1.51,1497.62,1418.78,1.0,PRESSURE_SURGE,0.0,0.2
1.511,1500.56,1410.68,1.0,PRESSURE_SURGE,0.0,0.2
1.512,1498.94,1426.46,1.0,PRESSURE_SURGE,0.0,0.2
1.513,1496.84,1425.36,1.0,PRESSURE_SURGE,0.0,0.2
1.514,1497.28,1414.59,1.0,PRESSURE_SURGE,0.0,0.2
1.515,1492.03,1412.9,1.0,PRESSURE_SURGE,0.0,0.2
1.516,1498.61,1412.11,1.0,PRESSURE_SURGE,0.0,0.2
1.517,1496.39,1431.69,1.0,PRESSURE_SURGE,0.0,0.2
1.518,1494.67,1415.91,1.0,PRESSURE_SURGE,0.0,0.2
1.519,1495.64,1431.7,1.0,PRESSURE_SURGE,0.0,0.2
1.52,1491.95,1419.86,1.0,PRESSURE_SURGE,0.0,0.2
1.521,1496.21,1412.78,1.0,PRESSURE_SURGE,0.0,0.2
1.522,1496.09,1418.26,1.0,PRESSURE_SURGE,0.0,0.2
1.523,1492.21,1410.85,1.0,PRESSURE_SURGE,0.0,0.2
1.524,1495.25,1417.79,1.0,PRESSURE_SURGE,0.0,0.2
1.525,1493.02,1411.97,1.0,PRESSURE_SURGE,0.0,0.2
1.526,1488.22,1417.48,1.0,PRESSURE_SURGE,0.0,0.2
1.527,1492.21,1420.06,1.0,PRESSURE_SURGE,0.0,0.2
1.528,1494.96,1414.46,1.0,PRESSURE_SURGE,0.0,0.2
1.529,1496.68,1416.54,1.0,PRESSURE_SURGE,0.0,0.2
1.53,1491.67,1422.36,1.0,PRESSURE_SURGE,0.0,0.2
1.531,1490.78,1419.48,1.0,PRESSURE_SURGE,0.0,0.2
1.532,1490.53,1417.66,1.0,PRESSURE_SURGE,0.0,0.2
1.533,1493.4,1417.59,1.0,PRESSURE_SURGE,0.0,0.2
1.534,1487.68,1422.55,1.0,PRESSURE_SURGE,0.0,0.2
1.535,1490.6,1422.33,1.0,PRESSURE_SURGE,0.0,0.2
1.536,1492.43,1416.86,1.0,PRESSURE_SURGE,0.0,0.2
1.537,1491.42,1429.5,1.0,PRESSURE_SURGE,0.0,0.2
1.538,1490.75,1424.56,1.0,PRESSURE_SURGE,0.0,0.2
1.539,1490.5,1417.82,1.0,PRESSURE_SURGE,0.0,0.2
1.54,1490.62,1412.5,1.0,PRESSURE_SURGE,0.0,0.2
1.541,1491.25,1416.39,1.0,PRESSURE_SURGE,0.0,0.2
1.542,1492.3,1422.08,1.0,PRESSURE_SURGE,0.0,0.2
1.543,1497.35,1423.75,1.0,PRESSURE_SURGE,0.0,0.2
1.544,1490.07,1419.97,1.0,PRESSURE_SURGE,0.0,0.2
1.545,1487.77,1416.99,1.0,PRESSURE_SURGE,0.0,0.2
1.546,1495.3,1424.52,1.0,PRESSURE_SURGE,0.0,0.2
1.547,1485.55,1422.37,1.0,PRESSURE_SURGE,0.0,0.2
1.548,1491.02,1420.36,1.0,PRESSURE_SURGE,0.0,0.2
1.549,1491.0,1426.28,1.0,PRESSURE_SURGE,0.0,0.2
1.55,1492.15,1420.87,1.0,PRESSURE_SURGE,0.0,0.2
1.551,1490.15,1427.35,1.0,PRESSURE_SURGE,0.0,0.2
1.552,1489.72,1415.16,1.0,PRESSURE_SURGE,0.0,0.2
1.553,1491.34,1417.01,1.0,PRESSURE_SURGE,0.0,0.2
1.554,1493.26,1420.33,1.0,PRESSURE_SURGE,0.0,0.2
1.555,1489.78,1420.16,1.0,PRESSURE_SURGE,0.0,0.2
1.556,1487.82,1419.5,1.0,PRESSURE_SURGE,0.0,0.2
1.557,1489.18,1417.21,1.0,PRESSURE_SURGE,0.0,0.2
1.558,1489.54,1427.05,1.0,PRESSURE_SURGE,0.0,0.2
1.559,1489.31,1418.86,1.0,PRESSURE_SURGE,0.0,0.2
1.56,1485.14,1428.58,1.0,PRESSURE_SURGE,0.0,0.2
1.561,1488.89,1414.46,1.0,PRESSURE_SURGE,0.0,0.2
1.562,1492.42,1407.52,1.0,PRESSURE_SURGE,0.0,0.2
1.563,1486.93,1422.7,1.0,PRESSURE_SURGE,0.0,0.2
1.564,1494.27,1416.34,1.0,PRESSURE_SURGE,0.0,0.2
1.565,1489.82,1420.75,1.0,PRESSURE_SURGE,0.0,0.2
1.566,1490.78,1421.91,1.0,PRESSURE_SURGE,0.0,0.2
1.567,1494.12,1415.35,1.0,PRESSURE_SURGE,0.0,0.2
1.568,1490.48,1413.92,1.0,PRESSURE_SURGE,0.0,0.2
1.569,1500.8,1423.03,1.0,PRESSURE_SURGE,0.0,0.2
1.57,1491.83,1416.07,1.0,PRESSURE_SURGE,0.0,0.2
1.571,1493.07,1416.95,1.0,PRESSURE_SURGE,0.0,0.2
1.572,1489.94,1413.13,1.0,PRESSURE_SURGE,0.0,0.2
1.573,1487.67,1418.72,1.0,PRESSURE_SURGE,0.0,0.2
1.574,1494.78,1426.78,1.0,PRESSURE_SURGE,0.0,0.2
1.575,1496.07,1423.05,1.0,PRESSURE_SURGE,0.0,0.2
1.576,1488.97,1421.15,1.0,PRESSURE_SURGE,0.0,0.2
1.577,1495.48,1426.1,1.0,PRESSURE_SURGE,0.0,0.2
1.578,1493.66,1417.1,1.0,PRESSURE_SURGE,0.0,0.2
1.579,1503.09,1415.21,1.0,PRESSURE_SURGE,0.0,0.2
1.58,1496.32,1421.02,1.0,PRESSURE_SURGE,0.0,0.2
1.581,1499.24,1424.82,1.0,PRESSURE_SURGE,0.0,0.2
1.582,1496.89,1419.73,1.0,PRESSURE_SURGE,0.0,0.2
1.583,1494.18,1412.35,1.0,PRESSURE_SURGE,0.0,0.2
1.584,1493.9,1414.08,1.0,PRESSURE_SURGE,0.0,0.2
1.585,1497.19,1419.11,1.0,PRESSURE_SURGE,0.0,0.2
1.586,1495.84,1421.65,1.0,PRESSURE_SURGE,0.0,0.2
1.587,1493.55,1432.3,1.0,PRESSURE_SURGE,0.0,0.2
1.588,1491.34,1423.58,1.0,PRESSURE_SURGE,0.0,0.2
1.589,1500.71,1417.49,1.0,PRESSURE_SURGE,0.0,0.2
1.59,1497.06,1424.44,1.0,PRESSURE_SURGE,0.0,0.2
1.591,1493.53,1415.21,1.0,PRESSURE_SURGE,0.0,0.2
1.592,1504.99,1417.16,1.0,PRESSURE_SURGE,0.0,0.2
1.593,1492.92,1416.65,1.0,PRESSURE_SURGE,0.0,0.2
1.594,1499.1,1418.61,1.0,PRESSURE_SURGE,0.0,0.2
1.595,1500.02,1414.91,1.0,PRESSURE_SURGE,0.0,0.2
1.596,1498.11,1418.25,1.0,PRESSURE_SURGE,0.0,0.2
1.597,1497.67,1420.63,1.0,PRESSURE_SURGE,0.0,0.2
1.598,1503.99,1408.41,1.0,PRESSURE_SURGE,0.0,0.2
1.599,1499.13,1418.02,1.0,PRESSURE_SURGE,0.0,0.2
1.6,1499.28,1430.73,1.0,PRESSURE_SURGE,0.0,0.2
1.601,1497.79,1421.11,1.0,PRESSURE_SURGE,0.0,0.2
1.602,1500.45,1419.51,1.0,PRESSURE_SURGE,0.0,0.2
1.603,1499.61,1420.59,1.0,PRESSURE_SURGE,0.0,0.2
1.604,1498.62,1413.17,1.0,PRESSURE_SURGE,0.0,0.2
1.605,1504.11,1421.83,1.0,PRESSURE_SURGE,0.0,0.2
1.606,1506.53,1417.29,1.0,PRESSURE_SURGE,0.0,0.2
1.607,1504.75,1419.58,1.0,PRESSURE_SURGE,0.0,0.2
1.608,1494.96,1421.85,1.0,PRESSURE_SURGE,0.0,0.2
1.609,1502.56,1431.35,1.0,PRESSURE_SURGE,0.0,0.2
1.61,1507.04,1423.25,1.0,PRESSURE_SURGE,0.0,0.2
1.611,1495.21,1424.62,1.0,PRESSURE_SURGE,0.0,0.2
1.612,1503.85,1424.63,1.0,PRESSURE_SURGE,0.0,0.2
1.613,1511.68,1410.96,1.0,PRESSURE_SURGE,0.0,0.2
1.614,1509.12,1422.56,1.0,PRESSURE_SURGE,0.0,0.2
1.615,1508.43,1428.66,1.0,PRESSURE_SURGE,0.0,0.2
1.616,1504.09,1423.61,1.0,PRESSURE_SURGE,0.0,0.2
1.617,1505.68,1415.75,1.0,PRESSURE_SURGE,0.0,0.2
1.618,1502.65,1412.4,1.0,PRESSURE_SURGE,0.0,0.2
1.619,1508.64,1412.1,1.0,PRESSURE_SURGE,0.0,0.2
1.62,1505.7,1421.1,1.0,PRESSURE_SURGE,0.0,0.2
1.621,1505.0,1423.03,1.0,PRESSURE_SURGE,0.0,0.2
1.622,1502.81,1413.35,1.0,PRESSURE_SURGE,0.0,0.2
1.623,1507.21,1415.09,1.0,PRESSURE_SURGE,0.0,0.2
1.624,1509.68,1418.37,1.0,PRESSURE_SURGE,0.0,0.2
1.625,1508.47,1422.19,1.0,PRESSURE_SURGE,0.0,0.2
1.626,1500.87,1421.51,1.0,PRESSURE_SURGE,0.0,0.2
1.627,1505.67,1414.84,1.0,PRESSURE_SURGE,0.0,0.2
1.628,1508.26,1417.62,1.0,PRESSURE_SURGE,0.0,0.2
1.629,1505.78,1417.64,1.0,PRESSURE_SURGE,0.0,0.2
1.63,1509.74,1422.03,1.0,PRESSURE_SURGE,0.0,0.2
1.631,1508.35,1415.7,1.0,PRESSURE_SURGE,0.0,0.2
1.632,1505.24,1420.31,1.0,PRESSURE_SURGE,0.0,0.2
1.633,1507.9,1423.07,1.0,PRESSURE_SURGE,0.0,0.2
1.634,1507.8,1422.73,1.0,PRESSURE_SURGE,0.0,0.2
1.635,1511.36,1425.88,1.0,PRESSURE_SURGE,0.0,0.2
1.636,1511.57,1419.25,1.0,PRESSURE_SURGE,0.0,0.2
1.637,1513.72,1406.66,1.0,PRESSURE_SURGE,0.0,0.2
1.638,1507.56,1421.1,1.0,PRESSURE_SURGE,0.0,0.2
1.639,1513.48,1420.66,1.0,PRESSURE_SURGE,0.0,0.2
1.64,1510.24,1419.4,1.0,PRESSURE_SURGE,0.0,0.2
1.641,1507.39,1417.69,1.0,PRESSURE_SURGE,0.0,0.2
1.642,1510.67,1427.36,1.0,PRESSURE_SURGE,0.0,0.2
1.643,1506.44,1420.07,1.0,PRESSURE_SURGE,0.0,0.2
1.644,1509.67,1423.03,1.0,PRESSURE_SURGE,0.0,0.2
1.645,1505.75,1417.86,1.0,PRESSURE_SURGE,0.0,0.2
1.646,1518.25,1417.66,1.0,PRESSURE_SURGE,0.0,0.2
1.647,1512.26,1421.83,1.0,PRESSURE_SURGE,0.0,0.2
1.648,1507.91,1417.26,1.0,PRESSURE_SURGE,0.0,0.2
1.649,1504.23,1427.18,1.0,PRESSURE_SURGE,0.0,0.2
1.65,1508.23,1421.93,1.0,PRESSURE_SURGE,0.0,0.2
1.651,1518.93,1414.77,1.0,PRESSURE_SURGE,0.0,0.2
1.652,1510.92,1422.52,1.0,PRESSURE_SURGE,0.0,0.2
1.653,1507.81,1418.2,1.0,PRESSURE_SURGE,0.0,0.2
1.654,1510.06,1423.95,1.0,PRESSURE_SURGE,0.0,0.2
1.655,1509.21,1419.4,1.0,PRESSURE_SURGE,0.0,0.2
1.656,1510.13,1428.74,1.0,PRESSURE_SURGE,0.0,0.2
1.657,1507.79,1410.82,1.0,PRESSURE_SURGE,0.0,0.2
1.658,1506.28,1415.02,1.0,PRESSURE_SURGE,0.0,0.2
1.659,1515.61,1425.58,1.0,PRESSURE_SURGE,0.0,0.2
1.66,1507.9,1426.43,1.0,PRESSURE_SURGE,0.0,0.2
1.661,1510.27,1419.93,1.0,PRESSURE_SURGE,0.0,0.2
1.662,1518.14,1416.73,1.0,PRESSURE_SURGE,0.0,0.2
1.663,1508.58,1423.51,1.0,PRESSURE_SURGE,0.0,0.2
1.664,1504.7,1416.5,1.0,PRESSURE_SURGE,0.0,0.2
1.665,1508.11,1419.4,1.0,PRESSURE_SURGE,0.0,0.2
1.666,1510.04,1421.42,1.0,PRESSURE_SURGE,0.0,0.2
1.667,1507.91,1421.64,1.0,PRESSURE_SURGE,0.0,0.2
1.668,1505.24,1425.52,1.0,PRESSURE_SURGE,0.0,0.2
1.669,1504.25,1420.9,1.0,PRESSURE_SURGE,0.0,0.2
1.67,1506.65,1419.91,1.0,PRESSURE_SURGE,0.0,0.2
1.671,1506.44,1423.87,1.0,PRESSURE_SURGE,0.0,0.2
1.672,1509.95,1419.9,1.0,PRESSURE_SURGE,0.0,0.2
1.673,1508.88,1415.17,1.0,PRESSURE_SURGE,0.0,0.2
1.674,1508.11,1415.94,1.0,PRESSURE_SURGE,0.0,0.2
1.675,1503.97,1421.22,1.0,PRESSURE_SURGE,0.0,0.2
1.676,1511.2,1422.77,1.0,PRESSURE_SURGE,0.0,0.2
1.677,1505.83,1426.39,1.0,PRESSURE_SURGE,0.0,0.2
1.678,1505.72,1419.57,1.0,PRESSURE_SURGE,0.0,0.2
1.679,1511.44,1424.92,1.0,PRESSURE_SURGE,0.0,0.2
1.68,1509.94,1418.85,1.0,PRESSURE_SURGE,0.0,0.2
1.681,1509.86,1417.74,1.0,PRESSURE_SURGE,0.0,0.2
1.682,1505.56,1419.73,1.0,PRESSURE_SURGE,0.0,0.2
1.683,1504.16,1423.81,1.0,PRESSURE_SURGE,0.0,0.2
1.684,1505.79,1430.47,1.0,PRESSURE_SURGE,0.0,0.2
1.685,1509.73,1413.39,1.0,PRESSURE_SURGE,0.0,0.2
1.686,1501.3,1419.16,1.0,PRESSURE_SURGE,0.0,0.2
1.687,1501.78,1421.03,1.0,PRESSURE_SURGE,0.0,0.2
1.688,1506.89,1423.03,1.0,PRESSURE_SURGE,0.0,0.2
1.689,1503.23,1422.84,1.0,PRESSURE_SURGE,0.0,0.2
1.69,1498.64,1421.53,1.0,PRESSURE_SURGE,0.0,0.2
1.691,1501.21,1419.88,1.0,PRESSURE_SURGE,0.0,0.2
1.692,1499.5,1414.08,1.0,PRESSURE_SURGE,0.0,0.2
1.693,1501.95,1414.51,1.0,PRESSURE_SURGE,0.0,0.2
1.694,1502.92,1426.02,1.0,PRESSURE_SURGE,0.0,0.2
1.695,1499.59,1421.59,1.0,PRESSURE_SURGE,0.0,0.2
1.696,1499.04,1425.36,1.0,PRESSURE_SURGE,0.0,0.2
1.697,1502.62,1420.77,1.0,PRESSURE_SURGE,0.0,0.2
1.698,1504.33,1416.81,1.0,PRESSURE_SURGE,0.0,0.2
1.699,1502.5,1427.85,1.0,PRESSURE_SURGE,0.0,0.2
1.7,1497.95,1408.74,1.0,PRESSURE_SURGE,0.0,0.2
1.701,1504.04,1425.01,1.0,PRESSURE_SURGE,0.0,0.2
1.702,1503.56,1425.06,1.0,PRESSURE_SURGE,0.0,0.2
1.703,1493.32,1420.86,1.0,PRESSURE_SURGE,0.0,0.2
1.704,1496.19,1416.3,1.0,PRESSURE_SURGE,0.0,0.2
1.705,1493.9,1433.61,1.0,PRESSURE_SURGE,0.0,0.2
1.706,1497.83,1420.5,1.0,PRESSURE_SURGE,0.0,0.2
1.707,1499.72,1423.98,1.0,PRESSURE_SURGE,0.0,0.2
1.708,1500.28,1418.83,1.0,PRESSURE_SURGE,0.0,0.2
1.709,1500.36,1410.44,1.0,PRESSURE_SURGE,0.0,0.2
1.71,1493.85,1420.35,1.0,PRESSURE_SURGE,0.0,0.2
1.711,1498.88,1425.1,1.0,PRESSURE_SURGE,0.0,0.2
1.712,1499.18,1417.87,1.0,PRESSURE_SURGE,0.0,0.2
1.713,1489.32,1422.52,1.0,PRESSURE_SURGE,0.0,0.2
1.714,1497.03,1419.93,1.0,PRESSURE_SURGE,0.0,0.2
1.715,1495.07,1421.87,1.0,PRESSURE_SURGE,0.0,0.2
1.716,1491.83,1420.67,1.0,PRESSURE_SURGE,0.0,0.2
1.717,1493.0,1415.24,1.0,PRESSURE_SURGE,0.0,0.2
1.718,1493.74,1415.8,1.0,PRESSURE_SURGE,0.0,0.2
1.719,1494.01,1429.73,1.0,PRESSURE_SURGE,0.0,0.2
1.72,1489.6,1416.19,1.0,PRESSURE_SURGE,0.0,0.2
1.721,1491.26,1421.16,1.0,PRESSURE_SURGE,0.0,0.2
1.722,1494.4,1417.04,1.0,PRESSURE_SURGE,0.0,0.2
1.723,1493.54,1413.35,1.0,PRESSURE_SURGE,0.0,0.2
1.724,1493.06,1417.45,1.0,PRESSURE_SURGE,0.0,0.2
1.725,1500.39,1420.0,1.0,PRESSURE_SURGE,0.0,0.2
1.726,1492.52,1422.62,1.0,PRESSURE_SURGE,0.0,0.2
1.727,1492.02,1420.58,1.0,PRESSURE_SURGE,0.0,0.2
1.728,1485.46,1420.8,1.0,PRESSURE_SURGE,0.0,0.2
1.729,1493.99,1418.36,1.0,PRESSURE_SURGE,0.0,0.2
1.73,1497.88,1415.66,1.0,PRESSURE_SURGE,0.0,0.2
1.731,1486.8,1423.93,1.0,PRESSURE_SURGE,0.0,0.2
1.732,1497.46,1430.75,1.0,PRESSURE_SURGE,0.0,0.2
1.733,1494.35,1414.38,1.0,PRESSURE_SURGE,0.0,0.2
1.734,1487.79,1426.0,1.0,PRESSURE_SURGE,0.0,0.2
1.735,1484.83,1414.75,1.0,PRESSURE_SURGE,0.0,0.2
1.736,1485.91,1417.66,1.0,PRESSURE_SURGE,0.0,0.2
1.737,1487.13,1423.26,1.0,PRESSURE_SURGE,0.0,0.2
1.738,1493.78,1426.61,1.0,PRESSURE_SURGE,0.0,0.2
1.739,1487.99,1426.92,1.0,PRESSURE_SURGE,0.0,0.2
1.74,1496.07,1428.49,1.0,PRESSURE_SURGE,0.0,0.2
1.741,1492.41,1420.49,1.0,PRESSURE_SURGE,0.0,0.2
1.742,1486.77,1420.49,1.0,PRESSURE_SURGE,0.0,0.2
1.743,1491.43,1414.72,1.0,PRESSURE_SURGE,0.0,0.2
1.744,1486.68,1418.98,1.0,PRESSURE_SURGE,0.0,0.2
1.745,1489.26,1418.22,1.0,PRESSURE_SURGE,0.0,0.2
1.746,1489.26,1422.75,1.0,PRESSURE_SURGE,0.0,0.2
1.747,1490.29,1414.83,1.0,PRESSURE_SURGE,0.0,0.2
1.748,1487.36,1415.14,1.0,PRESSURE_SURGE,0.0,0.2
1.749,1493.9,1427.05,1.0,PRESSURE_SURGE,0.0,0.2
1.75,1489.44,1413.3,1.0,PRESSURE_SURGE,0.0,0.2
1.751,1490.95,1418.82,1.0,PRESSURE_SURGE,0.0,0.2
1.752,1488.32,1421.28,1.0,PRESSURE_SURGE,0.0,0.2
1.753,1489.27,1421.2,1.0,PRESSURE_SURGE,0.0,0.2
1.754,1488.28,1412.36,1.0,PRESSURE_SURGE,0.0,0.2
1.755,1489.88,1421.7,1.0,PRESSURE_SURGE,0.0,0.2
1.756,1488.61,1424.35,1.0,PRESSURE_SURGE,0.0,0.2
1.757,1482.59,1416.81,1.0,PRESSURE_SURGE,0.0,0.2
1.758,1486.38,1432.39,1.0,PRESSURE_SURGE,0.0,0.2
1.759,1491.04,1410.24,1.0,PRESSURE_SURGE,0.0,0.2
1.76,1488.72,1424.38,1.0,PRESSURE_SURGE,0.0,0.2
1.761,1490.21,1421.15,1.0,PRESSURE_SURGE,0.0,0.2
1.762,1489.02,1415.87,1.0,PRESSURE_SURGE,0.0,0.2
1.763,1490.48,1413.12,1.0,PRESSURE_SURGE,0.0,0.2
1.764,1490.82,1418.43,1.0,PRESSURE_SURGE,0.0,0.2
1.765,1486.34,1421.73,1.0,PRESSURE_SURGE,0.0,0.2
1.766,1493.94,1420.88,1.0,PRESSURE_SURGE,0.0,0.2
1.767,1488.85,1424.04,1.0,PRESSURE_SURGE,0.0,0.2
1.768,1492.01,1414.22,1.0,PRESSURE_SURGE,0.0,0.2
1.769,1487.56,1418.46,1.0,PRESSURE_SURGE,0.0,0.2
1.77,1491.33,1419.75,1.0,PRESSURE_SURGE,0.0,0.2
1.771,1492.46,1424.33,1.0,PRESSURE_SURGE,0.0,0.2
1.772,1490.7,1418.08,1.0,PRESSURE_SURGE,0.0,0.2
1.773,1496.04,1427.39,1.0,PRESSURE_SURGE,0.0,0.2
1.774,1495.14,1412.7,1.0,PRESSURE_SURGE,0.0,0.2
1.775,1491.77,1427.12,1.0,PRESSURE_SURGE,0.0,0.2
1.776,1500.9,1427.67,1.0,PRESSURE_SURGE,0.0,0.2
1.777,1497.51,1423.68,1.0,PRESSURE_SURGE,0.0,0.2
1.778,1496.95,1421.1,1.0,PRESSURE_SURGE,0.0,0.2
1.779,1489.91,1426.68,1.0,PRESSURE_SURGE,0.0,0.2
1.78,1494.15,1424.68,1.0,PRESSURE_SURGE,0.0,0.2
1.781,1498.6,1416.71,1.0,PRESSURE_SURGE,0.0,0.2
1.782,1491.85,1418.53,1.0,PRESSURE_SURGE,0.0,0.2
1.783,1490.12,1419.14,1.0,PRESSURE_SURGE,0.0,0.2
1.784,1489.52,1427.53,1.0,PRESSURE_SURGE,0.0,0.2
1.785,1495.19,1413.48,1.0,PRESSURE_SURGE,0.0,0.2
1.786,1496.69,1410.26,1.0,PRESSURE_SURGE,0.0,0.2
1.787,1495.62,1420.71,1.0,PRESSURE_SURGE,0.0,0.2
1.788,1493.18,1417.55,1.0,PRESSURE_SURGE,0.0,0.2
1.789,1496.87,1423.61,1.0,PRESSURE_SURGE,0.0,0.2
1.79,1499.29,1415.13,1.0,PRESSURE_SURGE,0.0,0.2
1.791,1493.74,1413.49,1.0,PRESSURE_SURGE,0.0,0.2
1.792,1498.48,1424.7,1.0,PRESSURE_SURGE,0.0,0.2
1.793,1501.01,1419.31,1.0,PRESSURE_SURGE,0.0,0.2
1.794,1503.52,1422.15,1.0,PRESSURE_SURGE,0.0,0.2
1.795,1501.41,1428.12,1.0,PRESSURE_SURGE,0.0,0.2
1.796,1505.51,1419.67,1.0,PRESSURE_SURGE,0.0,0.2
1.797,1498.93,1420.9,1.0,PRESSURE_SURGE,0.0,0.2
1.798,1498.81,1418.34,1.0,PRESSURE_SURGE,0.0,0.2
1.799,1499.14,1423.31,1.0,PRESSURE_SURGE,0.0,0.2
1.8,1502.6,1420.0,0.0,PRESSURE_SURGE,0.0,0.2
1.801,1502.69,1376.44,0.0,PRESSURE_SURGE,0.0,0.2
1.802,1498.14,1334.32,0.0,PRESSURE_SURGE,0.0,0.2
1.803,1501.04,1293.58,0.0,PRESSURE_SURGE,0.0,0.2
1.804,1505.64,1254.2,0.0,PRESSURE_SURGE,0.0,0.2
1.805,1500.23,1216.11,0.0,PRESSURE_SURGE,0.0,0.2
1.806,1499.95,1179.27,0.0,PRESSURE_SURGE,0.0,0.2
1.807,1508.03,1143.66,0.0,PRESSURE_SURGE,0.0,0.2
1.808,1499.56,1109.22,0.0,PRESSURE_SURGE,0.0,0.2
1.809,1502.6,1075.91,0.0,PRESSURE_SURGE,0.0,0.2
1.81,1502.25,1043.71,0.0,PRESSURE_SURGE,0.0,0.2
1.811,1503.27,1012.57,0.0,PRESSURE_SURGE,0.0,0.2
1.812,1500.95,982.45,0.0,PRESSURE_SURGE,0.0,0.2
1.813,1504.03,953.33,0.0,PRESSURE_SURGE,0.0,0.2
1.814,1504.29,925.17,0.0,PRESSURE_SURGE,0.0,0.2
1.815,1505.49,897.94,0.0,PRESSURE_SURGE,0.0,0.2
1.816,1502.36,871.61,0.0,PRESSURE_SURGE,0.0,0.2
1.817,1503.22,846.14,0.0,PRESSURE_SURGE,0.0,0.2
1.818,1512.28,821.52,0.0,PRESSURE_SURGE,0.0,0.2
1.819,1508.09,797.71,0.0,PRESSURE_SURGE,0.0,0.2
1.82,1505.56,774.69,0.0,PRESSURE_SURGE,0.0,0.2
1.821,1507.58,752.42,0.0,PRESSURE_SURGE,0.0,0.2
1.822,1506.43,730.89,0.0,PRESSURE_SURGE,0.0,0.2
1.823,1505.49,710.07,0.0,PRESSURE_SURGE,0.0,0.2
1.824,1505.41,689.94,0.0,PRESSURE_SURGE,0.0,0.2
1.825,1513.36,670.47,0.0,PRESSURE_SURGE,0.0,0.2
1.826,1506.29,651.64,0.0,PRESSURE_SURGE,0.0,0.2
1.827,1505.29,633.44,0.0,PRESSURE_SURGE,0.0,0.2
1.828,1508.66,615.84,0.0,PRESSURE_SURGE,0.0,0.2
1.829,1508.44,598.81,0.0,PRESSURE_SURGE,0.0,0.2
1.83,1506.18,582.35,0.0,PRESSURE_SURGE,0.0,0.2
1.831,1513.13,566.43,0.0,PRESSURE_SURGE,0.0,0.2
1.832,1503.25,551.04,0.0,PRESSURE_SURGE,0.0,0.2
1.833,1508.77,536.16,0.0,PRESSURE_SURGE,0.0,0.2
1.834,1507.92,521.76,0.0,PRESSURE_SURGE,0.0,0.2
1.835,1505.84,507.85,0.0,PRESSURE_SURGE,0.0,0.2
1.836,1510.17,494.39,0.0,PRESSURE_SURGE,0.0,0.2
1.837,1502.94,481.37,0.0,PRESSURE_SURGE,0.0,0.2
1.838,1501.1,468.79,0.0,PRESSURE_SURGE,0.0,0.2
1.839,1504.53,456.62,0.0,PRESSURE_SURGE,0.0,0.2
1.84,1509.53,444.85,0.0,PRESSURE_SURGE,0.0,0.2
1.841,1506.13,433.47,0.0,PRESSURE_SURGE,0.0,0.2
1.842,1509.7,422.46,0.0,PRESSURE_SURGE,0.0,0.2
1.843,1510.67,411.82,0.0,PRESSURE_SURGE,0.0,0.2
1.844,1512.73,401.53,0.0,PRESSURE_SURGE,0.0,0.2
1.845,1509.19,391.58,0.0,PRESSURE_SURGE,0.0,0.2
1.846,1504.57,381.96,0.0,PRESSURE_SURGE,0.0,0.2
1.847,1506.96,372.65,0.0,PRESSURE_SURGE,0.0,0.2
1.848,1505.29,363.66,0.0,PRESSURE_SURGE,0.0,0.2
1.849,1506.25,354.96,0.0,PRESSURE_SURGE,0.0,0.2
1.85,1511.39,346.54,0.0,PRESSURE_SURGE,0.0,0.2
1.851,1510.66,338.41,0.0,PRESSURE_SURGE,0.0,0.2
1.852,1509.49,330.54,0.0,PRESSURE_SURGE,0.0,0.2
1.853,1503.5,322.93,0.0,PRESSURE_SURGE,0.0,0.2
1.854,1512.87,315.57,0.0,PRESSURE_SURGE,0.0,0.2
1.855,1510.54,308.46,0.0,PRESSURE_SURGE,0.0,0.2
1.856,1514.76,301.58,0.0,PRESSURE_SURGE,0.0,0.2
1.857,1513.07,294.93,0.0,PRESSURE_SURGE,0.0,0.2
1.858,1505.97,288.5,0.0,PRESSURE_SURGE,0.0,0.2
1.859,1508.21,282.28,0.0,PRESSURE_SURGE,0.0,0.2
1.86,1507.81,276.26,0.0,PRESSURE_SURGE,0.0,0.2
1.861,1506.44,270.44,0.0,PRESSURE_SURGE,0.0,0.2
1.862,1508.3,264.82,0.0,PRESSURE_SURGE,0.0,0.2
1.863,1509.32,259.38,0.0,PRESSURE_SURGE,0.0,0.2
1.864,1504.41,254.12,0.0,PRESSURE_SURGE,0.0,0.2
1.865,1508.07,249.03,0.0,PRESSURE_SURGE,0.0,0.2
1.866,1507.7,244.12,0.0,PRESSURE_SURGE,0.0,0.2
1.867,1509.4,239.36,0.0,PRESSURE_SURGE,0.0,0.2
1.868,1505.98,234.76,0.0,PRESSURE_SURGE,0.0,0.2
1.869,1508.64,230.31,0.0,PRESSURE_SURGE,0.0,0.2
1.87,1509.56,226.01,0.0,PRESSURE_SURGE,0.0,0.2
1.871,1510.83,221.86,0.0,PRESSURE_SURGE,0.0,0.2
1.872,1509.66,217.83,0.0,PRESSURE_SURGE,0.0,0.2
1.873,1502.47,213.95,0.0,PRESSURE_SURGE,0.0,0.2
1.874,1505.82,210.19,0.0,PRESSURE_SURGE,0.0,0.2
1.875,1505.7,206.55,0.0,PRESSURE_SURGE,0.0,0.2
1.876,1504.46,203.03,0.0,PRESSURE_SURGE,0.0,0.2
1.877,1506.57,199.63,0.0,PRESSURE_SURGE,0.0,0.2
1.878,1504.75,196.35,0.0,PRESSURE_SURGE,0.0,0.2
1.879,1508.13,193.17,0.0,PRESSURE_SURGE,0.0,0.2
1.88,1504.37,190.09,0.0,PRESSURE_SURGE,0.0,0.2
1.881,1504.39,187.12,0.0,PRESSURE_SURGE,0.0,0.2
1.882,1501.82,184.24,0.0,PRESSURE_SURGE,0.0,0.2
1.883,1506.98,181.46,0.0,PRESSURE_SURGE,0.0,0.2
1.884,1506.23,178.77,0.0,PRESSURE_SURGE,0.0,0.2
1.885,1506.02,176.18,0.0,PRESSURE_SURGE,0.0,0.2
1.886,1506.78,173.66,0.0,PRESSURE_SURGE,0.0,0.2
1.887,1505.9,171.23,0.0,PRESSURE_SURGE,0.0,0.2
1.888,1509.42,168.88,0.0,PRESSURE_SURGE,0.0,0.2
1.889,1503.18,166.61,0.0,PRESSURE_SURGE,0.0,0.2
1.89,1498.57,164.41,0.0,PRESSURE_SURGE,0.0,0.2
1.891,1504.69,162.28,0.0,PRESSURE_SURGE,0.0,0.2
1.892,1503.01,160.23,0.0,PRESSURE_SURGE,0.0,0.2
1.893,1502.22,158.24,0.0,PRESSURE_SURGE,0.0,0.2
1.894,1499.28,156.32,0.0,PRESSURE_SURGE,0.0,0.2
1.895,1504.51,154.46,0.0,PRESSURE_SURGE,0.0,0.2
1.896,1500.63,152.66,0.0,PRESSURE_SURGE,0.0,0.2
1.897,1500.28,150.92,0.0,PRESSURE_SURGE,0.0,0.2
1.898,1500.16,149.24,0.0,PRESSURE_SURGE,0.0,0.2
1.899,1499.04,147.62,0.0,PRESSURE_SURGE,0.0,0.2
1.9,1497.1,146.05,0.0,PRESSURE_SURGE,0.0,0.2
1.901,1501.91,144.53,0.0,PRESSURE_SURGE,0.0,0.2
1.902,1500.93,143.06,0.0,PRESSURE_SURGE,0.0,0.2
1.903,1498.81,141.64,0.0,PRESSURE_SURGE,0.0,0.2
1.904,1503.86,140.26,0.0,PRESSURE_SURGE,0.0,0.2
1.905,1499.45,138.94,0.0,PRESSURE_SURGE,0.0,0.2
1.906,1498.27,137.65,0.0,PRESSURE_SURGE,0.0,0.2
1.907,1498.66,136.41,0.0,PRESSURE_SURGE,0.0,0.2
1.908,1498.05,135.21,0.0,PRESSURE_SURGE,0.0,0.2
1.909,1497.84,134.04,0.0,PRESSURE_SURGE,0.0,0.2
1.91,1493.12,132.92,0.0,PRESSURE_SURGE,0.0,0.2
1.911,1497.72,131.83,0.0,PRESSURE_SURGE,0.0,0.2
1.912,1499.07,130.78,0.0,PRESSURE_SURGE,0.0,0.2
1.913,1503.32,129.77,0.0,PRESSURE_SURGE,0.0,0.2
1.914,1497.94,128.79,0.0,PRESSURE_SURGE,0.0,0.2
1.915,1498.73,127.84,0.0,PRESSURE_SURGE,0.0,0.2
1.916,1492.93,126.92,0.0,PRESSURE_SURGE,0.0,0.2
1.917,1491.47,126.03,0.0,PRESSURE_SURGE,0.0,0.2
1.918,1493.62,125.17,0.0,PRESSURE_SURGE,0.0,0.2
1.919,1493.25,124.34,0.0,PRESSURE_SURGE,0.0,0.2
1.92,1494.77,123.54,0.0,PRESSURE_SURGE,0.0,0.2
1.921,1492.39,122.76,0.0,PRESSURE_SURGE,0.0,0.2
1.922,1494.46,122.01,0.0,PRESSURE_SURGE,0.0,0.2
1.923,1490.58,121.28,0.0,PRESSURE_SURGE,0.0,0.2
1.924,1489.33,120.58,0.0,PRESSURE_SURGE,0.0,0.2
1.925,1492.4,119.9,0.0,PRESSURE_SURGE,0.0,0.2
1.926,1496.73,119.24,0.0,PRESSURE_SURGE,0.0,0.2
1.927,1488.98,118.61,0.0,PRESSURE_SURGE,0.0,0.2
1.928,1492.33,117.99,0.0,PRESSURE_SURGE,0.0,0.2
1.929,1486.03,117.4,0.0,PRESSURE_SURGE,0.0,0.2
1.93,1490.11,116.83,0.0,PRESSURE_SURGE,0.0,0.2
1.931,1490.35,116.27,0.0,PRESSURE_SURGE,0.0,0.2
1.932,1488.69,115.73,0.0,PRESSURE_SURGE,0.0,0.2
1.933,1492.92,115.22,0.0,PRESSURE_SURGE,0.0,0.2
1.934,1497.71,114.71,0.0,PRESSURE_SURGE,0.0,0.2
1.935,1498.29,114.23,0.0,PRESSURE_SURGE,0.0,0.2
1.936,1495.51,113.76,0.0,PRESSURE_SURGE,0.0,0.2
1.937,1491.49,113.3,0.0,PRESSURE_SURGE,0.0,0.2
1.938,1489.61,112.87,0.0,PRESSURE_SURGE,0.0,0.2
1.939,1491.0,112.44,0.0,PRESSURE_SURGE,0.0,0.2
1.94,1488.27,112.03,0.0,PRESSURE_SURGE,0.0,0.2
1.941,1492.06,111.63,0.0,PRESSURE_SURGE,0.0,0.2
1.942,1485.43,111.25,0.0,PRESSURE_SURGE,0.0,0.2
1.943,1487.94,110.88,0.0,PRESSURE_SURGE,0.0,0.2
1.944,1489.04,110.52,0.0,PRESSURE_SURGE,0.0,0.2
1.945,1487.77,110.17,0.0,PRESSURE_SURGE,0.0,0.2
1.946,1484.84,109.84,0.0,PRESSURE_SURGE,0.0,0.2
1.947,1488.65,109.51,0.0,PRESSURE_SURGE,0.0,0.2
1.948,1494.14,109.2,0.0,PRESSURE_SURGE,0.0,0.2
1.949,1486.62,108.89,0.0,PRESSURE_SURGE,0.0,0.2
1.95,1493.12,99.2,0.0,PRESSURE_SURGE,0.0,0.2
1.951,1492.73,102.56,0.0,PRESSURE_SURGE,0.0,0.2
1.952,1490.21,97.64,0.0,PRESSURE_SURGE,0.0,0.2
1.953,1486.88,100.04,0.0,PRESSURE_SURGE,0.0,0.2
1.954,1487.0,100.23,0.0,PRESSURE_SURGE,0.0,0.2
1.955,1490.42,98.37,0.0,PRESSURE_SURGE,0.0,0.2
1.956,1484.41,98.57,0.0,PRESSURE_SURGE,0.0,0.2
1.957,1492.45,98.91,0.0,PRESSURE_SURGE,0.0,0.2
1.958,1489.37,100.6,0.0,PRESSURE_SURGE,0.0,0.2
1.959,1491.18,97.89,0.0,PRESSURE_SURGE,0.0,0.2
1.96,1486.62,99.99,0.0,PRESSURE_SURGE,0.0,0.2
1.961,1491.38,99.75,0.0,PRESSURE_SURGE,0.0,0.2
1.962,1493.14,99.67,0.0,PRESSURE_SURGE,0.0,0.2
1.963,1489.23,99.13,0.0,PRESSURE_SURGE,0.0,0.2
1.964,1495.48,99.06,0.0,PRESSURE_SURGE,0.0,0.2
1.965,1490.39,100.47,0.0,PRESSURE_SURGE,0.0,0.2
1.966,1495.54,99.24,0.0,PRESSURE_SURGE,0.0,0.2
1.967,1494.9,100.07,0.0,PRESSURE_SURGE,0.0,0.2
1.968,1490.56,101.93,0.0,PRESSURE_SURGE,0.0,0.2
1.969,1497.31,100.16,0.0,PRESSURE_SURGE,0.0,0.2
1.97,1492.22,98.43,0.0,PRESSURE_SURGE,0.0,0.2
1.971,1490.52,101.57,0.0,PRESSURE_SURGE,0.0,0.2
1.972,1486.57,101.92,0.0,PRESSURE_SURGE,0.0,0.2
1.973,1488.78,100.77,0.0,PRESSURE_SURGE,0.0,0.2
1.974,1492.48,98.92,0.0,PRESSURE_SURGE,0.0,0.2
1.975,1494.64,102.16,0.0,PRESSURE_SURGE,0.0,0.2
1.976,1495.06,99.42,0.0,PRESSURE_SURGE,0.0,0.2
1.977,1491.61,99.87,0.0,PRESSURE_SURGE,0.0,0.2
1.978,1493.33,98.92,0.0,PRESSURE_SURGE,0.0,0.2
1.979,1496.16,99.84,0.0,PRESSURE_SURGE,0.0,0.2
1.98,1495.53,99.2,0.0,PRESSURE_SURGE,0.0,0.2
1.981,1497.5,99.61,0.0,PRESSURE_SURGE,0.0,0.2
1.982,1494.6,100.64,0.0,PRESSURE_SURGE,0.0,0.2
1.983,1494.88,99.4,0.0,PRESSURE_SURGE,0.0,0.2
1.984,1492.82,100.09,0.0,PRESSURE_SURGE,0.0,0.2
1.985,1495.23,100.37,0.0,PRESSURE_SURGE,0.0,0.2
1.986,1491.09,100.39,0.0,PRESSURE_SURGE,0.0,0.2
1.987,1497.47,102.06,0.0,PRESSURE_SURGE,0.0,0.2
1.988,1497.75,102.68,0.0,PRESSURE_SURGE,0.0,0.2
1.989,1493.14,100.7,0.0,PRESSURE_SURGE,0.0,0.2
1.99,1492.74,100.1,0.0,PRESSURE_SURGE,0.0,0.2
1.991,1495.4,100.31,0.0,PRESSURE_SURGE,0.0,0.2
1.992,1492.72,99.07,0.0,PRESSURE_SURGE,0.0,0.2
1.993,1498.31,99.19,0.0,PRESSURE_SURGE,0.0,0.2
1.994,1495.2,100.24,0.0,PRESSURE_SURGE,0.0,0.2
1.995,1498.72,98.4,0.0,PRESSURE_SURGE,0.0,0.2
1.996,1494.83,99.49,0.0,PRESSURE_SURGE,0.0,0.2
1.997,1497.52,101.02,0.0,PRESSURE_SURGE,0.0,0.2
1.998,1500.69,102.93,0.0,PRESSURE_SURGE,0.0,0.2
1.999,1494.67,97.21,0.0,PRESSURE_SURGE,0.0,0.2
2.0,1502.01,100.69,0.0,PRESSURE_SURGE,0.0,0.2
2.001,1499.74,101.25,0.0,PRESSURE_SURGE,0.0,0.2
2.002,1502.98,100.23,0.0,PRESSURE_SURGE,0.0,0.2
2.003,1503.27,99.77,0.0,PRESSURE_SURGE,0.0,0.2
2.004,1496.75,100.99,0.0,PRESSURE_SURGE,0.0,0.2
2.005,1502.98,100.15,0.0,PRESSURE_SURGE,0.0,0.2
2.006,1504.89,101.03,0.0,PRESSURE_SURGE,0.0,0.2
2.007,1500.15,100.06,0.0,PRESSURE_SURGE,0.0,0.2
2.008,1504.3,98.5,0.0,PRESSURE_SURGE,0.0,0.2
2.009,1501.11,102.23,0.0,PRESSURE_SURGE,0.0,0.2
2.01,1502.44,100.21,0.0,PRESSURE_SURGE,0.0,0.2
2.011,1506.39,100.49,0.0,PRESSURE_SURGE,0.0,0.2
2.012,1503.2,101.62,0.0,PRESSURE_SURGE,0.0,0.2
2.013,1506.21,99.3,0.0,PRESSURE_SURGE,0.0,0.2
2.014,1501.92,100.52,0.0,PRESSURE_SURGE,0.0,0.2
2.015,1504.17,101.87,0.0,PRESSURE_SURGE,0.0,0.2
2.016,1499.9,99.12,0.0,PRESSURE_SURGE,0.0,0.2
2.017,1505.99,98.57,0.0,PRESSURE_SURGE,0.0,0.2
2.018,1502.16,100.62,0.0,PRESSURE_SURGE,0.0,0.2
2.019,1507.29,99.3,0.0,PRESSURE_SURGE,0.0,0.2
2.02,1507.71,99.36,0.0,PRESSURE_SURGE,0.0,0.2
2.021,1511.24,100.12,0.0,PRESSURE_SURGE,0.0,0.2
2.022,1505.63,102.44,0.0,PRESSURE_SURGE,0.0,0.2
2.023,1506.0,98.25,0.0,PRESSURE_SURGE,0.0,0.2
2.024,1509.14,100.09,0.0,PRESSURE_SURGE,0.0,0.2
2.025,1502.54,103.38,0.0,PRESSURE_SURGE,0.0,0.2
2.026,1506.37,97.3,0.0,PRESSURE_SURGE,0.0,0.2
2.027,1507.96,102.57,0.0,PRESSURE_SURGE,0.0,0.2
2.028,1509.18,98.23,0.0,PRESSURE_SURGE,0.0,0.2
2.029,1507.88,101.54,0.0,PRESSURE_SURGE,0.0,0.2
2.03,1508.35,99.52,0.0,PRESSURE_SURGE,0.0,0.2
2.031,1505.81,97.69,0.0,PRESSURE_SURGE,0.0,0.2
2.032,1508.72,97.59,0.0,PRESSURE_SURGE,0.0,0.2
2.033,1509.37,100.88,0.0,PRESSURE_SURGE,0.0,0.2
2.034,1509.23,102.29,0.0,PRESSURE_SURGE,0.0,0.2
2.035,1507.84,101.65,0.0,PRESSURE_SURGE,0.0,0.2
2.036,1510.36,99.67,0.0,PRESSURE_SURGE,0.0,0.2
2.037,1510.05,99.47,0.0,PRESSURE_SURGE,0.0,0.2
2.038,1504.69,98.15,0.0,PRESSURE_SURGE,0.0,0.2
2.039,1508.32,99.16,0.0,PRESSURE_SURGE,0.0,0.2
2.04,1510.01,98.31,0.0,PRESSURE_SURGE,0.0,0.2
2.041,1509.69,98.93,0.0,PRESSURE_SURGE,0.0,0.2
2.042,1509.45,99.61,0.0,PRESSURE_SURGE,0.0,0.2
2.043,1514.02,100.7,0.0,PRESSURE_SURGE,0.0,0.2
2.044,1511.34,100.93,0.0,PRESSURE_SURGE,0.0,0.2
2.045,1510.99,100.87,0.0,PRESSURE_SURGE,0.0,0.2
2.046,1511.03,99.45,0.0,PRESSURE_SURGE,0.0,0.2
2.047,1504.33,102.31,0.0,PRESSURE_SURGE,0.0,0.2
2.048,1510.44,101.74,0.0,PRESSURE_SURGE,0.0,0.2
2.049,1512.66,100.36,0.0,PRESSURE_SURGE,0.0,0.2
2.05,1508.69,98.96,0.0,PRESSURE_SURGE,0.0,0.2
2.051,1506.98,98.85,0.0,PRESSURE_SURGE,0.0,0.2
2.052,1510.89,102.08,0.0,PRESSURE_SURGE,0.0,0.2
2.053,1507.5,97.71,0.0,PRESSURE_SURGE,0.0,0.2
2.054,1516.19,101.07,0.0,PRESSURE_SURGE,0.0,0.2
2.055,1506.29,99.52,0.0,PRESSURE_SURGE,0.0,0.2
2.056,1510.94,104.4,0.0,PRESSURE_SURGE,0.0,0.2
2.057,1511.32,97.11,0.0,PRESSURE_SURGE,0.0,0.2
2.058,1507.23,100.04,0.0,PRESSURE_SURGE,0.0,0.2
2.059,1509.0,101.14,0.0,PRESSURE_SURGE,0.0,0.2
2.06,1508.18,101.16,0.0,PRESSURE_SURGE,0.0,0.2
2.061,1512.33,99.78,0.0,PRESSURE_SURGE,0.0,0.2
2.062,1506.41,98.12,0.0,PRESSURE_SURGE,0.0,0.2
2.063,1506.67,99.37,0.0,PRESSURE_SURGE,0.0,0.2
2.064,1509.73,101.81,0.0,PRESSURE_SURGE,0.0,0.2
2.065,1511.17,98.51,0.0,PRESSURE_SURGE,0.0,0.2
2.066,1505.11,101.16,0.0,PRESSURE_SURGE,0.0,0.2
2.067,1504.09,100.49,0.0,PRESSURE_SURGE,0.0,0.2
2.068,1508.05,99.75,0.0,PRESSURE_SURGE,0.0,0.2
2.069,1509.81,98.17,0.0,PRESSURE_SURGE,0.0,0.2
2.07,1509.07,99.47,0.0,PRESSURE_SURGE,0.0,0.2
2.071,1505.66,98.07,0.0,PRESSURE_SURGE,0.0,0.2
2.072,1507.56,101.17,0.0,PRESSURE_SURGE,0.0,0.2
2.073,1509.72,104.21,0.0,PRESSURE_SURGE,0.0,0.2
2.074,1508.19,100.08,0.0,PRESSURE_SURGE,0.0,0.2
2.075,1503.72,98.37,0.0,PRESSURE_SURGE,0.0,0.2
2.076,1511.8,102.09,0.0,PRESSURE_SURGE,0.0,0.2
2.077,1509.16,99.49,0.0,PRESSURE_SURGE,0.0,0.2
2.078,1505.52,96.82,0.0,PRESSURE_SURGE,0.0,0.2
2.079,1511.3,100.64,0.0,PRESSURE_SURGE,0.0,0.2
2.08,1508.46,97.52,0.0,PRESSURE_SURGE,0.0,0.2
2.081,1507.29,100.36,0.0,PRESSURE_SURGE,0.0,0.2
2.082,1504.82,104.07,0.0,PRESSURE_SURGE,0.0,0.2
2.083,1507.04,100.86,0.0,PRESSURE_SURGE,0.0,0.2
2.084,1505.41,96.88,0.0,PRESSURE_SURGE,0.0,0.2
2.085,1507.1,100.53,0.0,PRESSURE_SURGE,0.0,0.2
2.086,1506.13,101.59,0.0,PRESSURE_SURGE,0.0,0.2
2.087,1502.53,100.05,0.0,PRESSURE_SURGE,0.0,0.2
2.088,1503.4,100.86,0.0,PRESSURE_SURGE,0.0,0.2
2.089,1504.55,101.65,0.0,PRESSURE_SURGE,0.0,0.2
2.09,1508.28,99.25,0.0,PRESSURE_SURGE,0.0,0.2
2.091,1500.25,99.56,0.0,PRESSURE_SURGE,0.0,0.2
2.092,1505.02,102.97,0.0,PRESSURE_SURGE,0.0,0.2
2.093,1506.52,97.35,0.0,PRESSURE_SURGE,0.0,0.2
2.094,1503.26,101.38,0.0,PRESSURE_SURGE,0.0,0.2
2.095,1505.82,97.93,0.0,PRESSURE_SURGE,0.0,0.2
2.096,1499.31,99.26,0.0,PRESSURE_SURGE,0.0,0.2
2.097,1497.84,100.3,0.0,PRESSURE_SURGE,0.0,0.2
2.098,1500.96,97.47,0.0,PRESSURE_SURGE,0.0,0.2
2.099,1502.58,99.4,0.0,PRESSURE_SURGE,0.0,0.2
2.1,1501.47,102.22,0.0,PRESSURE_SURGE,0.0,0.2
2.101,1505.25,100.69,0.0,PRESSURE_SURGE,0.0,0.2
2.102,1501.53,101.15,0.0,PRESSURE_SURGE,0.0,0.2
2.103,1499.98,99.79,0.0,PRESSURE_SURGE,0.0,0.2
2.104,1507.53,100.63,0.0,PRESSURE_SURGE,0.0,0.2
2.105,1499.47,100.57,0.0,PRESSURE_SURGE,0.0,0.2
2.106,1498.75,101.94,0.0,PRESSURE_SURGE,0.0,0.2
2.107,1495.84,99.09,0.0,PRESSURE_SURGE,0.0,0.2
2.108,1496.82,99.94,0.0,PRESSURE_SURGE,0.0,0.2
2.109,1490.58,100.32,0.0,PRESSURE_SURGE,0.0,0.2
2.11,1499.24,99.09,0.0,PRESSURE_SURGE,0.0,0.2
2.111,1488.07,101.29,0.0,PRESSURE_SURGE,0.0,0.2
2.112,1494.59,96.26,0.0,PRESSURE_SURGE,0.0,0.2
2.113,1495.33,99.05,0.0,PRESSURE_SURGE,0.0,0.2
2.114,1496.53,101.44,0.0,PRESSURE_SURGE,0.0,0.2
2.115,1493.64,101.67,0.0,PRESSURE_SURGE,0.0,0.2
2.116,1494.26,101.7,0.0,PRESSURE_SURGE,0.0,0.2
2.117,1497.36,97.33,0.0,PRESSURE_SURGE,0.0,0.2
2.118,1500.31,101.96,0.0,PRESSURE_SURGE,0.0,0.2
2.119,1494.72,100.84,0.0,PRESSURE_SURGE,0.0,0.2
2.12,1495.1,101.92,0.0,PRESSURE_SURGE,0.0,0.2
2.121,1498.42,98.9,0.0,PRESSURE_SURGE,0.0,0.2
2.122,1495.37,99.66,0.0,PRESSURE_SURGE,0.0,0.2
2.123,1495.69,101.01,0.0,PRESSURE_SURGE,0.0,0.2
2.124,1490.36,100.23,0.0,PRESSURE_SURGE,0.0,0.2
2.125,1489.18,100.98,0.0,PRESSURE_SURGE,0.0,0.2
2.126,1489.32,99.28,0.0,PRESSURE_SURGE,0.0,0.2
2.127,1492.18,99.44,0.0,PRESSURE_SURGE,0.0,0.2
2.128,1493.16,99.9,0.0,PRESSURE_SURGE,0.0,0.2
2.129,1497.42,100.03,0.0,PRESSURE_SURGE,0.0,0.2
2.13,1495.57,99.37,0.0,PRESSURE_SURGE,0.0,0.2
2.131,1493.28,100.7,0.0,PRESSURE_SURGE,0.0,0.2
2.132,1488.14,99.05,0.0,PRESSURE_SURGE,0.0,0.2
2.133,1490.45,102.78,0.0,PRESSURE_SURGE,0.0,0.2
2.134,1486.43,102.42,0.0,PRESSURE_SURGE,0.0,0.2
2.135,1491.19,99.8,0.0,PRESSURE_SURGE,0.0,0.2
2.136,1491.64,100.67,0.0,PRESSURE_SURGE,0.0,0.2
2.137,1486.48,100.08,0.0,PRESSURE_SURGE,0.0,0.2
2.138,1488.8,100.38,0.0,PRESSURE_SURGE,0.0,0.2
2.139,1487.6,102.55,0.0,PRESSURE_SURGE,0.0,0.2
2.14,1489.44,98.93,0.0,PRESSURE_SURGE,0.0,0.2
2.141,1493.55,102.59,0.0,PRESSURE_SURGE,0.0,0.2
2.142,1486.18,100.81,0.0,PRESSURE_SURGE,0.0,0.2
2.143,1488.08,98.87,0.0,PRESSURE_SURGE,0.0,0.2
2.144,1491.29,100.75,0.0,PRESSURE_SURGE,0.0,0.2
2.145,1486.11,98.42,0.0,PRESSURE_SURGE,0.0,0.2
2.146,1487.34,102.56,0.0,PRESSURE_SURGE,0.0,0.2
2.147,1488.32,97.99,0.0,PRESSURE_SURGE,0.0,0.2
2.148,1492.95,102.0,0.0,PRESSURE_SURGE,0.0,0.2
2.149,1489.52,100.67,0.0,PRESSURE_SURGE,0.0,0.2
2.15,1486.17,97.81,0.0,PRESSURE_SURGE,0.0,0.2
2.151,1490.42,99.23,0.0,PRESSURE_SURGE,0.0,0.2
2.152,1489.91,101.8,0.0,PRESSURE_SURGE,0.0,0.2
2.153,1488.23,101.18,0.0,PRESSURE_SURGE,0.0,0.2
2.154,1489.75,99.36,0.0,PRESSURE_SURGE,0.0,0.2
2.155,1489.67,101.09,0.0,PRESSURE_SURGE,0.0,0.2
2.156,1494.79,98.05,0.0,PRESSURE_SURGE,0.0,0.2
2.157,1489.13,100.95,0.0,PRESSURE_SURGE,0.0,0.2
2.158,1491.39,99.59,0.0,PRESSURE_SURGE,0.0,0.2
2.159,1495.02,100.41,0.0,PRESSURE_SURGE,0.0,0.2
2.16,1497.6,100.42,0.0,PRESSURE_SURGE,0.0,0.2
2.161,1490.22,102.1,0.0,PRESSURE_SURGE,0.0,0.2
2.162,1482.89,99.65,0.0,PRESSURE_SURGE,0.0,0.2
2.163,1488.91,102.29,0.0,PRESSURE_SURGE,0.0,0.2
2.164,1489.35,98.11,0.0,PRESSURE_SURGE,0.0,0.2
2.165,1488.52,97.88,0.0,PRESSURE_SURGE,0.0,0.2
2.166,1491.66,101.7,0.0,PRESSURE_SURGE,0.0,0.2
2.167,1489.8,103.32,0.0,PRESSURE_SURGE,0.0,0.2
2.168,1489.1,97.77,0.0,PRESSURE_SURGE,0.0,0.2
2.169,1492.02,98.65,0.0,PRESSURE_SURGE,0.0,0.2
2.17,1491.72,97.1,0.0,PRESSURE_SURGE,0.0,0.2
2.171,1493.57,97.26,0.0,PRESSURE_SURGE,0.0,0.2
2.172,1489.56,101.04,0.0,PRESSURE_SURGE,0.0,0.2
2.173,1492.75,101.45,0.0,PRESSURE_SURGE,0.0,0.2
2.174,1498.98,100.61,0.0,PRESSURE_SURGE,0.0,0.2
2.175,1497.9,99.86,0.0,PRESSURE_SURGE,0.0,0.2
2.176,1490.52,96.86,0.0,PRESSURE_SURGE,0.0,0.2
2.177,1495.04,97.86,0.0,PRESSURE_SURGE,0.0,0.2
2.178,1493.83,100.92,0.0,PRESSURE_SURGE,0.0,0.2
2.179,1492.18,99.75,0.0,PRESSURE_SURGE,0.0,0.2
2.18,1492.99,99.13,0.0,PRESSURE_SURGE,0.0,0.2
2.181,1499.01,100.9,0.0,PRESSURE_SURGE,0.0,0.2
2.182,1490.79,100.69,0.0,PRESSURE_SURGE,0.0,0.2
2.183,1494.78,101.96,0.0,PRESSURE_SURGE,0.0,0.2
2.184,1494.2,98.69,0.0,PRESSURE_SURGE,0.0,0.2
2.185,1501.08,99.79,0.0,PRESSURE_SURGE,0.0,0.2
2.186,1495.46,101.5,0.0,PRESSURE_SURGE,0.0,0.2
2.187,1495.13,101.04,0.0,PRESSURE_SURGE,0.0,0.2
2.188,1499.54,97.91,0.0,PRESSURE_SURGE,0.0,0.2
2.189,1498.95,101.15,0.0,PRESSURE_SURGE,0.0,0.2
2.19,1491.22,99.26,0.0,PRESSURE_SURGE,0.0,0.2
2.191,1498.52,97.82,0.0,PRESSURE_SURGE,0.0,0.2
2.192,1491.6,101.77,0.0,PRESSURE_SURGE,0.0,0.2
2.193,1492.66,100.35,0.0,PRESSURE_SURGE,0.0,0.2
2.194,1497.58,100.32,0.0,PRESSURE_SURGE,0.0,0.2
2.195,1497.03,98.42,0.0,PRESSURE_SURGE,0.0,0.2
2.196,1498.56,97.71,0.0,PRESSURE_SURGE,0.0,0.2
2.197,1498.26,99.1,0.0,PRESSURE_SURGE,0.0,0.2
2.198,1497.83,100.3,0.0,PRESSURE_SURGE,0.0,0.2
2.199,1501.77,99.7,0.0,PRESSURE_SURGE,0.0,0.2
2.2,1499.11,99.07,0.0,PRESSURE_SURGE,0.0,0.2
2.201,1500.67,96.33,0.0,PRESSURE_SURGE,0.0,0.2
2.202,1497.0,101.16,0.0,PRESSURE_SURGE,0.0,0.2
2.203,1504.81,101.66,0.0,PRESSURE_SURGE,0.0,0.2
2.204,1497.43,99.56,0.0,PRESSURE_SURGE,0.0,0.2
2.205,1496.87,99.75,0.0,PRESSURE_SURGE,0.0,0.2
2.206,1502.31,99.78,0.0,PRESSURE_SURGE,0.0,0.2
2.207,1503.05,97.86,0.0,PRESSURE_SURGE,0.0,0.2
2.208,1507.0,102.06,0.0,PRESSURE_SURGE,0.0,0.2
2.209,1506.64,99.62,0.0,PRESSURE_SURGE,0.0,0.2
2.21,1500.92,98.17,0.0,PRESSURE_SURGE,0.0,0.2
2.211,1506.5,99.18,0.0,PRESSURE_SURGE,0.0,0.2
2.212,1505.11,103.25,0.0,PRESSURE_SURGE,0.0,0.2
2.213,1504.47,99.01,0.0,PRESSURE_SURGE,0.0,0.2
2.214,1504.68,101.53,0.0,PRESSURE_SURGE,0.0,0.2
2.215,1504.49,100.26,0.0,PRESSURE_SURGE,0.0,0.2
2.216,1504.43,102.54,0.0,PRESSURE_SURGE,0.0,0.2
2.217,1502.38,99.28,0.0,PRESSURE_SURGE,0.0,0.2
2.218,1504.75,99.44,0.0,PRESSURE_SURGE,0.0,0.2
2.219,1507.45,99.05,0.0,PRESSURE_SURGE,0.0,0.2
2.22,1508.4,102.98,0.0,PRESSURE_SURGE,0.0,0.2
2.221,1506.57,96.69,0.0,PRESSURE_SURGE,0.0,0.2
2.222,1508.95,99.88,0.0,PRESSURE_SURGE,0.0,0.2
2.223,1507.56,100.95,0.0,PRESSURE_SURGE,0.0,0.2
2.224,1503.38,100.41,0.0,PRESSURE_SURGE,0.0,0.2
2.225,1503.64,99.82,0.0,PRESSURE_SURGE,0.0,0.2
2.226,1504.1,98.73,0.0,PRESSURE_SURGE,0.0,0.2
2.227,1507.75,101.48,0.0,PRESSURE_SURGE,0.0,0.2
2.228,1514.92,103.59,0.0,PRESSURE_SURGE,0.0,0.2
2.229,1504.92,98.37,0.0,PRESSURE_SURGE,0.0,0.2
2.23,1511.66,101.82,0.0,PRESSURE_SURGE,0.0,0.2
2.231,1507.36,101.95,0.0,PRESSURE_SURGE,0.0,0.2
2.232,1513.55,98.34,0.0,PRESSURE_SURGE,0.0,0.2
2.233,1504.04,102.03,0.0,PRESSURE_SURGE,0.0,0.2
2.234,1505.71,98.27,0.0,PRESSURE_SURGE,0.0,0.2
2.235,1509.59,98.81,0.0,PRESSURE_SURGE,0.0,0.2
2.236,1509.63,99.41,0.0,PRESSURE_SURGE,0.0,0.2
2.237,1509.12,98.88,0.0,PRESSURE_SURGE,0.0,0.2
2.238,1507.67,98.62,0.0,PRESSURE_SURGE,0.0,0.2
2.239,1511.76,101.11,0.0,PRESSURE_SURGE,0.0,0.2
2.24,1507.6,99.97,0.0,PRESSURE_SURGE,0.0,0.2
2.241,1507.8,98.44,0.0,PRESSURE_SURGE,0.0,0.2
2.242,1512.41,101.51,0.0,PRESSURE_SURGE,0.0,0.2
2.243,1506.21,96.94,0.0,PRESSURE_SURGE,0.0,0.2
2.244,1510.85,99.52,0.0,PRESSURE_SURGE,0.0,0.2
2.245,1507.91,97.3,0.0,PRESSURE_SURGE,0.0,0.2
2.246,1511.92,97.65,0.0,PRESSURE_SURGE,0.0,0.2
2.247,1505.72,95.98,0.0,PRESSURE_SURGE,0.0,0.2
2.248,1511.98,100.79,0.0,PRESSURE_SURGE,0.0,0.2
2.249,1513.25,97.05,0.0,PRESSURE_SURGE,0.0,0.2
2.25,1512.83,98.89,0.0,PRESSURE_SURGE,0.0,0.2
2.251,1510.57,97.18,0.0,PRESSURE_SURGE,0.0,0.2
2.252,1508.25,100.6,0.0,PRESSURE_SURGE,0.0,0.2
2.253,1509.95,101.1,0.0,PRESSURE_SURGE,0.0,0.2
2.254,1506.77,99.97,0.0,PRESSURE_SURGE,0.0,0.2
2.255,1510.06,99.39,0.0,PRESSURE_SURGE,0.0,0.2
2.256,1511.02,100.91,0.0,PRESSURE_SURGE,0.0,0.2
2.257,1514.3,99.77,0.0,PRESSURE_SURGE,0.0,0.2
2.258,1507.89,99.74,0.0,PRESSURE_SURGE,0.0,0.2
2.259,1510.37,97.98,0.0,PRESSURE_SURGE,0.0,0.2
2.26,1512.07,95.92,0.0,PRESSURE_SURGE,0.0,0.2
2.261,1510.86,101.35,0.0,PRESSURE_SURGE,0.0,0.2
2.262,1511.76,99.96,0.0,PRESSURE_SURGE,0.0,0.2
2.263,1507.87,100.0,0.0,PRESSURE_SURGE,0.0,0.2
2.264,1507.91,97.07,0.0,PRESSURE_SURGE,0.0,0.2
2.265,1510.54,100.65,0.0,PRESSURE_SURGE,0.0,0.2
2.266,1508.95,96.11,0.0,PRESSURE_SURGE,0.0,0.2
2.267,1512.41,97.76,0.0,PRESSURE_SURGE,0.0,0.2
2.268,1508.1,99.84,0.0,PRESSURE_SURGE,0.0,0.2
2.269,1513.16,99.93,0.0,PRESSURE_SURGE,0.0,0.2
2.27,1503.0,100.59,0.0,PRESSURE_SURGE,0.0,0.2
2.271,1506.73,100.11,0.0,PRESSURE_SURGE,0.0,0.2
2.272,1507.61,101.56,0.0,PRESSURE_SURGE,0.0,0.2
2.273,1503.17,99.79,0.0,PRESSURE_SURGE,0.0,0.2
2.274,1506.32,99.46,0.0,PRESSURE_SURGE,0.0,0.2
2.275,1506.36,98.85,0.0,PRESSURE_SURGE,0.0,0.2
2.276,1506.99,99.56,0.0,PRESSURE_SURGE,0.0,0.2
2.277,1503.65,99.59,0.0,PRESSURE_SURGE,0.0,0.2
2.278,1504.39,100.09,0.0,PRESSURE_SURGE,0.0,0.2
2.279,1507.65,100.46,0.0,PRESSURE_SURGE,0.0,0.2
2.28,1506.83,101.78,0.0,PRESSURE_SURGE,0.0,0.2
2.281,1503.7,99.33,0.0,PRESSURE_SURGE,0.0,0.2
2.282,1500.33,101.46,0.0,PRESSURE_SURGE,0.0,0.2
2.283,1501.3,98.68,0.0,PRESSURE_SURGE,0.0,0.2
2.284,1505.06,99.93,0.0,PRESSURE_SURGE,0.0,0.2
2.285,1500.03,98.98,0.0,PRESSURE_SURGE,0.0,0.2
2.286,1505.14,97.96,0.0,PRESSURE_SURGE,0.0,0.2
2.287,1512.16,101.26,0.0,PRESSURE_SURGE,0.0,0.2
2.288,1503.67,98.23,0.0,PRESSURE_SURGE,0.0,0.2
2.289,1503.65,99.04,0.0,PRESSURE_SURGE,0.0,0.2
2.29,1505.63,102.51,0.0,PRESSURE_SURGE,0.0,0.2
2.291,1502.88,98.38,0.0,PRESSURE_SURGE,0.0,0.2
2.292,1506.58,99.93,0.0,PRESSURE_SURGE,0.0,0.2
2.293,1501.66,100.87,0.0,PRESSURE_SURGE,0.0,0.2
2.294,1503.97,97.4,0.0,PRESSURE_SURGE,0.0,0.2
2.295,1500.03,98.12,0.0,PRESSURE_SURGE,0.0,0.2
2.296,1504.07,97.92,0.0,PRESSURE_SURGE,0.0,0.2
2.297,1500.81,104.54,0.0,PRESSURE_SURGE,0.0,0.2
2.298,1506.31,101.3,0.0,PRESSURE_SURGE,0.0,0.2
2.299,1500.83,101.09,0.0,PRESSURE_SURGE,0.0,0.2
2.3,1497.79,100.55,0.0,PRESSURE_SURGE,0.0,0.2
2.301,1502.12,100.84,0.0,PRESSURE_SURGE,0.0,0.2
2.302,1495.56,99.72,0.0,PRESSURE_SURGE,0.0,0.2
2.303,1498.46,98.85,0.0,PRESSURE_SURGE,0.0,0.2
2.304,1494.13,100.27,0.0,PRESSURE_SURGE,0.0,0.2
2.305,1493.6,98.51,0.0,PRESSURE_SURGE,0.0,0.2
2.306,1499.38,99.94,0.0,PRESSURE_SURGE,0.0,0.2
2.307,1496.7,98.09,0.0,PRESSURE_SURGE,0.0,0.2
2.308,1497.99,98.99,0.0,PRESSURE_SURGE,0.0,0.2
2.309,1501.55,100.05,0.0,PRESSURE_SURGE,0.0,0.2
2.31,1492.85,100.09,0.0,PRESSURE_SURGE,0.0,0.2
2.311,1498.53,100.39,0.0,PRESSURE_SURGE,0.0,0.2
2.312,1491.98,97.32,0.0,PRESSURE_SURGE,0.0,0.2
2.313,1495.61,101.69,0.0,PRESSURE_SURGE,0.0,0.2
2.314,1494.17,98.68,0.0,PRESSURE_SURGE,0.0,0.2
2.315,1494.2,99.61,0.0,PRESSURE_SURGE,0.0,0.2
2.316,1494.24,101.62,0.0,PRESSURE_SURGE,0.0,0.2
2.317,1492.34,96.0,0.0,PRESSURE_SURGE,0.0,0.2
2.318,1494.82,98.33,0.0,PRESSURE_SURGE,0.0,0.2
2.319,1495.34,98.24,0.0,PRESSURE_SURGE,0.0,0.2
2.32,1493.64,101.2,0.0,PRESSURE_SURGE,0.0,0.2
2.321,1495.12,102.57,0.0,PRESSURE_SURGE,0.0,0.2
2.322,1491.18,98.27,0.0,PRESSURE_SURGE,0.0,0.2
2.323,1490.97,101.67,0.0,PRESSURE_SURGE,0.0,0.2
2.324,1499.03,98.17,0.0,PRESSURE_SURGE,0.0,0.2
2.325,1493.82,98.15,0.0,PRESSURE_SURGE,0.0,0.2
2.326,1492.16,98.03,0.0,PRESSURE_SURGE,0.0,0.2
2.327,1487.35,99.34,0.0,PRESSURE_SURGE,0.0,0.2
2.328,1490.39,96.85,0.0,PRESSURE_SURGE,0.0,0.2
2.329,1495.08,98.21,0.0,PRESSURE_SURGE,0.0,0.2
2.33,1491.61,99.4,0.0,PRESSURE_SURGE,0.0,0.2
2.331,1490.42,99.36,0.0,PRESSURE_SURGE,0.0,0.2
2.332,1493.68,99.76,0.0,PRESSURE_SURGE,0.0,0.2
2.333,1496.94,100.57,0.0,PRESSURE_SURGE,0.0,0.2
2.334,1487.9,99.85,0.0,PRESSURE_SURGE,0.0,0.2
2.335,1492.12,103.24,0.0,PRESSURE_SURGE,0.0,0.2
2.336,1493.99,99.4,0.0,PRESSURE_SURGE,0.0,0.2
2.337,1488.88,104.02,0.0,PRESSURE_SURGE,0.0,0.2
2.338,1486.96,101.23,0.0,PRESSURE_SURGE,0.0,0.2
2.339,1487.08,95.77,0.0,PRESSURE_SURGE,0.0,0.2
2.34,1485.27,99.84,0.0,PRESSURE_SURGE,0.0,0.2
2.341,1492.4,98.69,0.0,PRESSURE_SURGE,0.0,0.2
2.342,1487.95,101.8,0.0,PRESSURE_SURGE,0.0,0.2
2.343,1493.3,101.98,0.0,PRESSURE_SURGE,0.0,0.2
2.344,1491.15,102.1,0.0,PRESSURE_SURGE,0.0,0.2
2.345,1486.05,99.32,0.0,PRESSURE_SURGE,0.0,0.2
2.346,1492.72,100.17,0.0,PRESSURE_SURGE,0.0,0.2
2.347,1495.15,99.65,0.0,PRESSURE_SURGE,0.0,0.2
2.348,1486.59,102.37,0.0,PRESSURE_SURGE,0.0,0.2
2.349,1485.34,101.31,0.0,PRESSURE_SURGE,0.0,0.2
2.35,1487.37,98.95,0.0,PRESSURE_SURGE,0.0,0.2
2.351,1490.3,100.03,0.0,PRESSURE_SURGE,0.0,0.2
2.352,1492.52,97.95,0.0,PRESSURE_SURGE,0.0,0.2
2.353,1488.62,99.04,0.0,PRESSURE_SURGE,0.0,0.2
2.354,1490.15,98.87,0.0,PRESSURE_SURGE,0.0,0.2
2.355,1494.54,98.23,0.0,PRESSURE_SURGE,0.0,0.2
2.356,1493.04,99.47,0.0,PRESSURE_SURGE,0.0,0.2
2.357,1492.03,102.05,0.0,PRESSURE_SURGE,0.0,0.2
2.358,1487.16,100.4,0.0,PRESSURE_SURGE,0.0,0.2
2.359,1489.76,99.44,0.0,PRESSURE_SURGE,0.0,0.2
2.36,1487.06,99.36,0.0,PRESSURE_SURGE,0.0,0.2
2.361,1490.01,98.6,0.0,PRESSURE_SURGE,0.0,0.2
2.362,1497.23,99.71,0.0,PRESSURE_SURGE,0.0,0.2
2.363,1492.98,98.55,0.0,PRESSURE_SURGE,0.0,0.2
2.364,1488.93,100.0,0.0,PRESSURE_SURGE,0.0,0.2
2.365,1491.75,98.53,0.0,PRESSURE_SURGE,0.0,0.2
2.366,1492.54,101.6,0.0,PRESSURE_SURGE,0.0,0.2
2.367,1496.03,102.06,0.0,PRESSURE_SURGE,0.0,0.2
2.368,1489.27,99.89,0.0,PRESSURE_SURGE,0.0,0.2
2.369,1492.84,100.08,0.0,PRESSURE_SURGE,0.0,0.2
2.37,1491.14,99.46,0.0,PRESSURE_SURGE,0.0,0.2
2.371,1492.42,99.02,0.0,PRESSURE_SURGE,0.0,0.2
2.372,1490.93,98.58,0.0,PRESSURE_SURGE,0.0,0.2
2.373,1489.89,99.04,0.0,PRESSURE_SURGE,0.0,0.2
2.374,1488.43,99.27,0.0,PRESSURE_SURGE,0.0,0.2
2.375,1491.42,101.16,0.0,PRESSURE_SURGE,0.0,0.2
2.376,1490.76,100.65,0.0,PRESSURE_SURGE,0.0,0.2
2.377,1491.65,100.48,0.0,PRESSURE_SURGE,0.0,0.2
2.378,1491.9,102.66,0.0,PRESSURE_SURGE,0.0,0.2
2.379,1495.38,99.03,0.0,PRESSURE_SURGE,0.0,0.2
2.38,1494.61,100.31,0.0,PRESSURE_SURGE,0.0,0.2
2.381,1493.09,101.87,0.0,PRESSURE_SURGE,0.0,0.2
2.382,1491.31,100.33,0.0,PRESSURE_SURGE,0.0,0.2
2.383,1493.97,100.54,0.0,PRESSURE_SURGE,0.0,0.2
2.384,1493.16,98.24,0.0,PRESSURE_SURGE,0.0,0.2
2.385,1500.26,98.78,0.0,PRESSURE_SURGE,0.0,0.2
2.386,1490.05,100.55,0.0,PRESSURE_SURGE,0.0,0.2
2.387,1495.77,99.87,0.0,PRESSURE_SURGE,0.0,0.2
2.388,1490.91,98.68,0.0,PRESSURE_SURGE,0.0,0.2
2.389,1497.42,100.81,0.0,PRESSURE_SURGE,0.0,0.2
2.39,1495.85,101.58,0.0,PRESSURE_SURGE,0.0,0.2
2.391,1501.95,98.91,0.0,PRESSURE_SURGE,0.0,0.2
2.392,1495.58,102.34,0.0,PRESSURE_SURGE,0.0,0.2
2.393,1496.84,100.4,0.0,PRESSURE_SURGE,0.0,0.2
2.394,1498.48,101.53,0.0,PRESSURE_SURGE,0.0,0.2
2.395,1495.49,99.79,0.0,PRESSURE_SURGE,0.0,0.2
2.396,1496.0,99.08,0.0,PRESSURE_SURGE,0.0,0.2
2.397,1503.57,97.36,0.0,PRESSURE_SURGE,0.0,0.2
2.398,1498.99,100.47,0.0,PRESSURE_SURGE,0.0,0.2
2.399,1500.1,99.95,0.0,PRESSURE_SURGE,0.0,0.2
2.4,1497.55,100.18,0.0,PRESSURE_SURGE,0.0,0.2
2.401,1501.4,98.0,0.0,PRESSURE_SURGE,0.0,0.2
2.402,1501.62,101.45,0.0,PRESSURE_SURGE,0.0,0.2
2.403,1502.21,98.6,0.0,PRESSURE_SURGE,0.0,0.2
2.404,1504.07,100.22,0.0,PRESSURE_SURGE,0.0,0.2
2.405,1498.35,100.19,0.0,PRESSURE_SURGE,0.0,0.2
2.406,1497.59,101.6,0.0,PRESSURE_SURGE,0.0,0.2
2.407,1502.13,103.84,0.0,PRESSURE_SURGE,0.0,0.2
2.408,1501.39,100.12,0.0,PRESSURE_SURGE,0.0,0.2
2.409,1504.92,98.36,0.0,PRESSURE_SURGE,0.0,0.2
2.41,1502.21,98.41,0.0,PRESSURE_SURGE,0.0,0.2
2.411,1503.15,100.23,0.0,PRESSURE_SURGE,0.0,0.2
2.412,1503.81,98.18,0.0,PRESSURE_SURGE,0.0,0.2
2.413,1504.98,101.15,0.0,PRESSURE_SURGE,0.0,0.2
2.414,1504.99,100.06,0.0,PRESSURE_SURGE,0.0,0.2
2.415,1503.88,100.34,0.0,PRESSURE_SURGE,0.0,0.2
2.416,1508.76,101.01,0.0,PRESSURE_SURGE,0.0,0.2
2.417,1502.74,100.73,0.0,PRESSURE_SURGE,0.0,0.2
2.418,1505.48,100.94,0.0,PRESSURE_SURGE,0.0,0.2
2.419,1506.53,100.24,0.0,PRESSURE_SURGE,0.0,0.2
2.42,1503.21,100.23,0.0,PRESSURE_SURGE,0.0,0.2
2.421,1507.88,99.0,0.0,PRESSURE_SURGE,0.0,0.2
2.422,1507.84,101.36,0.0,PRESSURE_SURGE,0.0,0.2
2.423,1512.14,97.88,0.0,PRESSURE_SURGE,0.0,0.2
2.424,1510.04,99.82,0.0,PRESSURE_SURGE,0.0,0.2
2.425,1507.92,99.64,0.0,PRESSURE_SURGE,0.0,0.2
2.426,1503.96,98.29,0.0,PRESSURE_SURGE,0.0,0.2
2.427,1506.53,101.27,0.0,PRESSURE_SURGE,0.0,0.2
2.428,1512.39,101.13,0.0,PRESSURE_SURGE,0.0,0.2
2.429,1509.55,99.32,0.0,PRESSURE_SURGE,0.0,0.2
2.43,1513.29,98.53,0.0,PRESSURE_SURGE,0.0,0.2
2.431,1507.36,101.26,0.0,PRESSURE_SURGE,0.0,0.2
2.432,1512.79,100.98,0.0,PRESSURE_SURGE,0.0,0.2
2.433,1507.49,99.31,0.0,PRESSURE_SURGE,0.0,0.2
2.434,1512.78,101.14,0.0,PRESSURE_SURGE,0.0,0.2
2.435,1505.39,100.26,0.0,PRESSURE_SURGE,0.0,0.2
2.436,1508.86,100.24,0.0,PRESSURE_SURGE,0.0,0.2
2.437,1508.26,98.64,0.0,PRESSURE_SURGE,0.0,0.2
2.438,1511.21,101.9,0.0,PRESSURE_SURGE,0.0,0.2
2.439,1509.65,100.85,0.0,PRESSURE_SURGE,0.0,0.2
2.44,1511.64,102.67,0.0,PRESSURE_SURGE,0.0,0.2
2.441,1510.06,100.75,0.0,PRESSURE_SURGE,0.0,0.2
2.442,1509.11,99.35,0.0,PRESSURE_SURGE,0.0,0.2
2.443,1515.67,99.63,0.0,PRESSURE_SURGE,0.0,0.2
2.444,1512.93,98.96,0.0,PRESSURE_SURGE,0.0,0.2
2.445,1508.43,98.87,0.0,PRESSURE_SURGE,0.0,0.2
2.446,1514.07,97.97,0.0,PRESSURE_SURGE,0.0,0.2
2.447,1507.04,101.75,0.0,PRESSURE_SURGE,0.0,0.2
2.448,1510.58,100.98,0.0,PRESSURE_SURGE,0.0,0.2
2.449,1509.65,99.82,0.0,PRESSURE_SURGE,0.0,0.2
2.45,1509.14,99.19,0.0,PRESSURE_SURGE,0.0,0.2
2.451,1511.91,102.26,0.0,PRESSURE_SURGE,0.0,0.2
2.452,1509.12,99.62,0.0,PRESSURE_SURGE,0.0,0.2
2.453,1509.81,98.06,0.0,PRESSURE_SURGE,0.0,0.2
2.454,1515.09,99.71,0.0,PRESSURE_SURGE,0.0,0.2
2.455,1514.43,100.11,0.0,PRESSURE_SURGE,0.0,0.2
2.456,1512.93,98.89,0.0,PRESSURE_SURGE,0.0,0.2
2.457,1506.97,99.42,0.0,PRESSURE_SURGE,0.0,0.2
2.458,1510.75,100.43,0.0,PRESSURE_SURGE,0.0,0.2
2.459,1507.58,99.62,0.0,PRESSURE_SURGE,0.0,0.2
2.46,1509.52,99.27,0.0,PRESSURE_SURGE,0.0,0.2
2.461,1505.17,99.44,0.0,PRESSURE_SURGE,0.0,0.2
2.462,1513.54,102.64,0.0,PRESSURE_SURGE,0.0,0.2
2.463,1508.59,101.73,0.0,PRESSURE_SURGE,0.0,0.2
2.464,1505.84,101.9,0.0,PRESSURE_SURGE,0.0,0.2
2.465,1507.97,99.08,0.0,PRESSURE_SURGE,0.0,0.2
2.466,1508.99,98.01,0.0,PRESSURE_SURGE,0.0,0.2
2.467,1510.44,100.24,0.0,PRESSURE_SURGE,0.0,0.2
2.468,1509.99,102.63,0.0,PRESSURE_SURGE,0.0,0.2
2.469,1510.06,100.9,0.0,PRESSURE_SURGE,0.0,0.2
2.47,1513.19,99.0,0.0,PRESSURE_SURGE,0.0,0.2
2.471,1505.79,101.01,0.0,PRESSURE_SURGE,0.0,0.2
2.472,1505.21,98.7,0.0,PRESSURE_SURGE,0.0,0.2
2.473,1511.08,99.77,0.0,PRESSURE_SURGE,0.0,0.2
2.474,1503.9,98.07,0.0,PRESSURE_SURGE,0.0,0.2
2.475,1509.33,100.17,0.0,PRESSURE_SURGE,0.0,0.2
2.476,1502.17,101.3,0.0,PRESSURE_SURGE,0.0,0.2
2.477,1503.21,100.13,0.0,PRESSURE_SURGE,0.0,0.2
2.478,1505.79,102.31,0.0,PRESSURE_SURGE,0.0,0.2
2.479,1512.04,101.9,0.0,PRESSURE_SURGE,0.0,0.2
2.48,1507.87,97.49,0.0,PRESSURE_SURGE,0.0,0.2
2.481,1503.57,100.68,0.0,PRESSURE_SURGE,0.0,0.2
2.482,1504.6,100.35,0.0,PRESSURE_SURGE,0.0,0.2
2.483,1504.71,99.54,0.0,PRESSURE_SURGE,0.0,0.2
2.484,1504.42,97.18,0.0,PRESSURE_SURGE,0.0,0.2
2.485,1503.62,101.0,0.0,PRESSURE_SURGE,0.0,0.2
2.486,1506.55,100.54,0.0,PRESSURE_SURGE,0.0,0.2
2.487,1500.06,99.33,0.0,PRESSURE_SURGE,0.0,0.2
2.488,1504.94,97.68,0.0,PRESSURE_SURGE,0.0,0.2
2.489,1502.87,99.61,0.0,PRESSURE_SURGE,0.0,0.2
2.49,1497.97,101.72,0.0,PRESSURE_SURGE,0.0,0.2
2.491,1506.0,101.19,0.0,PRESSURE_SURGE,0.0,0.2
2.492,1500.24,99.52,0.0,PRESSURE_SURGE,0.0,0.2
2.493,1500.0,100.55,0.0,PRESSURE_SURGE,0.0,0.2
2.494,1498.64,97.95,0.0,PRESSURE_SURGE,0.0,0.2
2.495,1503.0,98.45,0.0,PRESSURE_SURGE,0.0,0.2
2.496,1501.58,100.49,0.0,PRESSURE_SURGE,0.0,0.2
2.497,1501.95,102.23,0.0,PRESSURE_SURGE,0.0,0.2
2.498,1500.26,98.54,0.0,PRESSURE_SURGE,0.0,0.2
2.499,1498.76,100.43,0.0,PRESSURE_SURGE,0.0,0.2
