time_sec,pressure_upstream,pressure_downstream,valve_command,system_state,leak_severity,stiction_factor
0.0,1496.74,97.77,0.0,NORMAL,0.0,0.0
0.001,1503.31,101.02,0.0,NORMAL,0.0,0.0
0.002,1501.48,100.2,0.0,NORMAL,0.0,0.0
0.003,1496.42,99.55,0.0,NORMAL,0.0,0.0
0.004,1499.52,99.09,0.0,NORMAL,0.0,0.0
0.005,1506.52,100.37,0.0,NORMAL,0.0,0.0
0.006,1494.59,99.53,0.0,NORMAL,0.0,0.0
0.007,1500.89,99.4,0.0,NORMAL,0.0,0.0
0.008,1506.28,99.69,0.0,NORMAL,0.0,0.0
0.009,1500.19,101.67,0.0,NORMAL,0.0,0.0
0.01,1501.05,100.32,0.0,NORMAL,0.0,0.0
0.011,1503.1,100.1,0.0,NORMAL,0.0,0.0
0.012,1508.16,102.07,0.0,NORMAL,0.0,0.0
0.013,1502.05,99.6,0.0,NORMAL,0.0,0.0
0.014,1502.93,102.15,0.0,NORMAL,0.0,0.0
0.015,1503.24,98.99,0.0,NORMAL,0.0,0.0
0.016,1511.44,100.8,0.0,NORMAL,0.0,0.0
0.017,1511.65,99.52,0.0,NORMAL,0.0,0.0
0.018,1508.37,99.9,0.0,NORMAL,0.0,0.0
0.019,1506.78,99.04,0.0,NORMAL,0.0,0.0
0.02,1508.09,99.56,0.0,NORMAL,0.0,0.0
0.021,1510.6,98.95,0.0,NORMAL,0.0,0.0
0.022,1503.57,100.6,0.0,NORMAL,0.0,0.0
0.023,1510.14,98.76,0.0,NORMAL,0.0,0.0
0.024,1503.08,100.8,0.0,NORMAL,0.0,0.0
0.025,1505.16,103.52,0.0,NORMAL,0.0,0.0
0.026,1510.01,97.67,0.0,NORMAL,0.0,0.0
0.027,1503.22,96.44,0.0,NORMAL,0.0,0.0
0.028,1507.28,98.52,0.0,NORMAL,0.0,0.0
0.029,1505.32,101.11,0.0,NORMAL,0.0,0.0
0.03,1507.32,98.93,0.0,NORMAL,0.0,0.0
0.031,1499.88,100.87,0.0,NORMAL,0.0,0.0
0.032,1503.13,101.42,0.0,NORMAL,0.0,0.0
0.033,1506.51,99.62,0.0,NORMAL,0.0,0.0
0.034,1511.55,101.33,0.0,NORMAL,0.0,0.0
0.035,1508.39,96.6,0.0,NORMAL,0.0,0.0
0.036,1509.06,101.25,0.0,NORMAL,0.0,0.0
0.037,1511.24,101.2,0.0,NORMAL,0.0,0.0
0.038,1506.66,99.85,0.0,NORMAL,0.0,0.0
0.039,1510.26,101.51,0.0,NORMAL,0.0,0.0
0.04,1507.09,102.16,0.0,NORMAL,0.0,0.0
0.041,1504.42,102.9,0.0,NORMAL,0.0,0.0
0.042,1508.51,102.91,0.0,NORMAL,0.0,0.0
0.043,1511.48,100.08,0.0,NORMAL,0.0,0.0
0.044,1510.84,99.79,0.0,NORMAL,0.0,0.0
0.045,1509.84,99.88,0.0,NORMAL,0.0,0.0
0.046,1517.1,95.99,0.0,NORMAL,0.0,0.0
0.047,1511.19,101.05,0.0,NORMAL,0.0,0.0
0.048,1512.92,103.52,0.0,NORMAL,0.0,0.0
0.049,1516.71,100.85,0.0,NORMAL,0.0,0.0
0.05,1506.12,97.87,0.0,NORMAL,0.0,0.0
0.051,1506.88,98.51,0.0,NORMAL,0.0,0.0
0.052,1515.21,98.59,0.0,NORMAL,0.0,0.0
0.053,1507.56,102.49,0.0,NORMAL,0.0,0.0
0.054,1510.01,100.75,0.0,NORMAL,0.0,0.0
0.055,1513.08,100.96,0.0,NORMAL,0.0,0.0
0.056,1512.49,100.53,0.0,NORMAL,0.0,0.0
0.057,1515.02,98.33,0.0,NORMAL,0.0,0.0
0.058,1514.17,98.58,0.0,NORMAL,0.0,0.0
0.059,1512.81,101.02,0.0,NORMAL,0.0,0.0
0.06,1507.19,100.13,0.0,NORMAL,0.0,0.0
0.061,1511.79,97.21,0.0,NORMAL,0.0,0.0
0.062,1510.24,101.18,0.0,NORMAL,0.0,0.0
0.063,1505.2,102.13,0.0,NORMAL,0.0,0.0
0.064,1513.3,100.01,0.0,NORMAL,0.0,0.0
0.065,1511.33,99.53,0.0,NORMAL,0.0,0.0
0.066,1508.9,102.05,0.0,NORMAL,0.0,0.0
0.067,1507.91,99.71,0.0,NORMAL,0.0,0.0
0.068,1504.85,99.08,0.0,NORMAL,0.0,0.0
0.069,1508.87,97.69,0.0,NORMAL,0.0,0.0
0.07,1509.5,99.26,0.0,NORMAL,0.0,0.0
0.071,1505.41,102.8,0.0,NORMAL,0.0,0.0
0.072,1511.19,101.75,0.0,NORMAL,0.0,0.0
0.073,1504.21,100.18,0.0,NORMAL,0.0,0.0
0.074,1500.92,99.99,0.0,NORMAL,0.0,0.0
0.075,1510.19,101.48,0.0,NORMAL,0.0,0.0
0.076,1505.64,100.15,0.0,NORMAL,0.0,0.0
0.077,1506.24,98.1,0.0,NORMAL,0.0,0.0
0.078,1503.86,100.22,0.0,NORMAL,0.0,0.0
0.079,1501.31,100.26,0.0,NORMAL,0.0,0.0
0.08,1509.64,100.02,0.0,NORMAL,0.0,0.0
0.081,1503.55,100.39,0.0,NORMAL,0.0,0.0
0.082,1510.34,98.96,0.0,NORMAL,0.0,0.0
0.083,1507.51,100.23,0.0,NORMAL,0.0,0.0
0.084,1503.87,97.6,0.0,NORMAL,0.0,0.0
0.085,1501.28,98.62,0.0,NORMAL,0.0,0.0
0.086,1502.06,99.63,0.0,NORMAL,0.0,0.0
0.087,1500.33,100.9,0.0,NORMAL,0.0,0.0
0.088,1509.94,99.55,0.0,NORMAL,0.0,0.0
0.089,1503.88,100.66,0.0,NORMAL,0.0,0.0
0.09,1506.54,101.53,0.0,NORMAL,0.0,0.0
0.091,1498.99,103.63,0.0,NORMAL,0.0,0.0
0.092,1503.03,99.56,0.0,NORMAL,0.0,0.0
0.093,1505.72,99.03,0.0,NORMAL,0.0,0.0
0.094,1500.87,100.06,0.0,NORMAL,0.0,0.0
0.095,1504.66,100.3,0.0,NORMAL,0.0,0.0
0.096,1498.0,100.82,0.0,NORMAL,0.0,0.0
0.097,1496.85,101.22,0.0,NORMAL,0.0,0.0
0.098,1501.77,99.58,0.0,NORMAL,0.0,0.0
0.099,1499.18,101.09,0.0,NORMAL,0.0,0.0
0.1,1501.93,100.12,0.0,NORMAL,0.0,0.0
0.101,1493.75,101.84,0.0,NORMAL,0.0,0.0
0.102,1501.51,99.58,0.0,NORMAL,0.0,0.0
0.103,1506.85,100.21,0.0,NORMAL,0.0,0.0
0.104,1498.67,100.41,0.0,NORMAL,0.0,0.0
0.105,1498.54,101.7,0.0,NORMAL,0.0,0.0
0.106,1498.66,99.99,0.0,NORMAL,0.0,0.0
0.107,1492.23,98.45,0.0,NORMAL,0.0,0.0
0.108,1498.79,97.46,0.0,NORMAL,0.0,0.0
0.109,1492.39,101.55,0.0,NORMAL,0.0,0.0
0.11,1495.63,100.96,0.0,NORMAL,0.0,0.0
0.111,1500.34,102.49,0.0,NORMAL,0.0,0.0
0.112,1494.11,100.14,0.0,NORMAL,0.0,0.0
0.113,1497.53,100.13,0.0,NORMAL,0.0,0.0
0.114,1498.78,100.27,0.0,NORMAL,0.0,0.0
0.115,1496.3,99.2,0.0,NORMAL,0.0,0.0
0.116,1491.07,98.94,0.0,NORMAL,0.0,0.0
0.117,1493.91,100.66,0.0,NORMAL,0.0,0.0
0.118,1500.52,101.77,0.0,NORMAL,0.0,0.0
0.119,1488.3,100.91,0.0,NORMAL,0.0,0.0
0.12,1493.29,99.28,0.0,NORMAL,0.0,0.0
0.121,1492.21,100.64,0.0,NORMAL,0.0,0.0
0.122,1493.99,100.26,0.0,NORMAL,0.0,0.0
0.123,1495.63,99.15,0.0,NORMAL,0.0,0.0
0.124,1497.98,98.17,0.0,NORMAL,0.0,0.0
0.125,1492.12,98.75,0.0,NORMAL,0.0,0.0
0.126,1495.15,101.79,0.0,NORMAL,0.0,0.0
0.127,1494.0,100.38,0.0,NORMAL,0.0,0.0
0.128,1493.72,99.09,0.0,NORMAL,0.0,0.0
0.129,1490.41,100.11,0.0,NORMAL,0.0,0.0
0.13,1488.92,100.92,0.0,NORMAL,0.0,0.0
0.131,1488.43,99.19,0.0,NORMAL,0.0,0.0
0.132,1489.29,98.85,0.0,NORMAL,0.0,0.0
0.133,1492.36,97.34,0.0,NORMAL,0.0,0.0
0.134,1493.52,101.63,0.0,NORMAL,0.0,0.0
0.135,1492.06,100.88,0.0,NORMAL,0.0,0.0
0.136,1489.3,101.0,0.0,NORMAL,0.0,0.0
0.137,1496.24,100.84,0.0,NORMAL,0.0,0.0
0.138,1495.26,96.96,0.0,NORMAL,0.0,0.0
0.139,1489.53,100.16,0.0,NORMAL,0.0,0.0
0.14,1488.02,100.67,0.0,NORMAL,0.0,0.0
0.141,1490.79,100.11,0.0,NORMAL,0.0,0.0
0.142,1494.12,96.47,0.0,NORMAL,0.0,0.0
0.143,1491.24,99.81,0.0,NORMAL,0.0,0.0
0.144,1491.85,99.61,0.0,NORMAL,0.0,0.0
0.145,1489.49,101.56,0.0,NORMAL,0.0,0.0
0.146,1491.45,99.84,0.0,NORMAL,0.0,0.0
0.147,1494.68,99.22,0.0,NORMAL,0.0,0.0
0.148,1489.3,99.22,0.0,NORMAL,0.0,0.0
0.149,1490.43,101.08,0.0,NORMAL,0.0,0.0
0.15,1490.76,101.01,0.0,NORMAL,0.0,0.0
0.151,1490.86,99.68,0.0,NORMAL,0.0,0.0
0.152,1485.78,99.4,0.0,NORMAL,0.0,0.0
0.153,1484.41,96.55,0.0,NORMAL,0.0,0.0
0.154,1487.02,96.94,0.0,NORMAL,0.0,0.0
0.155,1490.63,98.75,0.0,NORMAL,0.0,0.0
0.156,1491.84,99.78,0.0,NORMAL,0.0,0.0
0.157,1488.65,98.81,0.0,NORMAL,0.0,0.0
0.158,1494.45,97.73,0.0,NORMAL,0.0,0.0
0.159,1489.97,99.94,0.0,NORMAL,0.0,0.0
0.16,1490.55,99.97,0.0,NORMAL,0.0,0.0
0.161,1490.01,101.96,0.0,NORMAL,0.0,0.0
0.162,1491.1,99.46,0.0,NORMAL,0.0,0.0
0.163,1492.94,99.65,0.0,NORMAL,0.0,0.0
0.164,1492.95,98.92,0.0,NORMAL,0.0,0.0
0.165,1488.39,103.91,0.0,NORMAL,0.0,0.0
0.166,1495.81,100.97,0.0,NORMAL,0.0,0.0
0.167,1488.11,98.76,0.0,NORMAL,0.0,0.0
0.168,1491.79,97.05,0.0,NORMAL,0.0,0.0
0.169,1490.91,98.07,0.0,NORMAL,0.0,0.0
0.17,1488.76,98.62,0.0,NORMAL,0.0,0.0
0.171,1491.87,97.96,0.0,NORMAL,0.0,0.0
0.172,1490.07,99.82,0.0,NORMAL,0.0,0.0
0.173,1492.72,98.47,0.0,NORMAL,0.0,0.0
0.174,1493.92,97.59,0.0,NORMAL,0.0,0.0
0.175,1497.34,100.96,0.0,NORMAL,0.0,0.0
0.176,1494.08,97.69,0.0,NORMAL,0.0,0.0
0.177,1491.55,96.17,0.0,NORMAL,0.0,0.0
0.178,1492.45,101.41,0.0,NORMAL,0.0,0.0
0.179,1494.29,102.69,0.0,NORMAL,0.0,0.0
0.18,1494.4,100.06,0.0,NORMAL,0.0,0.0
0.181,1498.76,101.03,0.0,NORMAL,0.0,0.0
0.182,1498.83,101.01,0.0,NORMAL,0.0,0.0
0.183,1493.83,103.53,0.0,NORMAL,0.0,0.0
0.184,1493.54,98.51,0.0,NORMAL,0.0,0.0
0.185,1487.79,99.32,0.0,NORMAL,0.0,0.0
0.186,1494.1,99.34,0.0,NORMAL,0.0,0.0
0.187,1493.09,100.08,0.0,NORMAL,0.0,0.0
0.188,1495.25,99.69,0.0,NORMAL,0.0,0.0
0.189,1497.79,99.88,0.0,NORMAL,0.0,0.0
0.19,1497.44,100.21,0.0,NORMAL,0.0,0.0
0.191,1497.12,102.97,0.0,NORMAL,0.0,0.0
0.192,1498.11,100.41,0.0,NORMAL,0.0,0.0
0.193,1497.44,101.24,0.0,NORMAL,0.0,0.0
0.194,1498.72,101.0,0.0,NORMAL,0.0,0.0
0.195,1488.74,100.53,0.0,NORMAL,0.0,0.0
0.196,1497.94,99.6,0.0,NORMAL,0.0,0.0
0.197,1498.73,101.21,0.0,NORMAL,0.0,0.0
0.198,1498.35,97.37,0.0,NORMAL,0.0,0.0
0.199,1499.03,102.31,0.0,NORMAL,0.0,0.0
0.2,1502.11,101.0,0.0,NORMAL,0.0,0.0
0.201,1498.52,100.15,0.0,NORMAL,0.0,0.0
0.202,1507.23,99.98,0.0,NORMAL,0.0,0.0
0.203,1503.01,100.33,0.0,NORMAL,0.0,0.0
0.204,1501.23,101.22,0.0,NORMAL,0.0,0.0
0.205,1500.94,100.69,0.0,NORMAL,0.0,0.0
0.206,1501.61,102.05,0.0,NORMAL,0.0,0.0
0.207,1499.44,102.57,0.0,NORMAL,0.0,0.0
0.208,1502.2,101.64,0.0,NORMAL,0.0,0.0
0.209,1503.63,97.76,0.0,NORMAL,0.0,0.0
0.21,1504.83,99.22,0.0,NORMAL,0.0,0.0
0.211,1505.13,101.47,0.0,NORMAL,0.0,0.0
0.212,1502.86,103.2,0.0,NORMAL,0.0,0.0
0.213,1499.72,99.12,0.0,NORMAL,0.0,0.0
0.214,1502.25,100.9,0.0,NORMAL,0.0,0.0
0.215,1509.38,101.84,0.0,NORMAL,0.0,0.0
0.216,1507.51,100.16,0.0,NORMAL,0.0,0.0
0.217,1506.2,98.17,0.0,NORMAL,0.0,0.0
0.218,1503.07,102.93,0.0,NORMAL,0.0,0.0
0.219,1505.63,98.7,0.0,NORMAL,0.0,0.0
0.22,1502.11,98.89,0.0,NORMAL,0.0,0.0
0.221,1504.47,100.4,0.0,NORMAL,0.0,0.0
0.222,1505.64,100.08,0.0,NORMAL,0.0,0.0
0.223,1505.53,98.62,0.0,NORMAL,0.0,0.0
0.224,1509.72,102.51,0.0,NORMAL,0.0,0.0
0.225,1502.81,100.78,0.0,NORMAL,0.0,0.0
0.226,1504.69,101.36,0.0,NORMAL,0.0,0.0
0.227,1503.38,99.94,0.0,NORMAL,0.0,0.0
0.228,1503.99,99.99,0.0,NORMAL,0.0,0.0
0.229,1508.27,101.98,0.0,NORMAL,0.0,0.0
0.23,1503.29,99.22,0.0,NORMAL,0.0,0.0
0.231,1510.53,99.47,0.0,NORMAL,0.0,0.0
0.232,1507.7,100.7,0.0,NORMAL,0.0,0.0
0.233,1508.81,101.36,0.0,NORMAL,0.0,0.0
0.234,1509.73,101.36,0.0,NORMAL,0.0,0.0
0.235,1507.61,98.59,0.0,NORMAL,0.0,0.0
0.236,1512.15,98.37,0.0,NORMAL,0.0,0.0
0.237,1508.59,98.73,0.0,NORMAL,0.0,0.0
0.238,1511.08,101.33,0.0,NORMAL,0.0,0.0
0.239,1508.81,101.32,0.0,NORMAL,0.0,0.0
0.24,1510.38,100.48,0.0,NORMAL,0.0,0.0
0.241,1510.44,100.45,0.0,NORMAL,0.0,0.0
0.242,1510.44,97.52,0.0,NORMAL,0.0,0.0
0.243,1506.84,100.48,0.0,NORMAL,0.0,0.0
0.244,1511.13,97.64,0.0,NORMAL,0.0,0.0
0.245,1508.92,101.24,0.0,NORMAL,0.0,0.0
0.246,1511.81,99.53,0.0,NORMAL,0.0,0.0
0.247,1503.5,100.36,0.0,NORMAL,0.0,0.0
0.248,1505.58,99.68,0.0,NORMAL,0.0,0.0
0.249,1511.09,99.88,0.0,NORMAL,0.0,0.0
0.25,1515.59,98.33,0.0,NORMAL,0.0,0.0
0.251,1512.5,99.75,0.0,NORMAL,0.0,0.0
0.252,1507.93,99.91,0.0,NORMAL,0.0,0.0
0.253,1504.88,100.31,0.0,NORMAL,0.0,0.0
0.254,1512.15,100.82,0.0,NORMAL,0.0,0.0
0.255,1509.64,100.72,0.0,NORMAL,0.0,0.0
0.256,1511.59,100.4,0.0,NORMAL,0.0,0.0
0.257,1510.11,99.02,0.0,NORMAL,0.0,0.0
0.258,1509.77,98.05,0.0,NORMAL,0.0,0.0
0.259,1518.48,98.5,0.0,NORMAL,0.0,0.0
0.26,1509.49,98.77,0.0,NORMAL,0.0,0.0
0.261,1508.93,101.27,0.0,NORMAL,0.0,0.0
0.262,1508.93,101.61,0.0,NORMAL,0.0,0.0
0.263,1507.43,98.81,0.0,NORMAL,0.0,0.0
0.264,1512.02,98.26,0.0,NORMAL,0.0,0.0
0.265,1507.85,97.57,0.0,NORMAL,0.0,0.0
0.266,1510.67,99.06,0.0,NORMAL,0.0,0.0
0.267,1509.46,100.62,0.0,NORMAL,0.0,0.0
0.268,1512.1,98.37,0.0,NORMAL,0.0,0.0
0.269,1509.53,101.78,0.0,NORMAL,0.0,0.0
0.27,1504.45,100.55,0.0,NORMAL,0.0,0.0
0.271,1503.92,101.6,0.0,NORMAL,0.0,0.0
0.272,1511.93,98.81,0.0,NORMAL,0.0,0.0
0.273,1505.67,101.07,0.0,NORMAL,0.0,0.0
0.274,1503.33,98.34,0.0,NORMAL,0.0,0.0
0.275,1505.06,101.04,0.0,NORMAL,0.0,0.0
0.276,1510.64,102.16,0.0,NORMAL,0.0,0.0
0.277,1502.35,102.14,0.0,NORMAL,0.0,0.0
0.278,1503.77,99.2,0.0,NORMAL,0.0,0.0
0.279,1504.13,98.68,0.0,NORMAL,0.0,0.0
0.28,1502.12,99.75,0.0,NORMAL,0.0,0.0
0.281,1502.07,102.36,0.0,NORMAL,0.0,0.0
0.282,1500.8,97.96,0.0,NORMAL,0.0,0.0
0.283,1503.71,97.73,0.0,NORMAL,0.0,0.0
0.284,1503.75,96.93,0.0,NORMAL,0.0,0.0
0.285,1502.49,100.14,0.0,NORMAL,0.0,0.0
0.286,1499.3,97.45,0.0,NORMAL,0.0,0.0
0.287,1507.73,101.79,0.0,NORMAL,0.0,0.0
0.288,1499.69,102.46,0.0,NORMAL,0.0,0.0
0.289,1504.22,99.79,0.0,NORMAL,0.0,0.0
0.29,1499.87,103.59,0.0,NORMAL,0.0,0.0
0.291,1504.79,100.35,0.0,NORMAL,0.0,0.0
0.292,1505.35,99.24,0.0,NORMAL,0.0,0.0
0.293,1499.55,99.22,0.0,NORMAL,0.0,0.0
0.294,1496.1,102.15,0.0,NORMAL,0.0,0.0
0.295,1503.65,101.19,0.0,NORMAL,0.0,0.0
0.296,1506.88,96.95,0.0,NORMAL,0.0,0.0
0.297,1502.19,97.18,0.0,NORMAL,0.0,0.0
0.298,1501.11,97.8,0.0,NORMAL,0.0,0.0
0.299,1502.77,99.11,0.0,NORMAL,0.0,0.0
0.3,1502.3,98.05,0.0,NORMAL,0.0,0.0
0.301,1497.2,98.85,0.0,NORMAL,0.0,0.0
0.302,1497.39,98.77,0.0,NORMAL,0.0,0.0
0.303,1500.89,98.32,0.0,NORMAL,0.0,0.0
0.304,1498.31,103.18,0.0,NORMAL,0.0,0.0
0.305,1502.39,102.13,0.0,NORMAL,0.0,0.0
0.306,1496.01,102.67,0.0,NORMAL,0.0,0.0
0.307,1500.07,102.52,0.0,NORMAL,0.0,0.0
0.308,1498.54,99.89,0.0,NORMAL,0.0,0.0
0.309,1496.83,100.17,0.0,NORMAL,0.0,0.0
0.31,1500.44,98.61,0.0,NORMAL,0.0,0.0
0.311,1498.65,100.22,0.0,NORMAL,0.0,0.0
0.312,1493.3,98.5,0.0,NORMAL,0.0,0.0
0.313,1497.95,97.6,0.0,NORMAL,0.0,0.0
0.314,1499.87,98.85,0.0,NORMAL,0.0,0.0
0.315,1495.07,101.31,0.0,NORMAL,0.0,0.0
0.316,1494.44,100.15,0.0,NORMAL,0.0,0.0
0.317,1492.9,100.9,0.0,NORMAL,0.0,0.0
0.318,1494.6,100.03,0.0,NORMAL,0.0,0.0
0.319,1496.44,98.62,0.0,NORMAL,0.0,0.0
0.32,1491.67,100.78,0.0,NORMAL,0.0,0.0
0.321,1489.83,100.14,0.0,NORMAL,0.0,0.0
0.322,1492.5,101.97,0.0,NORMAL,0.0,0.0
0.323,1489.25,102.03,0.0,NORMAL,0.0,0.0
0.324,1494.72,99.56,0.0,NORMAL,0.0,0.0
0.325,1491.65,100.18,0.0,NORMAL,0.0,0.0
0.326,1487.44,98.66,0.0,NORMAL,0.0,0.0
0.327,1491.45,98.71,0.0,NORMAL,0.0,0.0
0.328,1491.72,99.14,0.0,NORMAL,0.0,0.0
0.329,1493.45,100.74,0.0,NORMAL,0.0,0.0
0.33,1491.47,99.22,0.0,NORMAL,0.0,0.0
0.331,1497.34,102.32,0.0,NORMAL,0.0,0.0
0.332,1490.0,100.71,0.0,NORMAL,0.0,0.0
0.333,1491.21,99.6,0.0,NORMAL,0.0,0.0
0.334,1490.93,101.52,0.0,NORMAL,0.0,0.0
0.335,1490.24,98.9,0.0,NORMAL,0.0,0.0
0.336,1491.38,99.03,0.0,NORMAL,0.0,0.0
0.337,1492.45,102.02,0.0,NORMAL,0.0,0.0
0.338,1494.72,98.04,0.0,NORMAL,0.0,0.0
0.339,1485.88,99.78,0.0,NORMAL,0.0,0.0
0.34,1488.96,99.43,0.0,NORMAL,0.0,0.0
0.341,1489.05,98.9,0.0,NORMAL,0.0,0.0
0.342,1493.13,101.48,0.0,NORMAL,0.0,0.0
0.343,1489.17,101.29,0.0,NORMAL,0.0,0.0
0.344,1484.49,101.02,0.0,NORMAL,0.0,0.0
0.345,1490.39,100.03,0.0,NORMAL,0.0,0.0
0.346,1489.98,100.96,0.0,NORMAL,0.0,0.0
0.347,1490.58,97.0,0.0,NORMAL,0.0,0.0
0.348,1486.9,99.39,0.0,NORMAL,0.0,0.0
0.349,1495.16,100.06,0.0,NORMAL,0.0,0.0
0.35,1489.03,99.12,0.0,NORMAL,0.0,0.0
0.351,1489.44,100.28,0.0,NORMAL,0.0,0.0
0.352,1487.32,103.57,0.0,NORMAL,0.0,0.0
0.353,1487.25,100.17,0.0,NORMAL,0.0,0.0
0.354,1486.41,100.62,0.0,NORMAL,0.0,0.0
0.355,1488.94,100.3,0.0,NORMAL,0.0,0.0
0.356,1487.3,98.2,0.0,NORMAL,0.0,0.0
0.357,1496.41,97.77,0.0,NORMAL,0.0,0.0
0.358,1484.65,97.57,0.0,NORMAL,0.0,0.0
0.359,1487.01,100.42,0.0,NORMAL,0.0,0.0
0.36,1489.29,96.94,0.0,NORMAL,0.0,0.0
0.361,1492.61,100.96,0.0,NORMAL,0.0,0.0
0.362,1489.46,99.7,0.0,NORMAL,0.0,0.0
0.363,1492.85,100.68,0.0,NORMAL,0.0,0.0
0.364,1487.99,98.01,0.0,NORMAL,0.0,0.0
0.365,1491.27,102.33,0.0,NORMAL,0.0,0.0
0.366,1496.47,99.91,0.0,NORMAL,0.0,0.0
0.367,1488.49,97.16,0.0,NORMAL,0.0,0.0
0.368,1492.82,101.85,0.0,NORMAL,0.0,0.0
0.369,1492.35,98.09,0.0,NORMAL,0.0,0.0
0.37,1485.16,98.17,0.0,NORMAL,0.0,0.0
0.371,1490.33,98.2,0.0,NORMAL,0.0,0.0
0.372,1495.69,99.53,0.0,NORMAL,0.0,0.0
0.373,1492.9,100.88,0.0,NORMAL,0.0,0.0
0.374,1489.07,100.84,0.0,NORMAL,0.0,0.0
0.375,1495.0,103.78,0.0,NORMAL,0.0,0.0
0.376,1491.72,99.0,0.0,NORMAL,0.0,0.0
0.377,1494.47,99.31,0.0,NORMAL,0.0,0.0
0.378,1494.76,97.95,0.0,NORMAL,0.0,0.0
0.379,1490.51,98.35,0.0,NORMAL,0.0,0.0
0.38,1496.49,101.68,0.0,NORMAL,0.0,0.0
0.381,1491.36,99.25,0.0,NORMAL,0.0,0.0
0.382,1490.72,100.68,0.0,NORMAL,0.0,0.0
0.383,1492.26,100.05,0.0,NORMAL,0.0,0.0
0.384,1494.14,98.42,0.0,NORMAL,0.0,0.0
0.385,1495.79,98.76,0.0,NORMAL,0.0,0.0
0.386,1493.42,97.19,0.0,NORMAL,0.0,0.0
0.387,1498.26,99.7,0.0,NORMAL,0.0,0.0
0.388,1497.07,100.12,0.0,NORMAL,0.0,0.0
0.389,1494.53,99.54,0.0,NORMAL,0.0,0.0
0.39,1499.58,101.49,0.0,NORMAL,0.0,0.0
0.391,1500.69,98.01,0.0,NORMAL,0.0,0.0
0.392,1497.22,100.07,0.0,NORMAL,0.0,0.0
0.393,1497.17,98.49,0.0,NORMAL,0.0,0.0
0.394,1492.8,100.57,0.0,NORMAL,0.0,0.0
0.395,1497.21,98.65,0.0,NORMAL,0.0,0.0
0.396,1497.87,101.22,0.0,NORMAL,0.0,0.0
0.397,1499.8,100.96,0.0,NORMAL,0.0,0.0
0.398,1498.87,100.5,0.0,NORMAL,0.0,0.0
0.399,1500.42,100.39,0.0,NORMAL,0.0,0.0
0.4,1504.6,100.43,0.0,NORMAL,0.0,0.0
0.401,1498.72,100.5,0.0,NORMAL,0.0,0.0
0.402,1499.15,100.8,0.0,NORMAL,0.0,0.0
0.403,1497.01,99.47,0.0,NORMAL,0.0,0.0
0.404,1501.23,98.32,0.0,NORMAL,0.0,0.0
0.405,1504.49,99.93,0.0,NORMAL,0.0,0.0
0.406,1496.62,100.77,0.0,NORMAL,0.0,0.0
0.407,1500.18,100.77,0.0,NORMAL,0.0,0.0
0.408,1502.59,102.6,0.0,NORMAL,0.0,0.0
0.409,1505.34,99.25,0.0,NORMAL,0.0,0.0
0.41,1504.24,97.88,0.0,NORMAL,0.0,0.0
0.411,1504.36,99.18,0.0,NORMAL,0.0,0.0
0.412,1503.01,99.37,0.0,NORMAL,0.0,0.0
0.413,1505.42,98.79,0.0,NORMAL,0.0,0.0
0.414,1507.3,98.44,0.0,NORMAL,0.0,0.0
0.415,1499.41,99.8,0.0,NORMAL,0.0,0.0
0.416,1507.0,99.9,0.0,NORMAL,0.0,0.0
0.417,1504.79,98.44,0.0,NORMAL,0.0,0.0
0.418,1503.77,98.28,0.0,NORMAL,0.0,0.0
0.419,1498.29,100.55,0.0,NORMAL,0.0,0.0
0.42,1501.74,100.71,0.0,NORMAL,0.0,0.0
0.421,1511.22,98.77,0.0,NORMAL,0.0,0.0
0.422,1504.31,99.74,0.0,NORMAL,0.0,0.0
0.423,1503.36,100.74,0.0,NORMAL,0.0,0.0
0.424,1505.48,100.2,0.0,NORMAL,0.0,0.0
0.425,1504.84,102.34,0.0,NORMAL,0.0,0.0
0.426,1507.66,97.99,0.0,NORMAL,0.0,0.0
0.427,1512.05,97.66,0.0,NORMAL,0.0,0.0
0.428,1505.95,101.08,0.0,NORMAL,0.0,0.0
0.429,1508.36,100.53,0.0,NORMAL,0.0,0.0
0.43,1504.65,99.18,0.0,NORMAL,0.0,0.0
0.431,1512.83,101.63,0.0,NORMAL,0.0,0.0
0.432,1509.01,99.03,0.0,NORMAL,0.0,0.0
0.433,1505.36,100.77,0.0,NORMAL,0.0,0.0
0.434,1511.48,99.73,0.0,NORMAL,0.0,0.0
0.435,1512.51,98.84,0.0,NORMAL,0.0,0.0
0.436,1509.53,99.36,0.0,NORMAL,0.0,0.0
0.437,1504.26,101.76,0.0,NORMAL,0.0,0.0
0.438,1514.65,99.42,0.0,NORMAL,0.0,0.0
0.439,1510.34,102.26,0.0,NORMAL,0.0,0.0
0.44,1513.02,100.23,0.0,NORMAL,0.0,0.0
0.441,1507.95,99.62,0.0,NORMAL,0.0,0.0
0.442,1508.49,98.49,0.0,NORMAL,0.0,0.0
0.443,1510.09,101.01,0.0,NORMAL,0.0,0.0
0.444,1513.16,100.31,0.0,NORMAL,0.0,0.0
0.445,1510.31,99.88,0.0,NORMAL,0.0,0.0
0.446,1506.15,100.15,0.0,NORMAL,0.0,0.0
0.447,1510.74,99.82,0.0,NORMAL,0.0,0.0
0.448,1514.87,98.21,0.0,NORMAL,0.0,0.0
0.449,1510.19,100.98,0.0,NORMAL,0.0,0.0
0.45,1510.39,102.79,0.0,NORMAL,0.0,0.0
0.451,1506.21,102.55,0.0,NORMAL,0.0,0.0
0.452,1505.77,100.16,0.0,NORMAL,0.0,0.0
0.453,1508.04,99.62,0.0,NORMAL,0.0,0.0
0.454,1508.94,100.13,0.0,NORMAL,0.0,0.0
0.455,1510.19,99.07,0.0,NORMAL,0.0,0.0
0.456,1510.32,100.42,0.0,NORMAL,0.0,0.0
0.457,1514.56,100.56,0.0,NORMAL,0.0,0.0
0.458,1509.86,98.2,0.0,NORMAL,0.0,0.0
0.459,1512.8,99.51,0.0,NORMAL,0.0,0.0
0.46,1509.39,101.31,0.0,NORMAL,0.0,0.0
0.461,1513.76,101.35,0.0,NORMAL,0.0,0.0
0.462,1503.69,98.11,0.0,NORMAL,0.0,0.0
0.463,1507.38,101.64,0.0,NORMAL,0.0,0.0
0.464,1512.0,99.57,0.0,NORMAL,0.0,0.0
0.465,1508.4,99.96,0.0,NORMAL,0.0,0.0
0.466,1511.56,99.76,0.0,NORMAL,0.0,0.0
0.467,1509.76,96.83,0.0,NORMAL,0.0,0.0
0.468,1511.28,100.63,0.0,NORMAL,0.0,0.0
0.469,1510.11,97.59,0.0,NORMAL,0.0,0.0
0.47,1510.11,101.25,0.0,NORMAL,0.0,0.0
0.471,1512.38,98.05,0.0,NORMAL,0.0,0.0
0.472,1510.66,101.59,0.0,NORMAL,0.0,0.0
0.473,1510.48,100.35,0.0,NORMAL,0.0,0.0
0.474,1507.35,100.91,0.0,NORMAL,0.0,0.0
0.475,1505.33,98.92,0.0,NORMAL,0.0,0.0
0.476,1504.87,97.29,0.0,NORMAL,0.0,0.0
0.477,1508.87,98.53,0.0,NORMAL,0.0,0.0
0.478,1499.06,100.48,0.0,NORMAL,0.0,0.0
0.479,1502.21,100.69,0.0,NORMAL,0.0,0.0
0.48,1502.99,98.71,0.0,NORMAL,0.0,0.0
0.481,1504.88,101.99,0.0,NORMAL,0.0,0.0
0.482,1497.46,99.97,0.0,NORMAL,0.0,0.0
0.483,1508.87,97.54,0.0,NORMAL,0.0,0.0
0.484,1506.62,100.4,0.0,NORMAL,0.0,0.0
0.485,1510.49,98.84,0.0,NORMAL,0.0,0.0
0.486,1507.44,101.23,0.0,NORMAL,0.0,0.0
0.487,1507.06,100.34,0.0,NORMAL,0.0,0.0
0.488,1510.43,100.23,0.0,NORMAL,0.0,0.0
0.489,1501.67,99.57,0.0,NORMAL,0.0,0.0
0.49,1498.58,101.68,0.0,NORMAL,0.0,0.0
0.491,1502.09,98.64,0.0,NORMAL,0.0,0.0
0.492,1500.01,100.5,0.0,NORMAL,0.0,0.0
0.493,1501.41,100.06,0.0,NORMAL,0.0,0.0
0.494,1498.72,98.45,0.0,NORMAL,0.0,0.0
0.495,1503.27,99.89,0.0,NORMAL,0.0,0.0
0.496,1502.79,98.58,0.0,NORMAL,0.0,0.0
0.497,1500.86,103.06,0.0,NORMAL,0.0,0.0
0.498,1501.56,101.52,0.0,NORMAL,0.0,0.0
0.499,1499.89,97.55,0.0,NORMAL,0.0,0.0
0.5,1502.26,100.0,1.0,NORMAL,0.0,0.0
0.501,1499.89,165.17,1.0,NORMAL,0.0,0.0
0.502,1498.58,227.13,1.0,NORMAL,0.0,0.0
0.503,1501.85,286.02,1.0,NORMAL,0.0,0.0
0.504,1502.53,342.01,1.0,NORMAL,0.0,0.0
0.505,1502.45,395.23,1.0,NORMAL,0.0,0.0
0.506,1495.16,445.83,1.0,NORMAL,0.0,0.0
0.507,1496.22,493.92,1.0,NORMAL,0.0,0.0
0.508,1492.41,539.65,1.0,NORMAL,0.0,0.0
0.509,1496.49,583.11,1.0,NORMAL,0.0,0.0
0.51,1498.16,624.43,1.0,NORMAL,0.0,0.0
0.511,1496.21,663.71,1.0,NORMAL,0.0,0.0
0.512,1502.11,701.05,1.0,NORMAL,0.0,0.0
0.513,1494.81,736.55,1.0,NORMAL,0.0,0.0
0.514,1492.48,770.29,1.0,NORMAL,0.0,0.0
0.515,1497.17,802.37,1.0,NORMAL,0.0,0.0
0.516,1495.63,832.86,1.0,NORMAL,0.0,0.0
0.517,1496.56,861.85,1.0,NORMAL,0.0,0.0
0.518,1495.55,889.41,1.0,NORMAL,0.0,0.0
0.519,1495.11,915.6,1.0,NORMAL,0.0,0.0
0.52,1487.76,940.51,1.0,NORMAL,0.0,0.0
0.521,1491.69,964.18,1.0,NORMAL,0.0,0.0
0.522,1491.85,986.69,1.0,NORMAL,0.0,0.0
0.523,1492.34,1008.08,1.0,NORMAL,0.0,0.0
0.524,1491.81,1028.42,1.0,NORMAL,0.0,0.0
0.525,1494.17,1047.75,1.0,NORMAL,0.0,0.0
0.526,1494.51,1066.13,1.0,NORMAL,0.0,0.0
0.527,1489.1,1083.6,1.0,NORMAL,0.0,0.0
0.528,1494.36,1100.21,1.0,NORMAL,0.0,0.0
0.529,1493.86,1116.0,1.0,NORMAL,0.0,0.0
0.53,1493.31,1131.01,1.0,NORMAL,0.0,0.0
0.531,1487.48,1145.28,1.0,NORMAL,0.0,0.0
0.532,1492.88,1158.84,1.0,NORMAL,0.0,0.0
0.533,1491.64,1171.73,1.0,NORMAL,0.0,0.0
0.534,1494.12,1183.99,1.0,NORMAL,0.0,0.0
0.535,1496.44,1195.64,1.0,NORMAL,0.0,0.0
0.536,1495.72,1206.72,1.0,NORMAL,0.0,0.0
0.537,1491.16,1217.25,1.0,NORMAL,0.0,0.0
0.538,1490.7,1227.26,1.0,NORMAL,0.0,0.0
0.539,1492.49,1236.78,1.0,NORMAL,0.0,0.0
0.54,1487.14,1245.82,1.0,NORMAL,0.0,0.0
0.541,1486.05,1254.42,1.0,NORMAL,0.0,0.0
0.542,1488.9,1262.6,1.0,NORMAL,0.0,0.0
0.543,1493.9,1270.37,1.0,NORMAL,0.0,0.0
0.544,1489.18,1277.76,1.0,NORMAL,0.0,0.0
0.545,1494.63,1284.78,1.0,NORMAL,0.0,0.0
0.546,1481.71,1291.46,1.0,NORMAL,0.0,0.0
0.547,1485.28,1297.8,1.0,NORMAL,0.0,0.0
0.548,1489.65,1303.84,1.0,NORMAL,0.0,0.0
0.549,1492.67,1309.57,1.0,NORMAL,0.0,0.0
0.55,1489.79,1315.02,1.0,NORMAL,0.0,0.0
0.551,1489.72,1320.21,1.0,NORMAL,0.0,0.0
0.552,1489.65,1325.13,1.0,NORMAL,0.0,0.0
0.553,1484.76,1329.82,1.0,NORMAL,0.0,0.0
0.554,1493.55,1334.27,1.0,NORMAL,0.0,0.0
0.555,1488.07,1338.5,1.0,NORMAL,0.0,0.0
0.556,1493.45,1342.53,1.0,NORMAL,0.0,0.0
0.557,1490.03,1346.35,1.0,NORMAL,0.0,0.0
0.558,1493.52,1349.99,1.0,NORMAL,0.0,0.0
0.559,1491.43,1353.44,1.0,NORMAL,0.0,0.0
0.56,1490.17,1356.73,1.0,NORMAL,0.0,0.0
0.561,1491.27,1359.85,1.0,NORMAL,0.0,0.0
0.562,1486.28,1362.82,1.0,NORMAL,0.0,0.0
0.563,1490.84,1365.65,1.0,NORMAL,0.0,0.0
0.564,1496.1,1368.33,1.0,NORMAL,0.0,0.0
0.565,1495.01,1370.88,1.0,NORMAL,0.0,0.0
0.566,1488.28,1373.31,1.0,NORMAL,0.0,0.0
0.567,1492.91,1375.61,1.0,NORMAL,0.0,0.0
0.568,1492.3,1377.8,1.0,NORMAL,0.0,0.0
0.569,1494.18,1379.89,1.0,NORMAL,0.0,0.0
0.57,1492.19,1381.87,1.0,NORMAL,0.0,0.0
0.571,1491.4,1383.75,1.0,NORMAL,0.0,0.0
0.572,1496.29,1385.54,1.0,NORMAL,0.0,0.0
0.573,1493.15,1387.24,1.0,NORMAL,0.0,0.0
0.574,1496.48,1388.86,1.0,NORMAL,0.0,0.0
0.575,1495.85,1390.4,1.0,NORMAL,0.0,0.0
0.576,1492.18,1391.86,1.0,NORMAL,0.0,0.0
0.577,1492.89,1393.25,1.0,NORMAL,0.0,0.0
0.578,1499.42,1394.57,1.0,NORMAL,0.0,0.0
0.579,1494.45,1395.82,1.0,NORMAL,0.0,0.0
0.58,1491.85,1421.59,1.0,NORMAL,0.0,0.0
0.581,1490.78,1427.56,1.0,NORMAL,0.0,0.0
0.582,1497.56,1414.32,1.0,NORMAL,0.0,0.0
0.583,1495.39,1423.21,1.0,NORMAL,0.0,0.0
0.584,1492.81,1414.36,1.0,NORMAL,0.0,0.0
0.585,1497.48,1417.23,1.0,NORMAL,0.0,0.0
0.586,1496.22,1415.15,1.0,NORMAL,0.0,0.0
0.587,1491.05,1416.33,1.0,NORMAL,0.0,0.0
0.588,1498.08,1423.15,1.0,NORMAL,0.0,0.0
0.589,1500.61,1420.52,1.0,NORMAL,0.0,0.0
0.59,1504.59,1413.06,1.0,NORMAL,0.0,0.0
0.591,1497.31,1413.51,1.0,NORMAL,0.0,0.0
0.592,1498.21,1426.79,1.0,NORMAL,0.0,0.0
0.593,1502.64,1412.03,1.0,NORMAL,0.0,0.0
0.594,1498.63,1427.4,1.0,NORMAL,0.0,0.0
0.595,1499.26,1416.05,1.0,NORMAL,0.0,0.0
0.596,1496.85,1420.25,1.0,NORMAL,0.0,0.0
0.597,1494.88,1421.11,1.0,NORMAL,0.0,0.0
0.598,1502.11,1417.59,1.0,NORMAL,0.0,0.0
0.599,1495.87,1422.83,1.0,NORMAL,0.0,0.0
0.6,1503.42,1418.79,1.0,NORMAL,0.0,0.0
0.601,1497.95,1415.62,1.0,NORMAL,0.0,0.0
0.602,1501.42,1416.03,1.0,NORMAL,0.0,0.0
0.603,1499.82,1418.37,1.0,NORMAL,0.0,0.0
0.604,1504.78,1427.96,1.0,NORMAL,0.0,0.0
0.605,1502.47,1420.09,1.0,NORMAL,0.0,0.0
0.606,1507.75,1416.94,1.0,NORMAL,0.0,0.0
0.607,1498.93,1413.86,1.0,NORMAL,0.0,0.0
0.608,1503.73,1419.79,1.0,NORMAL,0.0,0.0
0.609,1502.93,1417.29,1.0,NORMAL,0.0,0.0
0.61,1503.93,1408.98,1.0,NORMAL,0.0,0.0
0.611,1508.18,1422.58,1.0,NORMAL,0.0,0.0
0.612,1505.44,1423.88,1.0,NORMAL,0.0,0.0
0.613,1500.53,1422.67,1.0,NORMAL,0.0,0.0
0.614,1505.86,1429.16,1.0,NORMAL,0.0,0.0
0.615,1503.29,1422.06,1.0,NORMAL,0.0,0.0
0.616,1503.4,1418.48,1.0,NORMAL,0.0,0.0
0.617,1508.23,1422.79,1.0,NORMAL,0.0,0.0
0.618,1503.55,1424.17,1.0,NORMAL,0.0,0.0
0.619,1504.48,1419.58,1.0,NORMAL,0.0,0.0
0.62,1505.98,1421.37,1.0,NORMAL,0.0,0.0
0.621,1508.97,1419.47,1.0,NORMAL,0.0,0.0
0.622,1508.12,1426.92,1.0,NORMAL,0.0,0.0
0.623,1505.91,1426.43,1.0,NORMAL,0.0,0.0
0.624,1506.03,1418.9,1.0,NORMAL,0.0,0.0
0.625,1503.59,1416.13,1.0,NORMAL,0.0,0.0
0.626,1505.01,1419.56,1.0,NORMAL,0.0,0.0
0.627,1505.54,1411.77,1.0,NORMAL,0.0,0.0
0.628,1507.26,1423.91,1.0,NORMAL,0.0,0.0
0.629,1513.86,1424.49,1.0,NORMAL,0.0,0.0
0.63,1506.06,1414.91,1.0,NORMAL,0.0,0.0
0.631,1507.38,1424.29,1.0,NORMAL,0.0,0.0
0.632,1502.29,1418.94,1.0,NORMAL,0.0,0.0
0.633,1510.41,1429.47,1.0,NORMAL,0.0,0.0
0.634,1504.03,1431.82,1.0,NORMAL,0.0,0.0
0.635,1506.19,1418.93,1.0,NORMAL,0.0,0.0
0.636,1512.18,1412.44,1.0,NORMAL,0.0,0.0
0.637,1502.86,1426.43,1.0,NORMAL,0.0,0.0
0.638,1509.59,1428.91,1.0,NORMAL,0.0,0.0
0.639,1511.81,1423.95,1.0,NORMAL,0.0,0.0
0.64,1514.09,1420.21,1.0,NORMAL,0.0,0.0
0.641,1506.84,1425.65,1.0,NORMAL,0.0,0.0
0.642,1507.81,1414.35,1.0,NORMAL,0.0,0.0
0.643,1515.17,1425.52,1.0,NORMAL,0.0,0.0
0.644,1509.75,1416.48,1.0,NORMAL,0.0,0.0
0.645,1507.67,1419.06,1.0,NORMAL,0.0,0.0
0.646,1507.77,1426.51,1.0,NORMAL,0.0,0.0
0.647,1507.04,1426.35,1.0,NORMAL,0.0,0.0
0.648,1508.66,1419.27,1.0,NORMAL,0.0,0.0
0.649,1513.26,1416.81,1.0,NORMAL,0.0,0.0
0.65,1512.66,1420.7,1.0,NORMAL,0.0,0.0
0.651,1506.47,1415.57,1.0,NORMAL,0.0,0.0
0.652,1510.62,1426.06,1.0,NORMAL,0.0,0.0
0.653,1508.75,1416.65,1.0,NORMAL,0.0,0.0
0.654,1512.27,1414.95,1.0,NORMAL,0.0,0.0
0.655,1509.41,1424.38,1.0,NORMAL,0.0,0.0
0.656,1510.94,1421.79,1.0,NORMAL,0.0,0.0
0.657,1509.28,1416.98,1.0,NORMAL,0.0,0.0
0.658,1503.12,1417.31,1.0,NORMAL,0.0,0.0
0.659,1509.74,1418.92,1.0,NORMAL,0.0,0.0
0.66,1505.7,1415.48,1.0,NORMAL,0.0,0.0
0.661,1511.65,1420.88,1.0,NORMAL,0.0,0.0
0.662,1507.26,1418.99,1.0,NORMAL,0.0,0.0
0.663,1507.36,1411.8,1.0,NORMAL,0.0,0.0
0.664,1509.02,1417.92,1.0,NORMAL,0.0,0.0
0.665,1510.64,1427.14,1.0,NORMAL,0.0,0.0
0.666,1508.25,1415.35,1.0,NORMAL,0.0,0.0
0.667,1513.53,1417.04,1.0,NORMAL,0.0,0.0
0.668,1513.39,1417.99,1.0,NORMAL,0.0,0.0
0.669,1513.42,1419.46,1.0,NORMAL,0.0,0.0
0.67,1507.39,1413.09,1.0,NORMAL,0.0,0.0
0.671,1503.46,1416.08,1.0,NORMAL,0.0,0.0
0.672,1511.37,1419.04,1.0,NORMAL,0.0,0.0
0.673,1506.25,1423.1,1.0,NORMAL,0.0,0.0
0.674,1507.4,1422.52,1.0,NORMAL,0.0,0.0
0.675,1508.96,1421.22,1.0,NORMAL,0.0,0.0
0.676,1502.03,1421.25,1.0,NORMAL,0.0,0.0
0.677,1511.5,1415.15,1.0,NORMAL,0.0,0.0
0.678,1509.0,1410.41,1.0,NORMAL,0.0,0.0
0.679,1507.19,1412.93,1.0,NORMAL,0.0,0.0
0.68,1508.55,1421.77,1.0,NORMAL,0.0,0.0
0.681,1507.29,1422.37,1.0,NORMAL,0.0,0.0
0.682,1505.71,1415.11,1.0,NORMAL,0.0,0.0
0.683,1504.17,1428.36,1.0,NORMAL,0.0,0.0
0.684,1502.6,1428.19,1.0,NORMAL,0.0,0.0
0.685,1505.4,1415.68,1.0,NORMAL,0.0,0.0
0.686,1505.34,1420.46,1.0,NORMAL,0.0,0.0
0.687,1507.22,1425.38,1.0,NORMAL,0.0,0.0
0.688,1504.28,1427.46,1.0,NORMAL,0.0,0.0
0.689,1500.83,1421.13,1.0,NORMAL,0.0,0.0
0.69,1498.36,1417.58,1.0,NORMAL,0.0,0.0
0.691,1502.41,1422.92,1.0,NORMAL,0.0,0.0
0.692,1502.4,1422.55,1.0,NORMAL,0.0,0.0
0.693,1501.89,1428.62,1.0,NORMAL,0.0,0.0
0.694,1497.28,1423.85,1.0,NORMAL,0.0,0.0
0.695,1504.79,1422.5,1.0,NORMAL,0.0,0.0
0.696,1504.47,1419.82,1.0,NORMAL,0.0,0.0
0.697,1498.47,1422.69,1.0,NORMAL,0.0,0.0
0.698,1503.05,1409.21,1.0,NORMAL,0.0,0.0
0.699,1503.17,1421.33,1.0,NORMAL,0.0,0.0
0.7,1500.12,1423.23,1.0,NORMAL,0.0,0.0
0.701,1496.84,1411.99,1.0,NORMAL,0.0,0.0
0.702,1504.21,1414.74,1.0,NORMAL,0.0,0.0
0.703,1500.2,1410.59,1.0,NORMAL,0.0,0.0
0.704,1497.99,1422.67,1.0,NORMAL,0.0,0.0
0.705,1500.75,1424.1,1.0,NORMAL,0.0,0.0
0.706,1502.99,1412.89,1.0,NORMAL,0.0,0.0
0.707,1496.33,1418.48,1.0,NORMAL,0.0,0.0
0.708,1499.59,1415.0,1.0,NORMAL,0.0,0.0
0.709,1503.04,1422.76,1.0,NORMAL,0.0,0.0
0.71,1493.56,1415.16,1.0,NORMAL,0.0,0.0
0.711,1494.96,1415.54,1.0,NORMAL,0.0,0.0
0.712,1494.53,1422.08,1.0,NORMAL,0.0,0.0
0.713,1495.55,1431.63,1.0,NORMAL,0.0,0.0
0.714,1495.11,1415.93,1.0,NORMAL,0.0,0.0
0.715,1496.36,1416.61,1.0,NORMAL,0.0,0.0
0.716,1492.72,1418.49,1.0,NORMAL,0.0,0.0
0.717,1493.04,1422.93,1.0,NORMAL,0.0,0.0
0.718,1495.55,1420.94,1.0,NORMAL,0.0,0.0
0.719,1494.84,1416.78,1.0,NORMAL,0.0,0.0
0.72,1496.74,1417.71,1.0,NORMAL,0.0,0.0
0.721,1495.1,1417.24,1.0,NORMAL,0.0,0.0
0.722,1495.94,1414.5,1.0,NORMAL,0.0,0.0
0.723,1489.96,1424.99,1.0,NORMAL,0.0,0.0
0.724,1492.0,1418.15,1.0,NORMAL,0.0,0.0
0.725,1498.47,1422.57,1.0,NORMAL,0.0,0.0
0.726,1493.89,1416.9,1.0,NORMAL,0.0,0.0
0.727,1494.74,1420.53,1.0,NORMAL,0.0,0.0
0.728,1493.11,1425.35,1.0,NORMAL,0.0,0.0
0.729,1493.37,1427.41,1.0,NORMAL,0.0,0.0
0.73,1491.22,1424.83,1.0,NORMAL,0.0,0.0
0.731,1502.44,1415.48,1.0,NORMAL,0.0,0.0
0.732,1490.37,1412.68,1.0,NORMAL,0.0,0.0
0.733,1491.28,1419.86,1.0,NORMAL,0.0,0.0
0.734,1483.96,1422.5,1.0,NORMAL,0.0,0.0
0.735,1494.41,1428.57,1.0,NORMAL,0.0,0.0
0.736,1489.29,1419.58,1.0,NORMAL,0.0,0.0
0.737,1490.64,1424.0,1.0,NORMAL,0.0,0.0
0.738,1489.12,1421.42,1.0,NORMAL,0.0,0.0
0.739,1490.18,1413.92,1.0,NORMAL,0.0,0.0
0.74,1489.64,1423.24,1.0,NORMAL,0.0,0.0
0.741,1490.27,1419.36,1.0,NORMAL,0.0,0.0
0.742,1490.16,1424.34,1.0,NORMAL,0.0,0.0
0.743,1489.78,1413.16,1.0,NORMAL,0.0,0.0
0.744,1489.67,1424.1,1.0,NORMAL,0.0,0.0
0.745,1494.05,1419.4,1.0,NORMAL,0.0,0.0
0.746,1492.72,1417.46,1.0,NORMAL,0.0,0.0
0.747,1492.71,1427.88,1.0,NORMAL,0.0,0.0
0.748,1487.82,1424.12,1.0,NORMAL,0.0,0.0
0.749,1493.78,1424.02,1.0,NORMAL,0.0,0.0
0.75,1493.39,1419.32,1.0,NORMAL,0.0,0.0
0.751,1488.34,1414.2,1.0,NORMAL,0.0,0.0
0.752,1494.59,1413.58,1.0,NORMAL,0.0,0.0
0.753,1487.99,1418.37,1.0,NORMAL,0.0,0.0
0.754,1484.55,1413.05,1.0,NORMAL,0.0,0.0
0.755,1493.43,1417.64,1.0,NORMAL,0.0,0.0
0.756,1489.82,1419.78,1.0,NORMAL,0.0,0.0
0.757,1493.17,1418.25,1.0,NORMAL,0.0,0.0
0.758,1488.05,1420.99,1.0,NORMAL,0.0,0.0
0.759,1486.61,1408.54,1.0,NORMAL,0.0,0.0
0.76,1494.19,1423.96,1.0,NORMAL,0.0,0.0
0.761,1486.37,1419.4,1.0,NORMAL,0.0,0.0
0.762,1486.02,1422.86,1.0,NORMAL,0.0,0.0
0.763,1485.05,1418.15,1.0,NORMAL,0.0,0.0
0.764,1482.57,1419.29,1.0,NORMAL,0.0,0.0
0.765,1487.97,1414.44,1.0,NORMAL,0.0,0.0
0.766,1484.73,1421.2,1.0,NORMAL,0.0,0.0
0.767,1491.29,1416.43,1.0,NORMAL,0.0,0.0
0.768,1484.85,1421.26,1.0,NORMAL,0.0,0.0
0.769,1488.45,1424.31,1.0,NORMAL,0.0,0.0
0.77,1498.91,1420.82,1.0,NORMAL,0.0,0.0
0.771,1493.13,1429.81,1.0,NORMAL,0.0,0.0
0.772,1492.45,1422.11,1.0,NORMAL,0.0,0.0
0.773,1487.64,1419.74,1.0,NORMAL,0.0,0.0
0.774,1491.97,1421.01,1.0,NORMAL,0.0,0.0
0.775,1493.07,1420.87,1.0,NORMAL,0.0,0.0
0.776,1488.34,1423.19,1.0,NORMAL,0.0,0.0
0.777,1493.77,1417.07,1.0,NORMAL,0.0,0.0
0.778,1497.2,1421.74,1.0,NORMAL,0.0,0.0
0.779,1492.83,1415.37,1.0,NORMAL,0.0,0.0
0.78,1493.53,1420.73,1.0,NORMAL,0.0,0.0
0.781,1488.25,1423.31,1.0,NORMAL,0.0,0.0
0.782,1490.44,1424.4,1.0,NORMAL,0.0,0.0
0.783,1498.08,1418.16,1.0,NORMAL,0.0,0.0
0.784,1493.2,1426.04,1.0,NORMAL,0.0,0.0
0.785,1492.67,1418.93,1.0,NORMAL,0.0,0.0
0.786,1493.66,1414.02,1.0,NORMAL,0.0,0.0
0.787,1495.86,1420.59,1.0,NORMAL,0.0,0.0
0.788,1492.84,1423.67,1.0,NORMAL,0.0,0.0
0.789,1496.99,1416.51,1.0,NORMAL,0.0,0.0
0.79,1492.83,1413.18,1.0,NORMAL,0.0,0.0
0.791,1499.53,1420.01,1.0,NORMAL,0.0,0.0
0.792,1494.34,1419.48,1.0,NORMAL,0.0,0.0
0.793,1501.78,1416.06,1.0,NORMAL,0.0,0.0
0.794,1498.1,1426.67,1.0,NORMAL,0.0,0.0
0.795,1495.9,1424.09,1.0,NORMAL,0.0,0.0
0.796,1501.48,1425.03,1.0,NORMAL,0.0,0.0
0.797,1494.94,1413.56,1.0,NORMAL,0.0,0.0
0.798,1497.73,1418.58,1.0,NORMAL,0.0,0.0
0.799,1499.69,1417.58,1.0,NORMAL,0.0,0.0
0.8,1499.64,1418.12,1.0,NORMAL,0.0,0.0
0.801,1494.29,1425.11,1.0,NORMAL,0.0,0.0
0.802,1497.87,1417.16,1.0,NORMAL,0.0,0.0
0.803,1501.45,1416.79,1.0,NORMAL,0.0,0.0
0.804,1497.29,1425.16,1.0,NORMAL,0.0,0.0
0.805,1505.36,1428.99,1.0,NORMAL,0.0,0.0
0.806,1503.36,1426.52,1.0,NORMAL,0.0,0.0
0.807,1500.64,1415.49,1.0,NORMAL,0.0,0.0
0.808,1501.83,1409.81,1.0,NORMAL,0.0,0.0
0.809,1508.37,1416.14,1.0,NORMAL,0.0,0.0
0.81,1505.9,1419.35,1.0,NORMAL,0.0,0.0
0.811,1504.53,1421.61,1.0,NORMAL,0.0,0.0
0.812,1499.43,1417.47,1.0,NORMAL,0.0,0.0
0.813,1508.86,1425.73,1.0,NORMAL,0.0,0.0
0.814,1507.41,1422.88,1.0,NORMAL,0.0,0.0
0.815,1504.09,1420.06,1.0,NORMAL,0.0,0.0
0.816,1503.17,1412.93,1.0,NORMAL,0.0,0.0
0.817,1504.53,1425.8,1.0,NORMAL,0.0,0.0
0.818,1501.75,1419.78,1.0,NORMAL,0.0,0.0
0.819,1504.21,1411.13,1.0,NORMAL,0.0,0.0
0.82,1508.17,1426.14,1.0,NORMAL,0.0,0.0
0.821,1500.71,1429.48,1.0,NORMAL,0.0,0.0
0.822,1505.43,1418.88,1.0,NORMAL,0.0,0.0
0.823,1506.95,1414.9,1.0,NORMAL,0.0,0.0
0.824,1507.16,1425.57,1.0,NORMAL,0.0,0.0
0.825,1503.53,1427.16,1.0,NORMAL,0.0,0.0
0.826,1503.74,1423.54,1.0,NORMAL,0.0,0.0
0.827,1510.77,1409.66,1.0,NORMAL,0.0,0.0
0.828,1504.03,1416.79,1.0,NORMAL,0.0,0.0
0.829,1510.93,1415.47,1.0,NORMAL,0.0,0.0
0.83,1506.64,1422.83,1.0,NORMAL,0.0,0.0
0.831,1511.51,1427.36,1.0,NORMAL,0.0,0.0
0.832,1507.18,1420.06,1.0,NORMAL,0.0,0.0
0.833,1505.11,1419.23,1.0,NORMAL,0.0,0.0
0.834,1511.33,1412.6,1.0,NORMAL,0.0,0.0
0.835,1508.86,1413.35,1.0,NORMAL,0.0,0.0
0.836,1513.39,1420.02,1.0,NORMAL,0.0,0.0
0.837,1511.85,1427.16,1.0,NORMAL,0.0,0.0
0.838,1508.61,1417.54,1.0,NORMAL,0.0,0.0
0.839,1508.06,1417.09,1.0,NORMAL,0.0,0.0
0.84,1509.58,1414.54,1.0,NORMAL,0.0,0.0
0.841,1510.17,1413.63,1.0,NORMAL,0.0,0.0
0.842,1507.04,1424.78,1.0,NORMAL,0.0,0.0
0.843,1512.28,1418.73,1.0,NORMAL,0.0,0.0
0.844,1508.63,1424.11,1.0,NORMAL,0.0,0.0
0.845,1508.61,1410.79,1.0,NORMAL,0.0,0.0
0.846,1508.3,1418.21,1.0,NORMAL,0.0,0.0
0.847,1510.65,1427.52,1.0,NORMAL,0.0,0.0
0.848,1507.9,1414.19,1.0,NORMAL,0.0,0.0
0.849,1510.4,1414.88,1.0,NORMAL,0.0,0.0
0.85,1518.3,1419.37,1.0,NORMAL,0.0,0.0
0.851,1509.83,1419.96,1.0,NORMAL,0.0,0.0
0.852,1508.68,1421.44,1.0,NORMAL,0.0,0.0
0.853,1504.95,1419.41,1.0,NORMAL,0.0,0.0
0.854,1510.07,1420.29,1.0,NORMAL,0.0,0.0
0.855,1506.55,1420.04,1.0,NORMAL,0.0,0.0
0.856,1508.7,1415.41,1.0,NORMAL,0.0,0.0
0.857,1510.21,1417.77,1.0,NORMAL,0.0,0.0
0.858,1504.49,1413.29,1.0,NORMAL,0.0,0.0
0.859,1510.08,1420.94,1.0,NORMAL,0.0,0.0
0.86,1510.42,1415.57,1.0,NORMAL,0.0,0.0
0.861,1505.52,1422.7,1.0,NORMAL,0.0,0.0
0.862,1508.12,1422.62,1.0,NORMAL,0.0,0.0
0.863,1503.69,1409.48,1.0,NORMAL,0.0,0.0
0.864,1513.77,1424.17,1.0,NORMAL,0.0,0.0
0.865,1509.9,1423.4,1.0,NORMAL,0.0,0.0
0.866,1508.22,1420.54,1.0,NORMAL,0.0,0.0
0.867,1508.12,1409.03,1.0,NORMAL,0.0,0.0
0.868,1511.84,1410.62,1.0,NORMAL,0.0,0.0
0.869,1507.99,1423.97,1.0,NORMAL,0.0,0.0
0.87,1509.08,1417.43,1.0,NORMAL,0.0,0.0
0.871,1512.46,1421.46,1.0,NORMAL,0.0,0.0
0.872,1506.67,1405.86,1.0,NORMAL,0.0,0.0
0.873,1504.22,1422.39,1.0,NORMAL,0.0,0.0
0.874,1504.82,1416.32,1.0,NORMAL,0.0,0.0
0.875,1511.36,1416.16,1.0,NORMAL,0.0,0.0
0.876,1507.12,1424.88,1.0,NORMAL,0.0,0.0
0.877,1505.11,1418.19,1.0,NORMAL,0.0,0.0
0.878,1509.3,1421.77,1.0,NORMAL,0.0,0.0
0.879,1509.12,1415.72,1.0,NORMAL,0.0,0.0
0.88,1504.45,1429.73,1.0,NORMAL,0.0,0.0
0.881,1502.71,1415.94,1.0,NORMAL,0.0,0.0
0.882,1500.65,1423.95,1.0,NORMAL,0.0,0.0
0.883,1499.71,1417.36,1.0,NORMAL,0.0,0.0
0.884,1504.02,1420.74,1.0,NORMAL,0.0,0.0
0.885,1501.86,1419.0,1.0,NORMAL,0.0,0.0
0.886,1509.83,1418.7,1.0,NORMAL,0.0,0.0
0.887,1504.15,1418.44,1.0,NORMAL,0.0,0.0
0.888,1497.85,1415.46,1.0,NORMAL,0.0,0.0
0.889,1507.64,1421.94,1.0,NORMAL,0.0,0.0
0.89,1503.58,1421.11,1.0,NORMAL,0.0,0.0
0.891,1504.9,1419.68,1.0,NORMAL,0.0,0.0
0.892,1504.53,1426.59,1.0,NORMAL,0.0,0.0
0.893,1503.07,1424.15,1.0,NORMAL,0.0,0.0
0.894,1503.44,1416.48,1.0,NORMAL,0.0,0.0
0.895,1502.28,1420.62,1.0,NORMAL,0.0,0.0
0.896,1497.93,1425.26,1.0,NORMAL,0.0,0.0
0.897,1502.04,1419.36,1.0,NORMAL,0.0,0.0
0.898,1503.7,1420.08,1.0,NORMAL,0.0,0.0
0.899,1499.68,1417.99,1.0,NORMAL,0.0,0.0
0.9,1501.65,1417.61,1.0,NORMAL,0.0,0.0
0.901,1500.94,1424.34,1.0,NORMAL,0.0,0.0
0.902,1504.82,1421.1,1.0,NORMAL,0.0,0.0
0.903,1498.3,1423.16,1.0,NORMAL,0.0,0.0
0.904,1497.87,1420.8,1.0,NORMAL,0.0,0.0
0.905,1498.08,1417.68,1.0,NORMAL,0.0,0.0
0.906,1497.82,1414.71,1.0,NORMAL,0.0,0.0
0.907,1491.0,1418.28,1.0,NORMAL,0.0,0.0
0.908,1495.59,1422.79,1.0,NORMAL,0.0,0.0
0.909,1498.11,1422.19,1.0,NORMAL,0.0,0.0
0.91,1496.89,1411.99,1.0,NORMAL,0.0,0.0
0.911,1494.21,1429.02,1.0,NORMAL,0.0,0.0
0.912,1494.32,1416.8,1.0,NORMAL,0.0,0.0
0.913,1494.96,1419.55,1.0,NORMAL,0.0,0.0
0.914,1493.34,1421.06,1.0,NORMAL,0.0,0.0
0.915,1493.92,1428.34,1.0,NORMAL,0.0,0.0
0.916,1493.56,1415.81,1.0,NORMAL,0.0,0.0
0.917,1497.6,1415.94,1.0,NORMAL,0.0,0.0
0.918,1497.69,1415.07,1.0,NORMAL,0.0,0.0
0.919,1497.18,1421.12,1.0,NORMAL,0.0,0.0
0.92,1495.4,1422.8,1.0,NORMAL,0.0,0.0
0.921,1491.75,1420.86,1.0,NORMAL,0.0,0.0
0.922,1496.51,1429.24,1.0,NORMAL,0.0,0.0
0.923,1492.44,1418.31,1.0,NORMAL,0.0,0.0
0.924,1493.22,1421.06,1.0,NORMAL,0.0,0.0
0.925,1496.94,1411.1,1.0,NORMAL,0.0,0.0
0.926,1492.96,1408.13,1.0,NORMAL,0.0,0.0
0.927,1493.24,1422.6,1.0,NORMAL,0.0,0.0
0.928,1488.06,1422.62,1.0,NORMAL,0.0,0.0
0.929,1493.56,1414.22,1.0,NORMAL,0.0,0.0
0.93,1488.97,1419.68,1.0,NORMAL,0.0,0.0
0.931,1494.77,1423.02,1.0,NORMAL,0.0,0.0
0.932,1491.0,1418.45,1.0,NORMAL,0.0,0.0
0.933,1484.68,1415.9,1.0,NORMAL,0.0,0.0
0.934,1490.16,1419.63,1.0,NORMAL,0.0,0.0
0.935,1490.41,1429.97,1.0,NORMAL,0.0,0.0
0.936,1492.41,1424.05,1.0,NORMAL,0.0,0.0
0.937,1492.83,1417.8,1.0,NORMAL,0.0,0.0
0.938,1489.72,1424.48,1.0,NORMAL,0.0,0.0
0.939,1493.63,1421.35,1.0,NORMAL,0.0,0.0
0.94,1480.99,1420.38,1.0,NORMAL,0.0,0.0
0.941,1488.26,1421.69,1.0,NORMAL,0.0,0.0
0.942,1486.98,1421.71,1.0,NORMAL,0.0,0.0
0.943,1486.48,1413.43,1.0,NORMAL,0.0,0.0
0.944,1493.06,1421.3,1.0,NORMAL,0.0,0.0
0.945,1492.61,1418.26,1.0,NORMAL,0.0,0.0
0.946,1487.75,1419.76,1.0,NORMAL,0.0,0.0
0.947,1493.58,1415.35,1.0,NORMAL,0.0,0.0
0.948,1490.32,1421.95,1.0,NORMAL,0.0,0.0
0.949,1488.74,1421.0,1.0,NORMAL,0.0,0.0
0.95,1487.92,1419.86,1.0,NORMAL,0.0,0.0
0.951,1487.67,1421.33,1.0,NORMAL,0.0,0.0
0.952,1491.44,1421.78,1.0,NORMAL,0.0,0.0
0.953,1491.99,1424.61,1.0,NORMAL,0.0,0.0
0.954,1490.79,1412.79,1.0,NORMAL,0.0,0.0
0.955,1483.97,1428.39,1.0,NORMAL,0.0,0.0
0.956,1491.07,1420.33,1.0,NORMAL,0.0,0.0
0.957,1491.94,1418.09,1.0,NORMAL,0.0,0.0
0.958,1488.31,1424.47,1.0,NORMAL,0.0,0.0
0.959,1490.53,1419.7,1.0,NORMAL,0.0,0.0
0.96,1484.9,1428.31,1.0,NORMAL,0.0,0.0
0.961,1486.9,1421.03,1.0,NORMAL,0.0,0.0
0.962,1489.73,1424.89,1.0,NORMAL,0.0,0.0
0.963,1489.89,1420.19,1.0,NORMAL,0.0,0.0
0.964,1492.01,1418.33,1.0,NORMAL,0.0,0.0
0.965,1487.53,1423.48,1.0,NORMAL,0.0,0.0
0.966,1490.21,1427.51,1.0,NORMAL,0.0,0.0
0.967,1489.92,1426.09,1.0,NORMAL,0.0,0.0
0.968,1493.14,1423.28,1.0,NORMAL,0.0,0.0
0.969,1495.99,1424.25,1.0,NORMAL,0.0,0.0
0.97,1497.07,1425.14,1.0,NORMAL,0.0,0.0
0.971,1487.39,1425.17,1.0,NORMAL,0.0,0.0
0.972,1492.15,1425.64,1.0,NORMAL,0.0,0.0
0.973,1489.16,1410.18,1.0,NORMAL,0.0,0.0
0.974,1492.52,1416.6,1.0,NORMAL,0.0,0.0
0.975,1494.2,1423.94,1.0,NORMAL,0.0,0.0
0.976,1493.4,1423.66,1.0,NORMAL,0.0,0.0
0.977,1493.24,1410.02,1.0,NORMAL,0.0,0.0
0.978,1498.07,1418.73,1.0,NORMAL,0.0,0.0
0.979,1496.03,1412.04,1.0,NORMAL,0.0,0.0
0.98,1493.3,1413.62,1.0,NORMAL,0.0,0.0
0.981,1494.45,1420.27,1.0,NORMAL,0.0,0.0
0.982,1497.25,1416.82,1.0,NORMAL,0.0,0.0
0.983,1496.74,1417.55,1.0,NORMAL,0.0,0.0
0.984,1493.91,1417.83,1.0,NORMAL,0.0,0.0
0.985,1490.13,1421.22,1.0,NORMAL,0.0,0.0
0.986,1492.19,1424.11,1.0,NORMAL,0.0,0.0
0.987,1496.47,1415.25,1.0,NORMAL,0.0,0.0
0.988,1490.96,1419.13,1.0,NORMAL,0.0,0.0
0.989,1496.16,1421.47,1.0,NORMAL,0.0,0.0
0.99,1495.55,1418.5,1.0,NORMAL,0.0,0.0
0.991,1500.21,1423.68,1.0,NORMAL,0.0,0.0
0.992,1493.56,1420.2,1.0,NORMAL,0.0,0.0
0.993,1492.02,1425.99,1.0,NORMAL,0.0,0.0
0.994,1496.87,1414.66,1.0,NORMAL,0.0,0.0
0.995,1500.34,1432.46,1.0,NORMAL,0.0,0.0
0.996,1501.96,1416.98,1.0,NORMAL,0.0,0.0
0.997,1496.33,1427.01,1.0,NORMAL,0.0,0.0
0.998,1500.78,1425.71,1.0,NORMAL,0.0,0.0
0.999,1496.35,1428.44,1.0,NORMAL,0.0,0.0
1.0,1497.75,1423.98,1.0,NORMAL,0.0,0.0
1.001,1502.02,1416.5,1.0,NORMAL,0.0,0.0
1.002,1502.78,1405.19,1.0,NORMAL,0.0,0.0
1.003,1497.94,1416.28,1.0,NORMAL,0.0,0.0
1.004,1502.68,1425.4,1.0,NORMAL,0.0,0.0
1.005,1495.96,1421.18,1.0,NORMAL,0.0,0.0
1.006,1501.27,1414.87,1.0,NORMAL,0.0,0.0
1.007,1498.78,1413.92,1.0,NORMAL,0.0,0.0
1.008,1500.06,1414.17,1.0,NORMAL,0.0,0.0
1.009,1498.96,1417.61,1.0,NORMAL,0.0,0.0
1.01,1504.75,1419.24,1.0,NORMAL,0.0,0.0
1.011,1505.05,1427.65,1.0,NORMAL,0.0,0.0
1.012,1501.61,1421.43,1.0,NORMAL,0.0,0.0
1.013,1505.1,1417.05,1.0,NORMAL,0.0,0.0
1.014,1505.04,1421.89,1.0,NORMAL,0.0,0.0
1.015,1504.15,1416.02,1.0,NORMAL,0.0,0.0
1.016,1511.29,1427.51,1.0,NORMAL,0.0,0.0
1.017,1502.57,1412.47,1.0,NORMAL,0.0,0.0
1.018,1505.4,1422.94,1.0,NORMAL,0.0,0.0
1.019,1504.47,1413.25,1.0,NORMAL,0.0,0.0
1.02,1504.76,1417.89,1.0,NORMAL,0.0,0.0
1.021,1506.61,1423.22,1.0,NORMAL,0.0,0.0
1.022,1505.49,1422.22,1.0,NORMAL,0.0,0.0
1.023,1504.03,1418.94,1.0,NORMAL,0.0,0.0
1.024,1507.22,1420.49,1.0,NORMAL,0.0,0.0
1.025,1510.62,1412.25,1.0,NORMAL,0.0,0.0
1.026,1510.12,1412.47,1.0,NORMAL,0.0,0.0
1.027,1508.11,1422.73,1.0,NORMAL,0.0,0.0
1.028,1505.5,1428.91,1.0,NORMAL,0.0,0.0
1.029,1508.46,1424.16,1.0,NORMAL,0.0,0.0
1.03,1511.34,1421.26,1.0,NORMAL,0.0,0.0
1.031,1511.84,1424.99,1.0,NORMAL,0.0,0.0
1.032,1509.52,1420.71,1.0,NORMAL,0.0,0.0
1.033,1507.51,1424.52,1.0,NORMAL,0.0,0.0
1.034,1508.15,1422.0,1.0,NORMAL,0.0,0.0
1.035,1511.23,1420.61,1.0,NORMAL,0.0,0.0
1.036,1511.11,1412.11,1.0,NORMAL,0.0,0.0
1.037,1503.9,1421.85,1.0,NORMAL,0.0,0.0
1.038,1511.27,1421.8,1.0,NORMAL,0.0,0.0
1.039,1511.54,1423.84,1.0,NORMAL,0.0,0.0
1.04,1506.85,1419.37,1.0,NORMAL,0.0,0.0
1.041,1507.31,1421.64,1.0,NORMAL,0.0,0.0
1.042,1507.41,1417.47,1.0,NORMAL,0.0,0.0
1.043,1507.72,1427.85,1.0,NORMAL,0.0,0.0
1.044,1505.57,1417.45,1.0,NORMAL,0.0,0.0
1.045,1510.82,1417.16,1.0,NORMAL,0.0,0.0
1.046,1507.56,1420.24,1.0,NORMAL,0.0,0.0
1.047,1509.74,1411.64,1.0,NORMAL,0.0,0.0
1.048,1508.49,1415.61,1.0,NORMAL,0.0,0.0
1.049,1510.76,1411.94,1.0,NORMAL,0.0,0.0
1.05,1506.97,1428.27,1.0,NORMAL,0.0,0.0
1.051,1510.73,1422.05,1.0,NORMAL,0.0,0.0
1.052,1511.15,1417.31,1.0,NORMAL,0.0,0.0
1.053,1512.44,1415.12,1.0,NORMAL,0.0,0.0
1.054,1515.82,1430.39,1.0,NORMAL,0.0,0.0
1.055,1503.6,1411.9,1.0,NORMAL,0.0,0.0
1.056,1510.78,1420.08,1.0,NORMAL,0.0,0.0
1.057,1507.63,1426.62,1.0,NORMAL,0.0,0.0
1.058,1503.91,1416.87,1.0,NORMAL,0.0,0.0
1.059,1512.13,1415.04,1.0,NORMAL,0.0,0.0
1.06,1513.51,1413.42,1.0,NORMAL,0.0,0.0
1.061,1508.23,1424.17,1.0,NORMAL,0.0,0.0
1.062,1509.93,1416.44,1.0,NORMAL,0.0,0.0
1.063,1508.99,1415.21,1.0,NORMAL,0.0,0.0
1.064,1510.35,1411.26,1.0,NORMAL,0.0,0.0
1.065,1511.55,1416.71,1.0,NORMAL,0.0,0.0
1.066,1509.8,1423.97,1.0,NORMAL,0.0,0.0
1.067,1509.64,1423.09,1.0,NORMAL,0.0,0.0
1.068,1512.22,1419.74,1.0,NORMAL,0.0,0.0
1.069,1507.78,1417.11,1.0,NORMAL,0.0,0.0
1.07,1510.86,1416.41,1.0,NORMAL,0.0,0.0
1.071,1505.44,1412.56,1.0,NORMAL,0.0,0.0
1.072,1512.53,1421.81,1.0,NORMAL,0.0,0.0
1.073,1509.71,1420.54,1.0,NORMAL,0.0,0.0
1.074,1506.08,1419.53,1.0,NORMAL,0.0,0.0
1.075,1500.73,1421.5,1.0,NORMAL,0.0,0.0
1.076,1506.84,1423.89,1.0,NORMAL,0.0,0.0
1.077,1503.07,1422.95,1.0,NORMAL,0.0,0.0
1.078,1507.27,1410.07,1.0,NORMAL,0.0,0.0
1.079,1510.48,1418.3,1.0,NORMAL,0.0,0.0
1.08,1506.36,1421.51,1.0,NORMAL,0.0,0.0
1.081,1505.09,1419.68,1.0,NORMAL,0.0,0.0
1.082,1506.38,1416.97,1.0,NORMAL,0.0,0.0
1.083,1505.95,1418.86,1.0,NORMAL,0.0,0.0
1.084,1497.73,1428.88,1.0,NORMAL,0.0,0.0
1.085,1505.26,1426.65,1.0,NORMAL,0.0,0.0
1.086,1506.12,1420.4,1.0,NORMAL,0.0,0.0
1.087,1503.19,1418.03,1.0,NORMAL,0.0,0.0
1.088,1506.62,1422.59,1.0,NORMAL,0.0,0.0
1.089,1503.0,1424.69,1.0,NORMAL,0.0,0.0
1.09,1505.39,1421.76,1.0,NORMAL,0.0,0.0
1.091,1509.61,1414.68,1.0,NORMAL,0.0,0.0
1.092,1502.2,1420.26,1.0,NORMAL,0.0,0.0
1.093,1496.36,1420.8,1.0,NORMAL,0.0,0.0
1.094,1500.86,1414.52,1.0,NORMAL,0.0,0.0
1.095,1496.39,1420.76,1.0,NORMAL,0.0,0.0
1.096,1503.09,1423.1,1.0,NORMAL,0.0,0.0
1.097,1504.87,1422.79,1.0,NORMAL,0.0,0.0
1.098,1502.72,1426.69,1.0,NORMAL,0.0,0.0
1.099,1501.28,1413.3,1.0,NORMAL,0.0,0.0
1.1,1498.07,1421.25,1.0,NORMAL,0.0,0.0
1.101,1504.41,1417.52,1.0,NORMAL,0.0,0.0
1.102,1501.63,1424.31,1.0,NORMAL,0.0,0.0
1.103,1499.91,1425.1,1.0,NORMAL,0.0,0.0
1.104,1499.36,1413.31,1.0,NORMAL,0.0,0.0
1.105,1498.77,1418.21,1.0,NORMAL,0.0,0.0
1.106,1499.48,1415.13,1.0,NORMAL,0.0,0.0
1.107,1495.98,1419.52,1.0,NORMAL,0.0,0.0
1.108,1502.09,1419.73,1.0,NORMAL,0.0,0.0
1.109,1497.67,1426.53,1.0,NORMAL,0.0,0.0
1.11,1498.71,1422.47,1.0,NORMAL,0.0,0.0
1.111,1495.31,1425.27,1.0,NORMAL,0.0,0.0
1.112,1497.44,1424.8,1.0,NORMAL,0.0,0.0
1.113,1489.18,1414.73,1.0,NORMAL,0.0,0.0
1.114,1492.39,1420.26,1.0,NORMAL,0.0,0.0
1.115,1495.37,1424.76,1.0,NORMAL,0.0,0.0
1.116,1491.22,1426.94,1.0,NORMAL,0.0,0.0
1.117,1502.23,1423.76,1.0,NORMAL,0.0,0.0
1.118,1489.64,1411.43,1.0,NORMAL,0.0,0.0
1.119,1495.42,1422.23,1.0,NORMAL,0.0,0.0
1.12,1499.09,1419.68,1.0,NORMAL,0.0,0.0
1.121,1495.31,1423.53,1.0,NORMAL,0.0,0.0
1.122,1492.7,1416.49,1.0,NORMAL,0.0,0.0
1.123,1491.73,1420.45,1.0,NORMAL,0.0,0.0
1.124,1495.17,1418.42,1.0,NORMAL,0.0,0.0
1.125,1490.53,1426.38,1.0,NORMAL,0.0,0.0
1.126,1492.35,1423.08,1.0,NORMAL,0.0,0.0
1.127,1494.57,1418.76,1.0,NORMAL,0.0,0.0
1.128,1491.37,1416.89,1.0,NORMAL,0.0,0.0
1.129,1492.36,1417.88,1.0,NORMAL,0.0,0.0
1.13,1491.0,1428.39,1.0,NORMAL,0.0,0.0
1.131,1488.82,1419.02,1.0,NORMAL,0.0,0.0
1.132,1495.12,1430.13,1.0,NORMAL,0.0,0.0
1.133,1495.57,1420.91,1.0,NORMAL,0.0,0.0
1.134,1490.29,1414.24,1.0,NORMAL,0.0,0.0
1.135,1490.29,1425.66,1.0,NORMAL,0.0,0.0
1.136,1490.42,1409.74,1.0,NORMAL,0.0,0.0
1.137,1492.44,1420.53,1.0,NORMAL,0.0,0.0
1.138,1487.99,1431.67,1.0,NORMAL,0.0,0.0
1.139,1490.33,1428.44,1.0,NORMAL,0.0,0.0
1.14,1491.28,1427.13,1.0,NORMAL,0.0,0.0
1.141,1492.32,1424.8,1.0,NORMAL,0.0,0.0
1.142,1481.97,1426.04,1.0,NORMAL,0.0,0.0
1.143,1491.45,1415.85,1.0,NORMAL,0.0,0.0
1.144,1491.21,1424.03,1.0,NORMAL,0.0,0.0
1.145,1493.15,1421.92,1.0,NORMAL,0.0,0.0
1.146,1488.5,1426.85,1.0,NORMAL,0.0,0.0
1.147,1488.49,1428.32,1.0,NORMAL,0.0,0.0
1.148,1493.63,1417.74,1.0,NORMAL,0.0,0.0
1.149,1485.32,1412.75,1.0,NORMAL,0.0,0.0
1.15,1494.89,1420.22,1.0,NORMAL,0.0,0.0
1.151,1497.67,1427.54,1.0,NORMAL,0.0,0.0
1.152,1491.45,1412.85,1.0,NORMAL,0.0,0.0
1.153,1492.49,1418.89,1.0,NORMAL,0.0,0.0
1.154,1485.61,1410.24,1.0,NORMAL,0.0,0.0
1.155,1488.04,1416.67,1.0,NORMAL,0.0,0.0
1.156,1493.35,1421.85,1.0,NORMAL,0.0,0.0
1.157,1491.33,1419.82,1.0,NORMAL,0.0,0.0
1.158,1489.77,1415.8,1.0,NORMAL,0.0,0.0
1.159,1491.1,1427.45,1.0,NORMAL,0.0,0.0
1.16,1492.01,1417.91,1.0,NORMAL,0.0,0.0
1.161,1489.71,1410.47,1.0,NORMAL,0.0,0.0
1.162,1490.62,1429.73,1.0,NORMAL,0.0,0.0
1.163,1490.71,1425.34,1.0,NORMAL,0.0,0.0
1.164,1487.79,1421.56,1.0,NORMAL,0.0,0.0
1.165,1492.06,1415.18,1.0,NORMAL,0.0,0.0
1.166,1496.65,1414.7,1.0,NORMAL,0.0,0.0
1.167,1496.59,1420.63,1.0,NORMAL,0.0,0.0
1.168,1487.13,1420.76,1.0,NORMAL,0.0,0.0
1.169,1493.44,1412.82,1.0,NORMAL,0.0,0.0
1.17,1493.94,1415.01,1.0,NORMAL,0.0,0.0
1.171,1490.87,1422.42,1.0,NORMAL,0.0,0.0
1.172,1489.4,1413.7,1.0,NORMAL,0.0,0.0
1.173,1488.54,1425.52,1.0,NORMAL,0.0,0.0
1.174,1491.38,1418.07,1.0,NORMAL,0.0,0.0
1.175,1493.98,1425.7,1.0,NORMAL,0.0,0.0
1.176,1492.68,1417.14,1.0,NORMAL,0.0,0.0
1.177,1491.55,1423.38,1.0,NORMAL,0.0,0.0
1.178,1489.88,1421.22,1.0,NORMAL,0.0,0.0
1.179,1494.92,1428.46,1.0,NORMAL,0.0,0.0
1.18,1497.32,1416.75,1.0,NORMAL,0.0,0.0
1.181,1491.6,1430.4,1.0,NORMAL,0.0,0.0
1.182,1495.99,1427.23,1.0,NORMAL,0.0,0.0
1.183,1489.27,1416.66,1.0,NORMAL,0.0,0.0
1.184,1493.21,1417.09,1.0,NORMAL,0.0,0.0
1.185,1497.65,1421.81,1.0,NORMAL,0.0,0.0
1.186,1492.39,1423.82,1.0,NORMAL,0.0,0.0
1.187,1494.22,1415.15,1.0,NORMAL,0.0,0.0
1.188,1500.57,1413.88,1.0,NORMAL,0.0,0.0
1.189,1494.41,1411.32,1.0,NORMAL,0.0,0.0
1.19,1494.35,1427.65,1.0,NORMAL,0.0,0.0
1.191,1498.94,1419.9,1.0,NORMAL,0.0,0.0
1.192,1503.38,1411.17,1.0,NORMAL,0.0,0.0
1.193,1497.1,1418.6,1.0,NORMAL,0.0,0.0
1.194,1500.43,1424.09,1.0,NORMAL,0.0,0.0
1.195,1502.47,1422.01,1.0,NORMAL,0.0,0.0
1.196,1499.72,1429.47,1.0,NORMAL,0.0,0.0
1.197,1498.25,1421.01,1.0,NORMAL,0.0,0.0
1.198,1496.74,1418.51,1.0,NORMAL,0.0,0.0
1.199,1495.41,1421.46,1.0,NORMAL,0.0,0.0
1.2,1503.34,1427.63,1.0,NORMAL,0.0,0.0
1.201,1500.86,1423.3,1.0,NORMAL,0.0,0.0
1.202,1504.63,1419.37,1.0,NORMAL,0.0,0.0
1.203,1503.91,1414.74,1.0,NORMAL,0.0,0.0
1.204,1499.4,1419.26,1.0,NORMAL,0.0,0.0
1.205,1498.0,1413.47,1.0,NORMAL,0.0,0.0
1.206,1503.11,1422.1,1.0,NORMAL,0.0,0.0
1.207,1500.28,1422.05,1.0,NORMAL,0.0,0.0
1.208,1503.62,1415.04,1.0,NORMAL,0.0,0.0
1.209,1500.6,1416.02,1.0,NORMAL,0.0,0.0
1.21,1500.51,1424.17,1.0,NORMAL,0.0,0.0
1.211,1502.96,1419.79,1.0,NORMAL,0.0,0.0
1.212,1506.48,1422.72,1.0,NORMAL,0.0,0.0
1.213,1504.89,1417.03,1.0,NORMAL,0.0,0.0
1.214,1507.79,1416.0,1.0,NORMAL,0.0,0.0
1.215,1500.84,1418.52,1.0,NORMAL,0.0,0.0
1.216,1501.65,1414.11,1.0,NORMAL,0.0,0.0
1.217,1504.82,1417.12,1.0,NORMAL,0.0,0.0
1.218,1511.86,1424.75,1.0,NORMAL,0.0,0.0
1.219,1507.64,1416.82,1.0,NORMAL,0.0,0.0
1.22,1502.68,1427.86,1.0,NORMAL,0.0,0.0
1.221,1505.9,1424.74,1.0,NORMAL,0.0,0.0
1.222,1507.04,1424.44,1.0,NORMAL,0.0,0.0
1.223,1504.91,1421.72,1.0,NORMAL,0.0,0.0
1.224,1508.69,1416.44,1.0,NORMAL,0.0,0.0
1.225,1506.6,1414.54,1.0,NORMAL,0.0,0.0
1.226,1506.39,1414.3,1.0,NORMAL,0.0,0.0
1.227,1511.28,1421.02,1.0,NORMAL,0.0,0.0
1.228,1502.58,1432.01,1.0,NORMAL,0.0,0.0
1.229,1505.02,1422.38,1.0,NORMAL,0.0,0.0
1.23,1505.64,1427.51,1.0,NORMAL,0.0,0.0
1.231,1505.73,1419.25,1.0,NORMAL,0.0,0.0
1.232,1506.26,1417.11,1.0,NORMAL,0.0,0.0
1.233,1510.07,1423.99,1.0,NORMAL,0.0,0.0
1.234,1512.05,1417.54,1.0,NORMAL,0.0,0.0
1.235,1511.66,1418.55,1.0,NORMAL,0.0,0.0
1.236,1505.99,1420.49,1.0,NORMAL,0.0,0.0
1.237,1508.86,1414.63,1.0,NORMAL,0.0,0.0
1.238,1510.65,1421.28,1.0,NORMAL,0.0,0.0
1.239,1510.13,1419.31,1.0,NORMAL,0.0,0.0
1.24,1513.43,1413.48,1.0,NORMAL,0.0,0.0
1.241,1507.58,1420.22,1.0,NORMAL,0.0,0.0
1.242,1510.15,1423.57,1.0,NORMAL,0.0,0.0
1.243,1508.58,1415.96,1.0,NORMAL,0.0,0.0
1.244,1510.58,1431.56,1.0,NORMAL,0.0,0.0
1.245,1506.64,1413.66,1.0,NORMAL,0.0,0.0
1.246,1507.13,1415.65,1.0,NORMAL,0.0,0.0
1.247,1507.77,1422.93,1.0,NORMAL,0.0,0.0
1.248,1508.29,1420.31,1.0,NORMAL,0.0,0.0
1.249,1514.64,1415.18,1.0,NORMAL,0.0,0.0
1.25,1513.53,1423.55,1.0,NORMAL,0.0,0.0
1.251,1509.36,1414.19,1.0,NORMAL,0.0,0.0
1.252,1510.5,1423.78,1.0,NORMAL,0.0,0.0
1.253,1505.17,1426.13,1.0,NORMAL,0.0,0.0
1.254,1509.38,1423.26,1.0,NORMAL,0.0,0.0
1.255,1510.36,1420.97,1.0,NORMAL,0.0,0.0
1.256,1513.26,1416.72,1.0,NORMAL,0.0,0.0
1.257,1510.74,1415.31,1.0,NORMAL,0.0,0.0
1.258,1510.98,1423.77,1.0,NORMAL,0.0,0.0
1.259,1510.5,1423.85,1.0,NORMAL,0.0,0.0
1.26,1510.32,1417.11,1.0,NORMAL,0.0,0.0
1.261,1505.22,1421.0,1.0,NORMAL,0.0,0.0
1.262,1508.05,1430.25,1.0,NORMAL,0.0,0.0
1.263,1513.48,1418.02,1.0,NORMAL,0.0,0.0
1.264,1511.52,1422.15,1.0,NORMAL,0.0,0.0
1.265,1510.39,1421.9,1.0,NORMAL,0.0,0.0
1.266,1508.96,1423.37,1.0,NORMAL,0.0,0.0
1.267,1510.59,1428.74,1.0,NORMAL,0.0,0.0
1.268,1505.61,1426.26,1.0,NORMAL,0.0,0.0
1.269,1503.53,1415.79,1.0,NORMAL,0.0,0.0
1.27,1506.94,1421.12,1.0,NORMAL,0.0,0.0
1.271,1509.52,1409.04,1.0,NORMAL,0.0,0.0
1.272,1508.03,1418.21,1.0,NORMAL,0.0,0.0
1.273,1510.54,1410.43,1.0,NORMAL,0.0,0.0
1.274,1508.34,1413.19,1.0,NORMAL,0.0,0.0
1.275,1507.21,1421.59,1.0,NORMAL,0.0,0.0
1.276,1510.83,1431.02,1.0,NORMAL,0.0,0.0
1.277,1510.01,1422.39,1.0,NORMAL,0.0,0.0
1.278,1506.08,1428.84,1.0,NORMAL,0.0,0.0
1.279,1502.82,1408.97,1.0,NORMAL,0.0,0.0
1.28,1503.16,1414.11,1.0,NORMAL,0.0,0.0
1.281,1505.14,1415.99,1.0,NORMAL,0.0,0.0
1.282,1504.26,1416.35,1.0,NORMAL,0.0,0.0
1.283,1510.06,1424.92,1.0,NORMAL,0.0,0.0
1.284,1499.78,1414.72,1.0,NORMAL,0.0,0.0
1.285,1504.35,1415.31,1.0,NORMAL,0.0,0.0
1.286,1501.06,1416.49,1.0,NORMAL,0.0,0.0
1.287,1504.32,1408.77,1.0,NORMAL,0.0,0.0
1.288,1504.83,1417.77,1.0,NORMAL,0.0,0.0
1.289,1502.17,1422.0,1.0,NORMAL,0.0,0.0
1.29,1504.68,1418.69,1.0,NORMAL,0.0,0.0
1.291,1502.19,1420.09,1.0,NORMAL,0.0,0.0
1.292,1501.95,1420.9,1.0,NORMAL,0.0,0.0
1.293,1500.93,1417.42,1.0,NORMAL,0.0,0.0
1.294,1503.83,1417.84,1.0,NORMAL,0.0,0.0
1.295,1501.98,1418.79,1.0,NORMAL,0.0,0.0
1.296,1505.97,1420.53,1.0,NORMAL,0.0,0.0
1.297,1504.75,1417.35,1.0,NORMAL,0.0,0.0
1.298,1502.29,1413.91,1.0,NORMAL,0.0,0.0
1.299,1493.84,1421.63,1.0,NORMAL,0.0,0.0
1.3,1495.55,1411.88,1.0,NORMAL,0.0,0.0
1.301,1502.64,1416.42,1.0,NORMAL,0.0,0.0
1.302,1497.95,1417.6,1.0,NORMAL,0.0,0.0
1.303,1499.76,1415.18,1.0,NORMAL,0.0,0.0
1.304,1496.86,1415.83,1.0,NORMAL,0.0,0.0
1.305,1499.99,1422.78,1.0,NORMAL,0.0,0.0
1.306,1501.0,1428.66,1.0,NORMAL,0.0,0.0
1.307,1494.19,1412.1,1.0,NORMAL,0.0,0.0
1.308,1495.07,1417.84,1.0,NORMAL,0.0,0.0
1.309,1492.22,1420.4,1.0,NORMAL,0.0,0.0
1.31,1497.61,1420.48,1.0,NORMAL,0.0,0.0
1.311,1491.62,1411.69,1.0,NORMAL,0.0,0.0
1.312,1495.22,1420.48,1.0,NORMAL,0.0,0.0
1.313,1497.59,1420.0,1.0,NORMAL,0.0,0.0
1.314,1501.92,1422.52,1.0,NORMAL,0.0,0.0
1.315,1496.57,1414.14,1.0,NORMAL,0.0,0.0
1.316,1498.94,1419.73,1.0,NORMAL,0.0,0.0
1.317,1495.69,1415.61,1.0,NORMAL,0.0,0.0
1.318,1495.57,1421.41,1.0,NORMAL,0.0,0.0
1.319,1493.75,1428.38,1.0,NORMAL,0.0,0.0
1.32,1492.97,1424.03,1.0,NORMAL,0.0,0.0
1.321,1497.39,1417.64,1.0,NORMAL,0.0,0.0
1.322,1494.75,1421.29,1.0,NORMAL,0.0,0.0
1.323,1494.4,1420.92,1.0,NORMAL,0.0,0.0
1.324,1491.33,1413.41,1.0,NORMAL,0.0,0.0
1.325,1491.89,1430.71,1.0,NORMAL,0.0,0.0
1.326,1498.91,1422.91,1.0,NORMAL,0.0,0.0
1.327,1492.3,1424.92,1.0,NORMAL,0.0,0.0
1.328,1496.27,1416.03,1.0,NORMAL,0.0,0.0
1.329,1490.54,1413.82,1.0,NORMAL,0.0,0.0
1.33,1494.31,1417.41,1.0,NORMAL,0.0,0.0
1.331,1492.6,1420.49,1.0,NORMAL,0.0,0.0
1.332,1490.35,1419.13,1.0,NORMAL,0.0,0.0
1.333,1493.34,1414.82,1.0,NORMAL,0.0,0.0
1.334,1486.61,1423.74,1.0,NORMAL,0.0,0.0
1.335,1492.81,1417.04,1.0,NORMAL,0.0,0.0
1.336,1493.31,1427.08,1.0,NORMAL,0.0,0.0
1.337,1491.64,1419.03,1.0,NORMAL,0.0,0.0
1.338,1494.64,1418.21,1.0,NORMAL,0.0,0.0
1.339,1490.39,1419.13,1.0,NORMAL,0.0,0.0
1.34,1490.04,1419.48,1.0,NORMAL,0.0,0.0
1.341,1491.46,1421.45,1.0,NORMAL,0.0,0.0
1.342,1492.92,1414.22,1.0,NORMAL,0.0,0.0
1.343,1491.95,1429.3,1.0,NORMAL,0.0,0.0
1.344,1489.5,1423.85,1.0,NORMAL,0.0,0.0
1.345,1487.14,1426.67,1.0,NORMAL,0.0,0.0
1.346,1492.07,1413.93,1.0,NORMAL,0.0,0.0
1.347,1487.68,1422.03,1.0,NORMAL,0.0,0.0
1.348,1487.56,1424.72,1.0,NORMAL,0.0,0.0
1.349,1488.04,1427.41,1.0,NORMAL,0.0,0.0
1.35,1490.17,1411.27,1.0,NORMAL,0.0,0.0
1.351,1487.62,1415.54,1.0,NORMAL,0.0,0.0
1.352,1486.61,1418.26,1.0,NORMAL,0.0,0.0
1.353,1488.07,1421.79,1.0,NORMAL,0.0,0.0
1.354,1489.53,1414.34,1.0,NORMAL,0.0,0.0
1.355,1491.49,1426.13,1.0,NORMAL,0.0,0.0
1.356,1490.38,1414.97,1.0,NORMAL,0.0,0.0
1.357,1487.0,1410.22,1.0,NORMAL,0.0,0.0
1.358,1491.0,1420.77,1.0,NORMAL,0.0,0.0
1.359,1491.37,1417.75,1.0,NORMAL,0.0,0.0
1.36,1489.12,1420.3,1.0,NORMAL,0.0,0.0
1.361,1488.2,1419.29,1.0,NORMAL,0.0,0.0
1.362,1488.31,1426.98,1.0,NORMAL,0.0,0.0
1.363,1489.23,1423.33,1.0,NORMAL,0.0,0.0
1.364,1497.59,1419.49,1.0,NORMAL,0.0,0.0
1.365,1488.42,1413.26,1.0,NORMAL,0.0,0.0
1.366,1492.03,1417.73,1.0,NORMAL,0.0,0.0
1.367,1489.25,1417.67,1.0,NORMAL,0.0,0.0
1.368,1490.04,1412.37,1.0,NORMAL,0.0,0.0
1.369,1489.61,1423.91,1.0,NORMAL,0.0,0.0
1.37,1494.31,1413.06,1.0,NORMAL,0.0,0.0
1.371,1493.24,1413.03,1.0,NORMAL,0.0,0.0
1.372,1491.91,1416.26,1.0,NORMAL,0.0,0.0
1.373,1494.01,1414.25,1.0,NORMAL,0.0,0.0
1.374,1494.94,1418.0,1.0,NORMAL,0.0,0.0
1.375,1490.38,1412.83,1.0,NORMAL,0.0,0.0
1.376,1494.8,1418.15,1.0,NORMAL,0.0,0.0
1.377,1491.23,1418.58,1.0,NORMAL,0.0,0.0
1.378,1496.14,1421.87,1.0,NORMAL,0.0,0.0
1.379,1496.09,1421.32,1.0,NORMAL,0.0,0.0
1.38,1495.33,1418.88,1.0,NORMAL,0.0,0.0
1.381,1493.75,1421.69,1.0,NORMAL,0.0,0.0
1.382,1493.06,1418.64,1.0,NORMAL,0.0,0.0
1.383,1494.12,1426.83,1.0,NORMAL,0.0,0.0
1.384,1497.49,1416.31,1.0,NORMAL,0.0,0.0
1.385,1493.41,1417.17,1.0,NORMAL,0.0,0.0
1.386,1495.89,1420.0,1.0,NORMAL,0.0,0.0
1.387,1490.79,1416.18,1.0,NORMAL,0.0,0.0
1.388,1497.1,1426.43,1.0,NORMAL,0.0,0.0
1.389,1493.51,1423.13,1.0,NORMAL,0.0,0.0
1.39,1492.96,1423.47,1.0,NORMAL,0.0,0.0
1.391,1498.77,1422.64,1.0,NORMAL,0.0,0.0
1.392,1498.14,1423.6,1.0,NORMAL,0.0,0.0
1.393,1496.49,1416.47,1.0,NORMAL,0.0,0.0
1.394,1497.22,1422.5,1.0,NORMAL,0.0,0.0
1.395,1505.25,1414.62,1.0,NORMAL,0.0,0.0
1.396,1498.16,1415.29,1.0,NORMAL,0.0,0.0
1.397,1498.46,1421.89,1.0,NORMAL,0.0,0.0
1.398,1501.33,1419.76,1.0,NORMAL,0.0,0.0
1.399,1499.95,1421.27,1.0,NORMAL,0.0,0.0
1.4,1502.96,1417.13,1.0,NORMAL,0.0,0.0
1.401,1501.15,1416.28,1.0,NORMAL,0.0,0.0
1.402,1502.91,1418.21,1.0,NORMAL,0.0,0.0
1.403,1502.27,1420.3,1.0,NORMAL,0.0,0.0
1.404,1503.19,1418.3,1.0,NORMAL,0.0,0.0
1.405,1501.44,1424.14,1.0,NORMAL,0.0,0.0
1.406,1502.54,1418.4,1.0,NORMAL,0.0,0.0
1.407,1501.37,1412.0,1.0,NORMAL,0.0,0.0
1.408,1504.3,1422.15,1.0,NORMAL,0.0,0.0
1.409,1498.75,1425.82,1.0,NORMAL,0.0,0.0
1.41,1505.27,1422.3,1.0,NORMAL,0.0,0.0
1.411,1506.38,1424.26,1.0,NORMAL,0.0,0.0
1.412,1505.91,1415.79,1.0,NORMAL,0.0,0.0
1.413,1503.66,1421.66,1.0,NORMAL,0.0,0.0
1.414,1505.77,1422.9,1.0,NORMAL,0.0,0.0
1.415,1502.21,1419.75,1.0,NORMAL,0.0,0.0
1.416,1507.33,1413.77,1.0,NORMAL,0.0,0.0
1.417,1501.79,1420.55,1.0,NORMAL,0.0,0.0
1.418,1507.14,1426.85,1.0,NORMAL,0.0,0.0
1.419,1507.22,1417.53,1.0,NORMAL,0.0,0.0
1.42,1507.1,1430.69,1.0,NORMAL,0.0,0.0
1.421,1504.79,1419.1,1.0,NORMAL,0.0,0.0
1.422,1508.65,1421.84,1.0,NORMAL,0.0,0.0
1.423,1501.1,1414.93,1.0,NORMAL,0.0,0.0
1.424,1509.18,1409.16,1.0,NORMAL,0.0,0.0
1.425,1507.65,1424.55,1.0,NORMAL,0.0,0.0
1.426,1510.44,1423.04,1.0,NORMAL,0.0,0.0
1.427,1508.1,1405.62,1.0,NORMAL,0.0,0.0
1.428,1513.22,1418.86,1.0,NORMAL,0.0,0.0
1.429,1505.08,1417.95,1.0,NORMAL,0.0,0.0
1.43,1509.92,1424.43,1.0,NORMAL,0.0,0.0
1.431,1505.61,1423.51,1.0,NORMAL,0.0,0.0
1.432,1508.06,1415.18,1.0,NORMAL,0.0,0.0
1.433,1510.83,1424.87,1.0,NORMAL,0.0,0.0
1.434,1510.64,1419.81,1.0,NORMAL,0.0,0.0
1.435,1515.15,1420.52,1.0,NORMAL,0.0,0.0
1.436,1507.99,1422.28,1.0,NORMAL,0.0,0.0
1.437,1513.04,1424.31,1.0,NORMAL,0.0,0.0
1.438,1508.53,1411.2,1.0,NORMAL,0.0,0.0
1.439,1507.31,1415.46,1.0,NORMAL,0.0,0.0
1.44,1504.64,1413.15,1.0,NORMAL,0.0,0.0
1.441,1510.09,1422.75,1.0,NORMAL,0.0,0.0
1.442,1508.12,1431.26,1.0,NORMAL,0.0,0.0
1.443,1512.3,1414.45,1.0,NORMAL,0.0,0.0
1.444,1508.24,1415.84,1.0,NORMAL,0.0,0.0
1.445,1508.45,1423.61,1.0,NORMAL,0.0,0.0
1.446,1510.99,1425.81,1.0,NORMAL,0.0,0.0
1.447,1515.12,1422.62,1.0,NORMAL,0.0,0.0
1.448,1506.71,1421.57,1.0,NORMAL,0.0,0.0
1.449,1513.05,1412.74,1.0,NORMAL,0.0,0.0
1.45,1512.62,1418.35,1.0,NORMAL,0.0,0.0
1.451,1509.33,1419.61,1.0,NORMAL,0.0,0.0
1.452,1512.01,1428.7,1.0,NORMAL,0.0,0.0
1.453,1509.1,1419.42,1.0,NORMAL,0.0,0.0
1.454,1517.04,1419.45,1.0,NORMAL,0.0,0.0
1.455,1509.54,1418.92,1.0,NORMAL,0.0,0.0
1.456,1510.06,1414.65,1.0,NORMAL,0.0,0.0
1.457,1508.78,1430.14,1.0,NORMAL,0.0,0.0
1.458,1504.61,1415.83,1.0,NORMAL,0.0,0.0
1.459,1508.81,1415.33,1.0,NORMAL,0.0,0.0
1.46,1510.21,1421.65,1.0,NORMAL,0.0,0.0
1.461,1513.91,1415.52,1.0,NORMAL,0.0,0.0
1.462,1510.77,1422.07,1.0,NORMAL,0.0,0.0
1.463,1508.61,1427.11,1.0,NORMAL,0.0,0.0
1.464,1509.23,1414.01,1.0,NORMAL,0.0,0.0
1.465,1509.89,1418.2,1.0,NORMAL,0.0,0.0
1.466,1507.63,1417.5,1.0,NORMAL,0.0,0.0
1.467,1510.65,1421.42,1.0,NORMAL,0.0,0.0
1.468,1513.32,1423.92,1.0,NORMAL,0.0,0.0
1.469,1507.18,1414.92,1.0,NORMAL,0.0,0.0
1.47,1511.71,1420.21,1.0,NORMAL,0.0,0.0
1.471,1510.53,1417.21,1.0,NORMAL,0.0,0.0
1.472,1509.32,1421.61,1.0,NORMAL,0.0,0.0
1.473,1507.84,1415.11,1.0,NORMAL,0.0,0.0
1.474,1508.3,1419.35,1.0,NORMAL,0.0,0.0
1.475,1506.42,1423.6,1.0,NORMAL,0.0,0.0
1.476,1512.36,1419.75,1.0,NORMAL,0.0,0.0
1.477,1504.46,1423.55,1.0,NORMAL,0.0,0.0
1.478,1509.78,1419.09,1.0,NORMAL,0.0,0.0
1.479,1510.78,1424.19,1.0,NORMAL,0.0,0.0
1.48,1504.91,1414.51,1.0,NORMAL,0.0,0.0
1.481,1509.12,1415.29,1.0,NORMAL,0.0,0.0
1.482,1505.79,1428.35,1.0,NORMAL,0.0,0.0
1.483,1505.28,1420.34,1.0,NORMAL,0.0,0.0
1.484,1504.59,1428.15,1.0,NORMAL,0.0,0.0
1.485,1499.7,1426.92,1.0,NORMAL,0.0,0.0
1.486,1505.9,1421.42,1.0,NORMAL,0.0,0.0
1.487,1508.3,1414.63,1.0,NORMAL,0.0,0.0
1.488,1501.57,1423.31,1.0,NORMAL,0.0,0.0
1.489,1505.93,1416.73,1.0,NORMAL,0.0,0.0
1.49,1502.83,1416.99,1.0,NORMAL,0.0,0.0
1.491,1499.51,1415.36,1.0,NORMAL,0.0,0.0
1.492,1505.48,1418.67,1.0,NORMAL,0.0,0.0
1.493,1507.24,1419.12,1.0,NORMAL,0.0,0.0
1.494,1499.49,1416.69,1.0,NORMAL,0.0,0.0
1.495,1502.21,1412.62,1.0,NORMAL,0.0,0.0
1.496,1496.93,1419.38,1.0,NORMAL,0.0,0.0
1.497,1500.82,1413.22,1.0,NORMAL,0.0,0.0
1.498,1502.09,1422.59,1.0,NORMAL,0.0,0.0
1.499,1505.57,1416.28,1.0,NORMAL,0.0,0.0
1.5,1504.67,1410.87,1.0,NORMAL,0.0,0.0
1.501,1504.61,1413.72,1.0,NORMAL,0.0,0.0
1.502,1497.79,1420.07,1.0,NORMAL,0.0,0.0
1.503,1498.32,1421.89,1.0,NORMAL,0.0,0.0
1.504,1493.75,1421.43,1.0,NORMAL,0.0,0.0
1.505,1496.29,1413.95,1.0,NORMAL,0.0,0.0
1.506,1493.77,1424.59,1.0,NORMAL,0.0,0.0
1.507,1498.92,1425.32,1.0,NORMAL,0.0,0.0
1.508,1495.42,1424.28,1.0,NORMAL,0.0,0.0
1.509,1493.91,1424.01,1.0,NORMAL,0.0,0.0
1.51,1495.84,1420.65,1.0,NORMAL,0.0,0.0
1.511,1493.06,1423.16,1.0,NORMAL,0.0,0.0
1.512,1497.25,1427.09,1.0,NORMAL,0.0,0.0
1.513,1496.88,1420.79,1.0,NORMAL,0.0,0.0
1.514,1494.8,1418.87,1.0,NORMAL,0.0,0.0
1.515,1493.27,1416.48,1.0,NORMAL,0.0,0.0
1.516,1491.16,1413.44,1.0,NORMAL,0.0,0.0
1.517,1496.58,1428.74,1.0,NORMAL,0.0,0.0
1.518,1495.33,1421.65,1.0,NORMAL,0.0,0.0
1.519,1495.77,1428.59,1.0,NORMAL,0.0,0.0
1.52,1493.2,1424.15,1.0,NORMAL,0.0,0.0
1.521,1493.22,1423.51,1.0,NORMAL,0.0,0.0
1.522,1497.95,1428.58,1.0,NORMAL,0.0,0.0
1.523,1491.59,1420.27,1.0,NORMAL,0.0,0.0
1.524,1492.22,1417.87,1.0,NORMAL,0.0,0.0
1.525,1495.16,1414.49,1.0,NORMAL,0.0,0.0
1.526,1493.62,1415.94,1.0,NORMAL,0.0,0.0
1.527,1486.36,1414.06,1.0,NORMAL,0.0,0.0
1.528,1487.23,1418.87,1.0,NORMAL,0.0,0.0
1.529,1490.12,1412.38,1.0,NORMAL,0.0,0.0
1.53,1494.64,1411.85,1.0,NORMAL,0.0,0.0
1.531,1493.74,1410.28,1.0,NORMAL,0.0,0.0
1.532,1493.12,1416.67,1.0,NORMAL,0.0,0.0
1.533,1493.28,1418.78,1.0,NORMAL,0.0,0.0
1.534,1488.33,1410.19,1.0,NORMAL,0.0,0.0
1.535,1492.89,1417.12,1.0,NORMAL,0.0,0.0
1.536,1488.19,1427.52,1.0,NORMAL,0.0,0.0
1.537,1493.66,1426.63,1.0,NORMAL,0.0,0.0
1.538,1489.17,1420.74,1.0,NORMAL,0.0,0.0
1.539,1491.44,1417.54,1.0,NORMAL,0.0,0.0
1.54,1484.87,1414.91,1.0,NORMAL,0.0,0.0
1.541,1486.35,1419.24,1.0,NORMAL,0.0,0.0
1.542,1493.59,1419.55,1.0,NORMAL,0.0,0.0
1.543,1492.32,1424.44,1.0,NORMAL,0.0,0.0
1.544,1486.52,1422.54,1.0,NORMAL,0.0,0.0
1.545,1493.98,1420.55,1.0,NORMAL,0.0,0.0
1.546,1486.81,1419.73,1.0,NORMAL,0.0,0.0
1.547,1490.1,1415.57,1.0,NORMAL,0.0,0.0
1.548,1488.58,1408.03,1.0,NORMAL,0.0,0.0
1.549,1487.23,1423.25,1.0,NORMAL,0.0,0.0
1.55,1493.5,1416.67,1.0,NORMAL,0.0,0.0
1.551,1495.06,1424.54,1.0,NORMAL,0.0,0.0
1.552,1490.55,1418.4,1.0,NORMAL,0.0,0.0
1.553,1494.62,1419.08,1.0,NORMAL,0.0,0.0
1.554,1489.24,1416.17,1.0,NORMAL,0.0,0.0
1.555,1490.45,1426.32,1.0,NORMAL,0.0,0.0
1.556,1490.57,1420.56,1.0,NORMAL,0.0,0.0
1.557,1486.77,1414.11,1.0,NORMAL,0.0,0.0
1.558,1491.81,1417.41,1.0,NORMAL,0.0,0.0
1.559,1492.53,1412.38,1.0,NORMAL,0.0,0.0
1.56,1489.97,1419.88,1.0,NORMAL,0.0,0.0
1.561,1485.52,1413.05,1.0,NORMAL,0.0,0.0
1.562,1491.81,1412.39,1.0,NORMAL,0.0,0.0
1.563,1486.28,1430.14,1.0,NORMAL,0.0,0.0
1.564,1488.52,1430.55,1.0,NORMAL,0.0,0.0
1.565,1491.48,1419.82,1.0,NORMAL,0.0,0.0
1.566,1488.93,1425.93,1.0,NORMAL,0.0,0.0
1.567,1492.15,1417.32,1.0,NORMAL,0.0,0.0
1.568,1490.88,1416.96,1.0,NORMAL,0.0,0.0
1.569,1486.84,1422.79,1.0,NORMAL,0.0,0.0
1.57,1492.41,1423.63,1.0,NORMAL,0.0,0.0
1.571,1493.86,1419.47,1.0,NORMAL,0.0,0.0
1.572,1495.33,1426.45,1.0,NORMAL,0.0,0.0
1.573,1491.4,1427.29,1.0,NORMAL,0.0,0.0
1.574,1492.53,1424.89,1.0,NORMAL,0.0,0.0
1.575,1488.44,1419.89,1.0,NORMAL,0.0,0.0
1.576,1499.05,1428.55,1.0,NORMAL,0.0,0.0
1.577,1497.9,1426.62,1.0,NORMAL,0.0,0.0
1.578,1493.53,1417.75,1.0,NORMAL,0.0,0.0
1.579,1493.5,1421.2,1.0,NORMAL,0.0,0.0
1.58,1485.33,1421.13,1.0,NORMAL,0.0,0.0
1.581,1497.48,1408.01,1.0,NORMAL,0.0,0.0
1.582,1496.33,1417.76,1.0,NORMAL,0.0,0.0
1.583,1497.35,1420.99,1.0,NORMAL,0.0,0.0
1.584,1493.97,1423.14,1.0,NORMAL,0.0,0.0
1.585,1494.05,1425.53,1.0,NORMAL,0.0,0.0
1.586,1492.04,1422.13,1.0,NORMAL,0.0,0.0
1.587,1498.36,1414.7,1.0,NORMAL,0.0,0.0
1.588,1500.08,1419.25,1.0,NORMAL,0.0,0.0
1.589,1499.98,1429.14,1.0,NORMAL,0.0,0.0
1.59,1497.47,1427.34,1.0,NORMAL,0.0,0.0
1.591,1496.23,1418.39,1.0,NORMAL,0.0,0.0
1.592,1494.36,1419.5,1.0,NORMAL,0.0,0.0
1.593,1495.71,1423.5,1.0,NORMAL,0.0,0.0
1.594,1499.53,1415.28,1.0,NORMAL,0.0,0.0
1.595,1497.58,1420.51,1.0,NORMAL,0.0,0.0
1.596,1503.67,1425.13,1.0,NORMAL,0.0,0.0
1.597,1502.52,1414.96,1.0,NORMAL,0.0,0.0
1.598,1497.57,1426.82,1.0,NORMAL,0.0,0.0
1.599,1496.04,1419.66,1.0,NORMAL,0.0,0.0
1.6,1498.35,1417.32,1.0,NORMAL,0.0,0.0
1.601,1503.51,1411.7,1.0,NORMAL,0.0,0.0
1.602,1499.06,1421.86,1.0,NORMAL,0.0,0.0
1.603,1502.58,1421.67,1.0,NORMAL,0.0,0.0
1.604,1499.56,1413.66,1.0,NORMAL,0.0,0.0
1.605,1502.59,1408.34,1.0,NORMAL,0.0,0.0
1.606,1503.46,1417.88,1.0,NORMAL,0.0,0.0
1.607,1505.14,1412.52,1.0,NORMAL,0.0,0.0
1.608,1506.79,1410.26,1.0,NORMAL,0.0,0.0
1.609,1506.72,1419.87,1.0,NORMAL,0.0,0.0
1.61,1501.5,1418.39,1.0,NORMAL,0.0,0.0
1.611,1502.95,1415.59,1.0,NORMAL,0.0,0.0
1.612,1500.16,1414.79,1.0,NORMAL,0.0,0.0
1.613,1503.26,1421.53,1.0,NORMAL,0.0,0.0
1.614,1504.33,1420.77,1.0,NORMAL,0.0,0.0
1.615,1503.33,1426.01,1.0,NORMAL,0.0,0.0
1.616,1503.31,1419.14,1.0,NORMAL,0.0,0.0
1.617,1508.19,1410.03,1.0,NORMAL,0.0,0.0
1.618,1508.08,1416.47,1.0,NORMAL,0.0,0.0
1.619,1506.82,1415.08,1.0,NORMAL,0.0,0.0
1.62,1502.05,1419.12,1.0,NORMAL,0.0,0.0
1.621,1506.73,1413.16,1.0,NORMAL,0.0,0.0
1.622,1505.22,1413.05,1.0,NORMAL,0.0,0.0
1.623,1510.56,1413.66,1.0,NORMAL,0.0,0.0
1.624,1501.44,1418.36,1.0,NORMAL,0.0,0.0
1.625,1505.39,1423.15,1.0,NORMAL,0.0,0.0
1.626,1505.53,1417.76,1.0,NORMAL,0.0,0.0
1.627,1506.1,1418.06,1.0,NORMAL,0.0,0.0
1.628,1510.58,1426.94,1.0,NORMAL,0.0,0.0
1.629,1500.84,1426.48,1.0,NORMAL,0.0,0.0
1.63,1507.47,1419.29,1.0,NORMAL,0.0,0.0
1.631,1510.82,1415.75,1.0,NORMAL,0.0,0.0
1.632,1511.38,1423.4,1.0,NORMAL,0.0,0.0
1.633,1506.96,1420.02,1.0,NORMAL,0.0,0.0
1.634,1506.72,1426.7,1.0,NORMAL,0.0,0.0
1.635,1509.95,1421.52,1.0,NORMAL,0.0,0.0
1.636,1509.5,1416.61,1.0,NORMAL,0.0,0.0
1.637,1509.39,1416.7,1.0,NORMAL,0.0,0.0
1.638,1497.89,1424.33,1.0,NORMAL,0.0,0.0
1.639,1506.03,1417.91,1.0,NORMAL,0.0,0.0
1.64,1506.92,1415.79,1.0,NORMAL,0.0,0.0
1.641,1511.53,1429.0,1.0,NORMAL,0.0,0.0
1.642,1505.36,1414.33,1.0,NORMAL,0.0,0.0
1.643,1506.62,1413.49,1.0,NORMAL,0.0,0.0
1.644,1509.36,1422.19,1.0,NORMAL,0.0,0.0
1.645,1506.01,1417.6,1.0,NORMAL,0.0,0.0
1.646,1511.85,1421.66,1.0,NORMAL,0.0,0.0
1.647,1508.78,1418.36,1.0,NORMAL,0.0,0.0
1.648,1515.48,1420.71,1.0,NORMAL,0.0,0.0
1.649,1508.11,1419.73,1.0,NORMAL,0.0,0.0
1.65,1508.27,1417.08,1.0,NORMAL,0.0,0.0
1.651,1512.41,1423.77,1.0,NORMAL,0.0,0.0
1.652,1508.01,1418.53,1.0,NORMAL,0.0,0.0
1.653,1514.49,1420.52,1.0,NORMAL,0.0,0.0
1.654,1511.37,1422.36,1.0,NORMAL,0.0,0.0
1.655,1508.97,1416.61,1.0,NORMAL,0.0,0.0
1.656,1509.34,1419.79,1.0,NORMAL,0.0,0.0
1.657,1518.31,1425.07,1.0,NORMAL,0.0,0.0
1.658,1511.15,1419.59,1.0,NORMAL,0.0,0.0
1.659,1510.05,1422.33,1.0,NORMAL,0.0,0.0
1.66,1509.11,1419.1,1.0,NORMAL,0.0,0.0
1.661,1512.52,1422.18,1.0,NORMAL,0.0,0.0
1.662,1504.74,1417.34,1.0,NORMAL,0.0,0.0
1.663,1508.63,1420.12,1.0,NORMAL,0.0,0.0
1.664,1500.55,1424.59,1.0,NORMAL,0.0,0.0
1.665,1507.31,1426.7,1.0,NORMAL,0.0,0.0
1.666,1511.31,1419.15,1.0,NORMAL,0.0,0.0
1.667,1512.75,1419.66,1.0,NORMAL,0.0,0.0
1.668,1510.26,1419.57,1.0,NORMAL,0.0,0.0
1.669,1510.19,1423.81,1.0,NORMAL,0.0,0.0
1.67,1502.94,1410.51,1.0,NORMAL,0.0,0.0
1.671,1505.87,1426.26,1.0,NORMAL,0.0,0.0
1.672,1512.13,1413.87,1.0,NORMAL,0.0,0.0
1.673,1505.93,1417.68,1.0,NORMAL,0.0,0.0
1.674,1506.88,1424.8,1.0,NORMAL,0.0,0.0
1.675,1504.65,1419.94,1.0,NORMAL,0.0,0.0
1.676,1504.04,1420.22,1.0,NORMAL,0.0,0.0
1.677,1505.2,1420.85,1.0,NORMAL,0.0,0.0
1.678,1504.39,1421.43,1.0,NORMAL,0.0,0.0
1.679,1509.0,1418.79,1.0,NORMAL,0.0,0.0
1.68,1506.52,1419.28,1.0,NORMAL,0.0,0.0
1.681,1508.68,1425.79,1.0,NORMAL,0.0,0.0
1.682,1501.2,1425.48,1.0,NORMAL,0.0,0.0
1.683,1508.77,1431.45,1.0,NORMAL,0.0,0.0
1.684,1504.88,1427.48,1.0,NORMAL,0.0,0.0
1.685,1510.06,1423.42,1.0,NORMAL,0.0,0.0
1.686,1504.1,1424.25,1.0,NORMAL,0.0,0.0
1.687,1499.49,1422.9,1.0,NORMAL,0.0,0.0
1.688,1507.53,1420.88,1.0,NORMAL,0.0,0.0
1.689,1502.98,1413.8,1.0,NORMAL,0.0,0.0
1.69,1496.63,1421.63,1.0,NORMAL,0.0,0.0
1.691,1503.23,1416.65,1.0,NORMAL,0.0,0.0
1.692,1503.18,1422.4,1.0,NORMAL,0.0,0.0
1.693,1505.41,1424.67,1.0,NORMAL,0.0,0.0
1.694,1491.11,1412.3,1.0,NORMAL,0.0,0.0
1.695,1505.01,1424.37,1.0,NORMAL,0.0,0.0
1.696,1499.83,1419.0,1.0,NORMAL,0.0,0.0
1.697,1506.72,1424.6,1.0,NORMAL,0.0,0.0
1.698,1495.47,1424.15,1.0,NORMAL,0.0,0.0
1.699,1501.95,1415.36,1.0,NORMAL,0.0,0.0
1.7,1501.24,1417.91,1.0,NORMAL,0.0,0.0
1.701,1498.42,1422.26,1.0,NORMAL,0.0,0.0
1.702,1497.05,1412.86,1.0,NORMAL,0.0,0.0
1.703,1497.94,1419.22,1.0,NORMAL,0.0,0.0
1.704,1497.71,1427.07,1.0,NORMAL,0.0,0.0
1.705,1494.68,1424.68,1.0,NORMAL,0.0,0.0
1.706,1501.11,1427.9,1.0,NORMAL,0.0,0.0
1.707,1494.54,1417.24,1.0,NORMAL,0.0,0.0
1.708,1500.58,1416.39,1.0,NORMAL,0.0,0.0
1.709,1491.84,1422.41,1.0,NORMAL,0.0,0.0
1.71,1496.38,1417.16,1.0,NORMAL,0.0,0.0
1.711,1496.13,1414.05,1.0,NORMAL,0.0,0.0
1.712,1496.27,1426.58,1.0,NORMAL,0.0,0.0
1.713,1498.9,1424.96,1.0,NORMAL,0.0,0.0
1.714,1495.14,1419.05,1.0,NORMAL,0.0,0.0
1.715,1494.09,1422.54,1.0,NORMAL,0.0,0.0
1.716,1494.58,1428.13,1.0,NORMAL,0.0,0.0
1.717,1497.85,1416.2,1.0,NORMAL,0.0,0.0
1.718,1491.02,1427.11,1.0,NORMAL,0.0,0.0
1.719,1491.32,1414.66,1.0,NORMAL,0.0,0.0
1.72,1488.25,1414.34,1.0,NORMAL,0.0,0.0
1.721,1499.95,1420.92,1.0,NORMAL,0.0,0.0
1.722,1490.15,1417.61,1.0,NORMAL,0.0,0.0
1.723,1487.73,1419.55,1.0,NORMAL,0.0,0.0
1.724,1490.73,1418.79,1.0,NORMAL,0.0,0.0
1.725,1491.09,1424.78,1.0,NORMAL,0.0,0.0
1.726,1497.11,1417.88,1.0,NORMAL,0.0,0.0
1.727,1491.1,1413.75,1.0,NORMAL,0.0,0.0
1.728,1493.17,1419.46,1.0,NORMAL,0.0,0.0
1.729,1486.73,1432.01,1.0,NORMAL,0.0,0.0
1.73,1492.53,1414.28,1.0,NORMAL,0.0,0.0
1.731,1486.78,1420.79,1.0,NORMAL,0.0,0.0
1.732,1490.62,1413.64,1.0,NORMAL,0.0,0.0
1.733,1489.11,1412.26,1.0,NORMAL,0.0,0.0
1.734,1491.41,1416.9,1.0,NORMAL,0.0,0.0
1.735,1492.99,1424.21,1.0,NORMAL,0.0,0.0
1.736,1486.94,1426.87,1.0,NORMAL,0.0,0.0
1.737,1487.41,1420.5,1.0,NORMAL,0.0,0.0
1.738,1491.28,1419.23,1.0,NORMAL,0.0,0.0
1.739,1492.65,1422.58,1.0,NORMAL,0.0,0.0
1.74,1494.74,1417.01,1.0,NORMAL,0.0,0.0
1.741,1488.98,1419.42,1.0,NORMAL,0.0,0.0
1.742,1485.84,1423.58,1.0,NORMAL,0.0,0.0
1.743,1490.8,1412.05,1.0,NORMAL,0.0,0.0
1.744,1487.79,1417.09,1.0,NORMAL,0.0,0.0
1.745,1487.35,1419.09,1.0,NORMAL,0.0,0.0
1.746,1494.3,1422.28,1.0,NORMAL,0.0,0.0
1.747,1491.9,1411.91,1.0,NORMAL,0.0,0.0
1.748,1487.84,1410.92,1.0,NORMAL,0.0,0.0
1.749,1489.95,1409.67,1.0,NORMAL,0.0,0.0
1.75,1489.74,1415.96,1.0,NORMAL,0.0,0.0
1.751,1490.5,1423.63,1.0,NORMAL,0.0,0.0
1.752,1488.8,1422.25,1.0,NORMAL,0.0,0.0
1.753,1484.34,1424.44,1.0,NORMAL,0.0,0.0
1.754,1487.15,1419.16,1.0,NORMAL,0.0,0.0
1.755,1488.53,1419.19,1.0,NORMAL,0.0,0.0
1.756,1490.26,1419.31,1.0,NORMAL,0.0,0.0
1.757,1486.99,1417.6,1.0,NORMAL,0.0,0.0
1.758,1490.87,1432.68,1.0,NORMAL,0.0,0.0
1.759,1489.25,1421.93,1.0,NORMAL,0.0,0.0
1.76,1488.21,1415.7,1.0,NORMAL,0.0,0.0
1.761,1486.78,1418.94,1.0,NORMAL,0.0,0.0
1.762,1492.04,1424.54,1.0,NORMAL,0.0,0.0
1.763,1492.1,1410.35,1.0,NORMAL,0.0,0.0
1.764,1493.35,1418.67,1.0,NORMAL,0.0,0.0
1.765,1492.74,1425.56,1.0,NORMAL,0.0,0.0
1.766,1493.11,1423.03,1.0,NORMAL,0.0,0.0
1.767,1492.54,1417.73,1.0,NORMAL,0.0,0.0
1.768,1486.28,1424.33,1.0,NORMAL,0.0,0.0
1.769,1490.89,1419.47,1.0,NORMAL,0.0,0.0
1.77,1487.61,1415.1,1.0,NORMAL,0.0,0.0
1.771,1496.21,1419.0,1.0,NORMAL,0.0,0.0
1.772,1492.25,1426.62,1.0,NORMAL,0.0,0.0
1.773,1496.31,1422.25,1.0,NORMAL,0.0,0.0
1.774,1489.62,1419.88,1.0,NORMAL,0.0,0.0
1.775,1492.65,1412.44,1.0,NORMAL,0.0,0.0
1.776,1493.94,1418.26,1.0,NORMAL,0.0,0.0
1.777,1492.39,1423.93,1.0,NORMAL,0.0,0.0
1.778,1494.19,1424.52,1.0,NORMAL,0.0,0.0
1.779,1498.32,1411.67,1.0,NORMAL,0.0,0.0
1.78,1491.03,1414.7,1.0,NORMAL,0.0,0.0
1.781,1486.47,1418.72,1.0,NORMAL,0.0,0.0
1.782,1499.44,1418.15,1.0,NORMAL,0.0,0.0
1.783,1492.53,1423.15,1.0,NORMAL,0.0,0.0
1.784,1498.55,1412.19,1.0,NORMAL,0.0,0.0
1.785,1497.42,1416.45,1.0,NORMAL,0.0,0.0
1.786,1495.09,1424.14,1.0,NORMAL,0.0,0.0
1.787,1497.17,1424.6,1.0,NORMAL,0.0,0.0
1.788,1492.9,1412.73,1.0,NORMAL,0.0,0.0
1.789,1496.87,1423.04,1.0,NORMAL,0.0,0.0
1.79,1498.69,1412.91,1.0,NORMAL,0.0,0.0
1.791,1494.89,1423.03,1.0,NORMAL,0.0,0.0
1.792,1496.37,1423.47,1.0,NORMAL,0.0,0.0
1.793,1498.76,1420.85,1.0,NORMAL,0.0,0.0
1.794,1502.1,1415.12,1.0,NORMAL,0.0,0.0
1.795,1498.43,1410.07,1.0,NORMAL,0.0,0.0
1.796,1497.45,1427.17,1.0,NORMAL,0.0,0.0
1.797,1498.62,1412.66,1.0,NORMAL,0.0,0.0
1.798,1502.85,1416.65,1.0,NORMAL,0.0,0.0
1.799,1497.76,1418.66,1.0,NORMAL,0.0,0.0
1.8,1499.1,1420.0,0.0,NORMAL,0.0,0.0
1.801,1498.42,1376.44,0.0,NORMAL,0.0,0.0
1.802,1500.01,1334.32,0.0,NORMAL,0.0,0.0
1.803,1501.58,1293.58,0.0,NORMAL,0.0,0.0
1.804,1504.35,1254.2,0.0,NORMAL,0.0,0.0
1.805,1495.19,1216.11,0.0,NORMAL,0.0,0.0
1.806,1503.54,1179.27,0.0,NORMAL,0.0,0.0
1.807,1499.51,1143.66,0.0,NORMAL,0.0,0.0
1.808,1504.27,1109.22,0.0,NORMAL,0.0,0.0
1.809,1506.51,1075.91,0.0,NORMAL,0.0,0.0
1.81,1506.08,1043.71,0.0,NORMAL,0.0,0.0
1.811,1503.86,1012.57,0.0,NORMAL,0.0,0.0
1.812,1506.18,982.45,0.0,NORMAL,0.0,0.0
1.813,1501.14,953.33,0.0,NORMAL,0.0,0.0
1.814,1504.05,925.17,0.0,NORMAL,0.0,0.0
1.815,1509.1,897.94,0.0,NORMAL,0.0,0.0
1.816,1502.45,871.61,0.0,NORMAL,0.0,0.0
1.817,1505.68,846.14,0.0,NORMAL,0.0,0.0
1.818,1504.25,821.52,0.0,NORMAL,0.0,0.0
1.819,1505.04,797.71,0.0,NORMAL,0.0,0.0
1.82,1507.1,774.69,0.0,NORMAL,0.0,0.0
1.821,1505.32,752.42,0.0,NORMAL,0.0,0.0
1.822,1506.36,730.89,0.0,NORMAL,0.0,0.0
1.823,1505.1,710.07,0.0,NORMAL,0.0,0.0
1.824,1501.37,689.94,0.0,NORMAL,0.0,0.0
1.825,1507.65,670.47,0.0,NORMAL,0.0,0.0
1.826,1508.61,651.64,0.0,NORMAL,0.0,0.0
1.827,1511.65,633.44,0.0,NORMAL,0.0,0.0
1.828,1507.31,615.84,0.0,NORMAL,0.0,0.0
1.829,1503.72,598.81,0.0,NORMAL,0.0,0.0
1.83,1505.83,582.35,0.0,NORMAL,0.0,0.0
1.831,1509.89,566.43,0.0,NORMAL,0.0,0.0
1.832,1508.19,551.04,0.0,NORMAL,0.0,0.0
1.833,1509.45,536.16,0.0,NORMAL,0.0,0.0
1.834,1507.7,521.76,0.0,NORMAL,0.0,0.0
1.835,1514.52,507.85,0.0,NORMAL,0.0,0.0
1.836,1514.23,494.39,0.0,NORMAL,0.0,0.0
1.837,1506.38,481.37,0.0,NORMAL,0.0,0.0
1.838,1512.02,468.79,0.0,NORMAL,0.0,0.0
1.839,1510.32,456.62,0.0,NORMAL,0.0,0.0
1.84,1509.55,444.85,0.0,NORMAL,0.0,0.0
1.841,1507.02,433.47,0.0,NORMAL,0.0,0.0
1.842,1514.55,422.46,0.0,NORMAL,0.0,0.0
1.843,1513.25,411.82,0.0,NORMAL,0.0,0.0
1.844,1505.45,401.53,0.0,NORMAL,0.0,0.0
1.845,1514.03,391.58,0.0,NORMAL,0.0,0.0
1.846,1509.81,381.96,0.0,NORMAL,0.0,0.0
1.847,1508.16,372.65,0.0,NORMAL,0.0,0.0
1.848,1507.05,363.66,0.0,NORMAL,0.0,0.0
1.849,1512.83,354.96,0.0,NORMAL,0.0,0.0
1.85,1511.2,346.54,0.0,NORMAL,0.0,0.0
1.851,1507.37,338.41,0.0,NORMAL,0.0,0.0
1.852,1507.55,330.54,0.0,NORMAL,0.0,0.0
1.853,1508.79,322.93,0.0,NORMAL,0.0,0.0
1.854,1508.38,315.57,0.0,NORMAL,0.0,0.0
1.855,1511.46,308.46,0.0,NORMAL,0.0,0.0
1.856,1510.96,301.58,0.0,NORMAL,0.0,0.0
1.857,1507.85,294.93,0.0,NORMAL,0.0,0.0
1.858,1504.71,288.5,0.0,NORMAL,0.0,0.0
1.859,1505.6,282.28,0.0,NORMAL,0.0,0.0
1.86,1512.12,276.26,0.0,NORMAL,0.0,0.0
1.861,1506.42,270.44,0.0,NORMAL,0.0,0.0
1.862,1509.63,264.82,0.0,NORMAL,0.0,0.0
1.863,1503.89,259.38,0.0,NORMAL,0.0,0.0
1.864,1510.24,254.12,0.0,NORMAL,0.0,0.0
1.865,1514.67,249.03,0.0,NORMAL,0.0,0.0
1.866,1504.78,244.12,0.0,NORMAL,0.0,0.0
1.867,1510.26,239.36,0.0,NORMAL,0.0,0.0
1.868,1509.26,234.76,0.0,NORMAL,0.0,0.0
1.869,1511.02,230.31,0.0,NORMAL,0.0,0.0
1.87,1507.7,226.01,0.0,NORMAL,0.0,0.0
1.871,1508.72,221.86,0.0,NORMAL,0.0,0.0
1.872,1508.25,217.83,0.0,NORMAL,0.0,0.0
1.873,1509.22,213.95,0.0,NORMAL,0.0,0.0
1.874,1504.77,210.19,0.0,NORMAL,0.0,0.0
1.875,1507.65,206.55,0.0,NORMAL,0.0,0.0
1.876,1509.28,203.03,0.0,NORMAL,0.0,0.0
1.877,1510.12,199.63,0.0,NORMAL,0.0,0.0
1.878,1507.86,196.35,0.0,NORMAL,0.0,0.0
1.879,1502.73,193.17,0.0,NORMAL,0.0,0.0
1.88,1501.22,190.09,0.0,NORMAL,0.0,0.0
1.881,1506.85,187.12,0.0,NORMAL,0.0,0.0
1.882,1502.32,184.24,0.0,NORMAL,0.0,0.0
1.883,1507.62,181.46,0.0,NORMAL,0.0,0.0
1.884,1503.95,178.77,0.0,NORMAL,0.0,0.0
1.885,1507.57,176.18,0.0,NORMAL,0.0,0.0
1.886,1510.64,173.66,0.0,NORMAL,0.0,0.0
1.887,1503.78,171.23,0.0,NORMAL,0.0,0.0
1.888,1503.33,168.88,0.0,NORMAL,0.0,0.0
1.889,1506.43,166.61,0.0,NORMAL,0.0,0.0
1.89,1506.28,164.41,0.0,NORMAL,0.0,0.0
1.891,1507.89,162.28,0.0,NORMAL,0.0,0.0
1.892,1503.08,160.23,0.0,NORMAL,0.0,0.0
1.893,1500.28,158.24,0.0,NORMAL,0.0,0.0
1.894,1501.9,156.32,0.0,NORMAL,0.0,0.0
1.895,1499.69,154.46,0.0,NORMAL,0.0,0.0
1.896,1501.97,152.66,0.0,NORMAL,0.0,0.0
1.897,1498.34,150.92,0.0,NORMAL,0.0,0.0
1.898,1503.33,149.24,0.0,NORMAL,0.0,0.0
1.899,1502.41,147.62,0.0,NORMAL,0.0,0.0
1.9,1500.42,146.05,0.0,NORMAL,0.0,0.0
1.901,1499.76,144.53,0.0,NORMAL,0.0,0.0
1.902,1498.78,143.06,0.0,NORMAL,0.0,0.0
1.903,1503.0,141.64,0.0,NORMAL,0.0,0.0
1.904,1502.31,140.26,0.0,NORMAL,0.0,0.0
1.905,1498.87,138.94,0.0,NORMAL,0.0,0.0
1.906,1495.56,137.65,0.0,NORMAL,0.0,0.0
1.907,1494.29,136.41,0.0,NORMAL,0.0,0.0
1.908,1498.38,135.21,0.0,NORMAL,0.0,0.0
1.909,1495.3,134.04,0.0,NORMAL,0.0,0.0
1.91,1498.34,132.92,0.0,NORMAL,0.0,0.0
1.911,1495.45,131.83,0.0,NORMAL,0.0,0.0
1.912,1498.64,130.78,0.0,NORMAL,0.0,0.0
1.913,1496.65,129.77,0.0,NORMAL,0.0,0.0
1.914,1498.74,128.79,0.0,NORMAL,0.0,0.0
1.915,1488.76,127.84,0.0,NORMAL,0.0,0.0
1.916,1494.5,126.92,0.0,NORMAL,0.0,0.0
1.917,1501.56,126.03,0.0,NORMAL,0.0,0.0
1.918,1487.13,125.17,0.0,NORMAL,0.0,0.0
1.919,1496.91,124.34,0.0,NORMAL,0.0,0.0
1.92,1495.38,123.54,0.0,NORMAL,0.0,0.0
1.921,1497.73,122.76,0.0,NORMAL,0.0,0.0
1.922,1493.1,122.01,0.0,NORMAL,0.0,0.0
1.923,1496.96,121.28,0.0,NORMAL,0.0,0.0
1.924,1496.81,120.58,0.0,NORMAL,0.0,0.0
1.925,1493.52,119.9,0.0,NORMAL,0.0,0.0
1.926,1489.22,119.24,0.0,NORMAL,0.0,0.0
1.927,1495.24,118.61,0.0,NORMAL,0.0,0.0
1.928,1489.37,117.99,0.0,NORMAL,0.0,0.0
1.929,1491.69,117.4,0.0,NORMAL,0.0,0.0
1.93,1494.75,116.83,0.0,NORMAL,0.0,0.0
1.931,1495.01,116.27,0.0,NORMAL,0.0,0.0
1.932,1490.51,115.73,0.0,NORMAL,0.0,0.0
1.933,1493.27,115.22,0.0,NORMAL,0.0,0.0
1.934,1486.61,114.71,0.0,NORMAL,0.0,0.0
1.935,1489.67,114.23,0.0,NORMAL,0.0,0.0
1.936,1495.36,113.76,0.0,NORMAL,0.0,0.0
1.937,1494.85,113.3,0.0,NORMAL,0.0,0.0
1.938,1492.71,112.87,0.0,NORMAL,0.0,0.0
1.939,1490.17,112.44,0.0,NORMAL,0.0,0.0
1.94,1493.03,112.03,0.0,NORMAL,0.0,0.0
1.941,1490.33,111.63,0.0,NORMAL,0.0,0.0
1.942,1490.82,111.25,0.0,NORMAL,0.0,0.0
1.943,1490.51,110.88,0.0,NORMAL,0.0,0.0
1.944,1487.85,110.52,0.0,NORMAL,0.0,0.0
1.945,1492.3,110.17,0.0,NORMAL,0.0,0.0
1.946,1486.87,109.84,0.0,NORMAL,0.0,0.0
1.947,1492.37,109.51,0.0,NORMAL,0.0,0.0
1.948,1487.14,109.2,0.0,NORMAL,0.0,0.0
1.949,1487.84,108.89,0.0,NORMAL,0.0,0.0
1.95,1481.48,100.43,0.0,NORMAL,0.0,0.0
1.951,1489.54,100.72,0.0,NORMAL,0.0,0.0
1.952,1490.59,98.1,0.0,NORMAL,0.0,0.0
1.953,1492.53,98.56,0.0,NORMAL,0.0,0.0
1.954,1494.01,98.79,0.0,NORMAL,0.0,0.0
1.955,1485.65,100.32,0.0,NORMAL,0.0,0.0
1.956,1493.13,99.21,0.0,NORMAL,0.0,0.0
1.957,1488.85,100.29,0.0,NORMAL,0.0,0.0
1.958,1490.1,99.27,0.0,NORMAL,0.0,0.0
1.959,1490.08,101.65,0.0,NORMAL,0.0,0.0
1.96,1489.14,99.73,0.0,NORMAL,0.0,0.0
1.961,1487.92,98.48,0.0,NORMAL,0.0,0.0
1.962,1491.54,102.45,0.0,NORMAL,0.0,0.0
1.963,1493.26,103.1,0.0,NORMAL,0.0,0.0
1.964,1487.17,101.16,0.0,NORMAL,0.0,0.0
1.965,1491.03,100.7,0.0,NORMAL,0.0,0.0
1.966,1489.35,99.96,0.0,NORMAL,0.0,0.0
1.967,1494.68,100.67,0.0,NORMAL,0.0,0.0
1.968,1493.04,98.39,0.0,NORMAL,0.0,0.0
1.969,1496.26,98.27,0.0,NORMAL,0.0,0.0
1.97,1487.26,100.88,0.0,NORMAL,0.0,0.0
1.971,1495.2,98.22,0.0,NORMAL,0.0,0.0
1.972,1492.78,102.73,0.0,NORMAL,0.0,0.0
1.973,1490.32,98.82,0.0,NORMAL,0.0,0.0
1.974,1494.18,100.82,0.0,NORMAL,0.0,0.0
1.975,1497.63,98.14,0.0,NORMAL,0.0,0.0
1.976,1497.97,99.97,0.0,NORMAL,0.0,0.0
1.977,1495.85,100.63,0.0,NORMAL,0.0,0.0
1.978,1490.65,99.36,0.0,NORMAL,0.0,0.0
1.979,1494.8,99.05,0.0,NORMAL,0.0,0.0
1.98,1495.15,99.6,0.0,NORMAL,0.0,0.0
1.981,1498.11,101.96,0.0,NORMAL,0.0,0.0
1.982,1494.15,101.52,0.0,NORMAL,0.0,0.0
1.983,1494.96,101.66,0.0,NORMAL,0.0,0.0
1.984,1493.22,101.56,0.0,NORMAL,0.0,0.0
1.985,1497.46,102.28,0.0,NORMAL,0.0,0.0
1.986,1495.1,101.22,0.0,NORMAL,0.0,0.0
1.987,1496.59,96.58,0.0,NORMAL,0.0,0.0
1.988,1494.91,100.96,0.0,NORMAL,0.0,0.0
1.989,1496.75,100.68,0.0,NORMAL,0.0,0.0
1.99,1493.67,99.67,0.0,NORMAL,0.0,0.0
1.991,1497.69,97.79,0.0,NORMAL,0.0,0.0
1.992,1495.71,98.98,0.0,NORMAL,0.0,0.0
1.993,1499.92,99.5,0.0,NORMAL,0.0,0.0
1.994,1503.67,101.31,0.0,NORMAL,0.0,0.0
1.995,1500.97,101.08,0.0,NORMAL,0.0,0.0
1.996,1495.39,98.26,0.0,NORMAL,0.0,0.0
1.997,1497.98,100.91,0.0,NORMAL,0.0,0.0
1.998,1494.54,97.12,0.0,NORMAL,0.0,0.0
1.999,1499.73,99.36,0.0,NORMAL,0.0,0.0
2.0,1494.68,99.98,0.0,NORMAL,0.0,0.0
2.001,1496.71,101.12,0.0,NORMAL,0.0,0.0
2.002,1503.92,99.61,0.0,NORMAL,0.0,0.0
2.003,1503.52,100.84,0.0,NORMAL,0.0,0.0
2.004,1496.69,100.44,0.0,NORMAL,0.0,0.0
2.005,1500.22,100.73,0.0,NORMAL,0.0,0.0
2.006,1503.26,100.99,0.0,NORMAL,0.0,0.0
2.007,1503.36,99.58,0.0,NORMAL,0.0,0.0
2.008,1497.61,101.32,0.0,NORMAL,0.0,0.0
2.009,1503.57,102.33,0.0,NORMAL,0.0,0.0
2.01,1501.27,99.76,0.0,NORMAL,0.0,0.0
2.011,1506.98,96.61,0.0,NORMAL,0.0,0.0
2.012,1503.08,100.99,0.0,NORMAL,0.0,0.0
2.013,1505.05,100.03,0.0,NORMAL,0.0,0.0
2.014,1503.93,100.72,0.0,NORMAL,0.0,0.0
2.015,1506.54,98.81,0.0,NORMAL,0.0,0.0
2.016,1502.51,99.31,0.0,NORMAL,0.0,0.0
2.017,1507.1,100.09,0.0,NORMAL,0.0,0.0
2.018,1508.99,99.74,0.0,NORMAL,0.0,0.0
2.019,1511.13,99.92,0.0,NORMAL,0.0,0.0
2.02,1510.63,99.26,0.0,NORMAL,0.0,0.0
2.021,1504.52,99.8,0.0,NORMAL,0.0,0.0
2.022,1508.11,101.03,0.0,NORMAL,0.0,0.0
2.023,1509.04,100.81,0.0,NORMAL,0.0,0.0
2.024,1508.62,98.1,0.0,NORMAL,0.0,0.0
2.025,1509.33,100.32,0.0,NORMAL,0.0,0.0
2.026,1508.56,98.91,0.0,NORMAL,0.0,0.0
2.027,1505.87,100.56,0.0,NORMAL,0.0,0.0
2.028,1508.33,101.79,0.0,NORMAL,0.0,0.0
2.029,1510.44,101.23,0.0,NORMAL,0.0,0.0
2.03,1509.47,99.01,0.0,NORMAL,0.0,0.0
2.031,1504.98,100.14,0.0,NORMAL,0.0,0.0
2.032,1505.81,100.58,0.0,NORMAL,0.0,0.0
2.033,1507.38,100.68,0.0,NORMAL,0.0,0.0
2.034,1508.15,98.72,0.0,NORMAL,0.0,0.0
2.035,1509.38,100.79,0.0,NORMAL,0.0,0.0
2.036,1506.12,100.48,0.0,NORMAL,0.0,0.0
2.037,1511.56,98.57,0.0,NORMAL,0.0,0.0
2.038,1503.73,100.54,0.0,NORMAL,0.0,0.0
2.039,1510.99,99.33,0.0,NORMAL,0.0,0.0
2.04,1511.03,98.65,0.0,NORMAL,0.0,0.0
2.041,1511.54,99.4,0.0,NORMAL,0.0,0.0
2.042,1500.48,98.57,0.0,NORMAL,0.0,0.0
2.043,1505.71,98.92,0.0,NORMAL,0.0,0.0
2.044,1508.76,102.22,0.0,NORMAL,0.0,0.0
2.045,1510.38,98.06,0.0,NORMAL,0.0,0.0
2.046,1509.68,101.17,0.0,NORMAL,0.0,0.0
2.047,1507.51,100.7,0.0,NORMAL,0.0,0.0
2.048,1513.83,102.28,0.0,NORMAL,0.0,0.0
2.049,1510.97,103.0,0.0,NORMAL,0.0,0.0
2.05,1508.82,99.78,0.0,NORMAL,0.0,0.0
2.051,1507.03,100.47,0.0,NORMAL,0.0,0.0
2.052,1510.18,100.1,0.0,NORMAL,0.0,0.0
2.053,1513.73,98.35,0.0,NORMAL,0.0,0.0
2.054,1510.03,99.34,0.0,NORMAL,0.0,0.0
2.055,1509.78,104.15,0.0,NORMAL,0.0,0.0
2.056,1510.02,100.64,0.0,NORMAL,0.0,0.0
2.057,1510.12,97.67,0.0,NORMAL,0.0,0.0
2.058,1508.99,100.95,0.0,NORMAL,0.0,0.0
2.059,1506.68,101.58,0.0,NORMAL,0.0,0.0
2.06,1514.1,101.06,0.0,NORMAL,0.0,0.0
2.061,1511.32,97.81,0.0,NORMAL,0.0,0.0
2.062,1515.65,100.4,0.0,NORMAL,0.0,0.0
2.063,1510.67,97.55,0.0,NORMAL,0.0,0.0
2.064,1508.35,99.63,0.0,NORMAL,0.0,0.0
2.065,1506.07,95.82,0.0,NORMAL,0.0,0.0
2.066,1507.77,97.24,0.0,NORMAL,0.0,0.0
2.067,1505.15,100.5,0.0,NORMAL,0.0,0.0
2.068,1514.74,101.65,0.0,NORMAL,0.0,0.0
2.069,1508.22,99.83,0.0,NORMAL,0.0,0.0
2.07,1510.45,101.03,0.0,NORMAL,0.0,0.0
2.071,1510.79,102.83,0.0,NORMAL,0.0,0.0
2.072,1510.95,98.48,0.0,NORMAL,0.0,0.0
2.073,1515.14,100.95,0.0,NORMAL,0.0,0.0
2.074,1507.0,101.88,0.0,NORMAL,0.0,0.0
2.075,1506.53,100.27,0.0,NORMAL,0.0,0.0
2.076,1507.34,100.61,0.0,NORMAL,0.0,0.0
2.077,1508.86,100.74,0.0,NORMAL,0.0,0.0
2.078,1506.91,99.34,0.0,NORMAL,0.0,0.0
2.079,1505.32,101.89,0.0,NORMAL,0.0,0.0
2.08,1503.73,98.08,0.0,NORMAL,0.0,0.0
2.081,1503.3,99.39,0.0,NORMAL,0.0,0.0
2.082,1506.17,100.2,0.0,NORMAL,0.0,0.0
2.083,1502.09,101.41,0.0,NORMAL,0.0,0.0
2.084,1499.38,98.34,0.0,NORMAL,0.0,0.0
2.085,1504.89,101.4,0.0,NORMAL,0.0,0.0
2.086,1507.75,99.82,0.0,NORMAL,0.0,0.0
2.087,1505.96,101.52,0.0,NORMAL,0.0,0.0
2.088,1503.63,103.25,0.0,NORMAL,0.0,0.0
2.089,1504.6,101.42,0.0,NORMAL,0.0,0.0
2.09,1498.15,100.5,0.0,NORMAL,0.0,0.0
2.091,1500.72,100.53,0.0,NORMAL,0.0,0.0
2.092,1507.52,100.97,0.0,NORMAL,0.0,0.0
2.093,1505.73,100.91,0.0,NORMAL,0.0,0.0
2.094,1499.74,98.73,0.0,NORMAL,0.0,0.0
2.095,1506.83,100.37,0.0,NORMAL,0.0,0.0
2.096,1499.1,100.84,0.0,NORMAL,0.0,0.0
2.097,1498.47,98.58,0.0,NORMAL,0.0,0.0
2.098,1505.24,99.84,0.0,NORMAL,0.0,0.0
2.099,1504.24,97.92,0.0,NORMAL,0.0,0.0
2.1,1498.23,96.04,0.0,NORMAL,0.0,0.0
2.101,1499.54,99.7,0.0,NORMAL,0.0,0.0
2.102,1498.35,99.52,0.0,NORMAL,0.0,0.0
2.103,1500.57,102.29,0.0,NORMAL,0.0,0.0
2.104,1503.45,97.86,0.0,NORMAL,0.0,0.0
2.105,1500.03,100.89,0.0,NORMAL,0.0,0.0
2.106,1497.78,100.28,0.0,NORMAL,0.0,0.0
2.107,1493.78,101.6,0.0,NORMAL,0.0,0.0
2.108,1499.85,99.36,0.0,NORMAL,0.0,0.0
2.109,1493.54,100.91,0.0,NORMAL,0.0,0.0
2.11,1496.35,98.52,0.0,NORMAL,0.0,0.0
2.111,1499.49,100.67,0.0,NORMAL,0.0,0.0
2.112,1498.75,100.21,0.0,NORMAL,0.0,0.0
2.113,1498.54,99.26,0.0,NORMAL,0.0,0.0
2.114,1497.84,101.71,0.0,NORMAL,0.0,0.0
2.115,1495.9,100.2,0.0,NORMAL,0.0,0.0
2.116,1496.09,101.05,0.0,NORMAL,0.0,0.0
2.117,1495.19,102.34,0.0,NORMAL,0.0,0.0
2.118,1496.09,101.98,0.0,NORMAL,0.0,0.0
2.119,1495.98,101.61,0.0,NORMAL,0.0,0.0
2.12,1494.52,99.69,0.0,NORMAL,0.0,0.0
2.121,1495.41,100.52,0.0,NORMAL,0.0,0.0
2.122,1491.57,100.83,0.0,NORMAL,0.0,0.0
2.123,1492.47,101.28,0.0,NORMAL,0.0,0.0
2.124,1493.85,100.87,0.0,NORMAL,0.0,0.0
2.125,1498.7,99.17,0.0,NORMAL,0.0,0.0
2.126,1494.3,99.64,0.0,NORMAL,0.0,0.0
2.127,1492.09,99.71,0.0,NORMAL,0.0,0.0
2.128,1491.63,99.44,0.0,NORMAL,0.0,0.0
2.129,1494.33,101.15,0.0,NORMAL,0.0,0.0
2.13,1491.62,97.33,0.0,NORMAL,0.0,0.0
2.131,1493.64,99.08,0.0,NORMAL,0.0,0.0
2.132,1493.09,99.54,0.0,NORMAL,0.0,0.0
2.133,1487.65,101.89,0.0,NORMAL,0.0,0.0
2.134,1492.66,98.53,0.0,NORMAL,0.0,0.0
2.135,1492.49,100.78,0.0,NORMAL,0.0,0.0
2.136,1493.34,100.18,0.0,NORMAL,0.0,0.0
2.137,1488.31,99.01,0.0,NORMAL,0.0,0.0
2.138,1493.98,103.11,0.0,NORMAL,0.0,0.0
2.139,1490.09,101.07,0.0,NORMAL,0.0,0.0
2.14,1496.45,99.25,0.0,NORMAL,0.0,0.0
2.141,1495.65,101.77,0.0,NORMAL,0.0,0.0
2.142,1488.49,100.06,0.0,NORMAL,0.0,0.0
2.143,1486.13,98.22,0.0,NORMAL,0.0,0.0
2.144,1492.27,95.56,0.0,NORMAL,0.0,0.0
2.145,1487.66,100.98,0.0,NORMAL,0.0,0.0
2.146,1493.52,100.62,0.0,NORMAL,0.0,0.0
2.147,1491.63,98.68,0.0,NORMAL,0.0,0.0
2.148,1485.66,97.77,0.0,NORMAL,0.0,0.0
2.149,1492.35,98.88,0.0,NORMAL,0.0,0.0
2.15,1490.41,99.23,0.0,NORMAL,0.0,0.0
2.151,1491.24,100.69,0.0,NORMAL,0.0,0.0
2.152,1494.59,100.42,0.0,NORMAL,0.0,0.0
2.153,1489.65,99.38,0.0,NORMAL,0.0,0.0
2.154,1492.35,97.38,0.0,NORMAL,0.0,0.0
2.155,1488.33,98.15,0.0,NORMAL,0.0,0.0
2.156,1488.46,102.39,0.0,NORMAL,0.0,0.0
2.157,1489.59,99.33,0.0,NORMAL,0.0,0.0
2.158,1488.45,101.86,0.0,NORMAL,0.0,0.0
2.159,1492.1,101.36,0.0,NORMAL,0.0,0.0
2.16,1486.52,97.52,0.0,NORMAL,0.0,0.0
2.161,1493.08,101.16,0.0,NORMAL,0.0,0.0
2.162,1488.42,98.43,0.0,NORMAL,0.0,0.0
2.163,1491.96,98.6,0.0,NORMAL,0.0,0.0
2.164,1487.39,101.19,0.0,NORMAL,0.0,0.0
2.165,1492.52,99.19,0.0,NORMAL,0.0,0.0
2.166,1494.49,97.68,0.0,NORMAL,0.0,0.0
2.167,1491.42,98.26,0.0,NORMAL,0.0,0.0
2.168,1496.2,99.39,0.0,NORMAL,0.0,0.0
2.169,1491.31,101.0,0.0,NORMAL,0.0,0.0
2.17,1493.14,97.76,0.0,NORMAL,0.0,0.0
2.171,1489.32,100.05,0.0,NORMAL,0.0,0.0
2.172,1493.61,102.46,0.0,NORMAL,0.0,0.0
2.173,1490.79,98.01,0.0,NORMAL,0.0,0.0
2.174,1490.55,99.21,0.0,NORMAL,0.0,0.0
2.175,1497.67,99.28,0.0,NORMAL,0.0,0.0
2.176,1489.34,98.56,0.0,NORMAL,0.0,0.0
2.177,1493.04,101.22,0.0,NORMAL,0.0,0.0
2.178,1495.76,99.83,0.0,NORMAL,0.0,0.0
2.179,1494.57,99.87,0.0,NORMAL,0.0,0.0
2.18,1488.58,102.21,0.0,NORMAL,0.0,0.0
2.181,1496.19,100.41,0.0,NORMAL,0.0,0.0
2.182,1490.5,99.89,0.0,NORMAL,0.0,0.0
2.183,1493.58,99.9,0.0,NORMAL,0.0,0.0
2.184,1494.45,98.82,0.0,NORMAL,0.0,0.0
2.185,1486.7,101.81,0.0,NORMAL,0.0,0.0
2.186,1495.42,99.32,0.0,NORMAL,0.0,0.0
2.187,1498.03,100.04,0.0,NORMAL,0.0,0.0
2.188,1495.81,96.92,0.0,NORMAL,0.0,0.0
2.189,1497.17,100.96,0.0,NORMAL,0.0,0.0
2.19,1503.7,102.13,0.0,NORMAL,0.0,0.0
2.191,1500.59,101.87,0.0,NORMAL,0.0,0.0
2.192,1497.69,98.43,0.0,NORMAL,0.0,0.0
2.193,1505.58,100.9,0.0,NORMAL,0.0,0.0
2.194,1496.22,100.08,0.0,NORMAL,0.0,0.0
2.195,1499.99,99.07,0.0,NORMAL,0.0,0.0
2.196,1494.02,100.79,0.0,NORMAL,0.0,0.0
2.197,1500.25,101.0,0.0,NORMAL,0.0,0.0
2.198,1499.04,100.67,0.0,NORMAL,0.0,0.0
2.199,1499.87,100.74,0.0,NORMAL,0.0,0.0
2.2,1501.11,99.86,0.0,NORMAL,0.0,0.0
2.201,1501.15,102.48,0.0,NORMAL,0.0,0.0
2.202,1497.41,98.73,0.0,NORMAL,0.0,0.0
2.203,1499.79,100.59,0.0,NORMAL,0.0,0.0
2.204,1501.27,97.99,0.0,NORMAL,0.0,0.0
2.205,1497.28,99.85,0.0,NORMAL,0.0,0.0
2.206,1504.28,100.38,0.0,NORMAL,0.0,0.0
2.207,1507.83,100.26,0.0,NORMAL,0.0,0.0
2.208,1503.4,101.03,0.0,NORMAL,0.0,0.0
2.209,1501.21,98.8,0.0,NORMAL,0.0,0.0
2.21,1496.18,98.78,0.0,NORMAL,0.0,0.0
2.211,1498.82,98.1,0.0,NORMAL,0.0,0.0
2.212,1504.7,98.75,0.0,NORMAL,0.0,0.0
2.213,1507.76,98.97,0.0,NORMAL,0.0,0.0
2.214,1503.6,98.72,0.0,NORMAL,0.0,0.0
2.215,1500.08,97.94,0.0,NORMAL,0.0,0.0
2.216,1502.2,100.49,0.0,NORMAL,0.0,0.0
2.217,1503.37,99.58,0.0,NORMAL,0.0,0.0
2.218,1499.56,100.22,0.0,NORMAL,0.0,0.0
2.219,1504.69,99.4,0.0,NORMAL,0.0,0.0
2.22,1508.56,103.23,0.0,NORMAL,0.0,0.0
2.221,1501.08,97.03,0.0,NORMAL,0.0,0.0
2.222,1504.7,99.1,0.0,NORMAL,0.0,0.0
2.223,1500.54,97.72,0.0,NORMAL,0.0,0.0
2.224,1504.39,101.05,0.0,NORMAL,0.0,0.0
2.225,1506.63,99.05,0.0,NORMAL,0.0,0.0
2.226,1510.35,100.4,0.0,NORMAL,0.0,0.0
2.227,1508.87,98.14,0.0,NORMAL,0.0,0.0
2.228,1504.15,100.04,0.0,NORMAL,0.0,0.0
2.229,1508.18,99.77,0.0,NORMAL,0.0,0.0
2.23,1507.09,99.18,0.0,NORMAL,0.0,0.0
2.231,1508.23,104.56,0.0,NORMAL,0.0,0.0
2.232,1507.84,100.42,0.0,NORMAL,0.0,0.0
2.233,1509.55,97.18,0.0,NORMAL,0.0,0.0
2.234,1509.31,103.26,0.0,NORMAL,0.0,0.0
2.235,1511.51,99.74,0.0,NORMAL,0.0,0.0
2.236,1509.4,98.3,0.0,NORMAL,0.0,0.0
2.237,1514.25,98.92,0.0,NORMAL,0.0,0.0
2.238,1510.86,101.41,0.0,NORMAL,0.0,0.0
2.239,1513.84,101.61,0.0,NORMAL,0.0,0.0
2.24,1511.67,100.72,0.0,NORMAL,0.0,0.0
2.241,1507.58,98.9,0.0,NORMAL,0.0,0.0
2.242,1513.41,101.03,0.0,NORMAL,0.0,0.0
2.243,1513.31,100.4,0.0,NORMAL,0.0,0.0
2.244,1501.21,100.26,0.0,NORMAL,0.0,0.0
2.245,1508.23,100.12,0.0,NORMAL,0.0,0.0
2.246,1514.25,99.62,0.0,NORMAL,0.0,0.0
2.247,1513.12,100.23,0.0,NORMAL,0.0,0.0
2.248,1505.6,99.21,0.0,NORMAL,0.0,0.0
2.249,1512.57,100.99,0.0,NORMAL,0.0,0.0
2.25,1515.18,100.35,0.0,NORMAL,0.0,0.0
2.251,1511.82,102.91,0.0,NORMAL,0.0,0.0
2.252,1505.55,98.21,0.0,NORMAL,0.0,0.0
2.253,1507.6,101.87,0.0,NORMAL,0.0,0.0
2.254,1511.12,98.65,0.0,NORMAL,0.0,0.0
2.255,1509.23,99.13,0.0,NORMAL,0.0,0.0
2.256,1513.66,99.85,0.0,NORMAL,0.0,0.0
2.257,1511.95,102.34,0.0,NORMAL,0.0,0.0
2.258,1515.58,98.69,0.0,NORMAL,0.0,0.0
2.259,1512.66,101.57,0.0,NORMAL,0.0,0.0
2.26,1511.17,101.49,0.0,NORMAL,0.0,0.0
2.261,1508.47,101.83,0.0,NORMAL,0.0,0.0
2.262,1513.51,99.08,0.0,NORMAL,0.0,0.0
2.263,1509.19,101.25,0.0,NORMAL,0.0,0.0
2.264,1505.97,100.04,0.0,NORMAL,0.0,0.0
2.265,1509.05,100.72,0.0,NORMAL,0.0,0.0
2.266,1508.49,99.37,0.0,NORMAL,0.0,0.0
2.267,1505.63,97.09,0.0,NORMAL,0.0,0.0
2.268,1510.93,100.3,0.0,NORMAL,0.0,0.0
2.269,1507.85,101.19,0.0,NORMAL,0.0,0.0
2.27,1509.28,101.39,0.0,NORMAL,0.0,0.0
2.271,1505.56,100.55,0.0,NORMAL,0.0,0.0
2.272,1507.21,99.47,0.0,NORMAL,0.0,0.0
2.273,1509.82,98.88,0.0,NORMAL,0.0,0.0
2.274,1506.55,101.23,0.0,NORMAL,0.0,0.0
2.275,1505.98,101.36,0.0,NORMAL,0.0,0.0
2.276,1513.4,99.94,0.0,NORMAL,0.0,0.0
2.277,1507.56,100.39,0.0,NORMAL,0.0,0.0
2.278,1508.57,100.28,0.0,NORMAL,0.0,0.0
2.279,1508.37,99.26,0.0,NORMAL,0.0,0.0
2.28,1506.17,101.33,0.0,NORMAL,0.0,0.0
2.281,1507.2,102.2,0.0,NORMAL,0.0,0.0
2.282,1502.44,97.5,0.0,NORMAL,0.0,0.0
2.283,1509.44,100.79,0.0,NORMAL,0.0,0.0
2.284,1508.56,100.62,0.0,NORMAL,0.0,0.0
2.285,1505.11,99.76,0.0,NORMAL,0.0,0.0
2.286,1504.28,98.53,0.0,NORMAL,0.0,0.0
2.287,1500.25,102.62,0.0,NORMAL,0.0,0.0
2.288,1506.77,99.73,0.0,NORMAL,0.0,0.0
2.289,1502.62,102.61,0.0,NORMAL,0.0,0.0
2.29,1504.92,101.32,0.0,NORMAL,0.0,0.0
2.291,1498.47,100.09,0.0,NORMAL,0.0,0.0
2.292,1504.38,99.74,0.0,NORMAL,0.0,0.0
2.293,1501.66,100.28,0.0,NORMAL,0.0,0.0
2.294,1501.91,100.8,0.0,NORMAL,0.0,0.0
2.295,1497.31,100.27,0.0,NORMAL,0.0,0.0
2.296,1503.29,99.39,0.0,NORMAL,0.0,0.0
2.297,1499.1,101.65,0.0,NORMAL,0.0,0.0
2.298,1500.49,102.5,0.0,NORMAL,0.0,0.0
2.299,1502.73,99.97,0.0,NORMAL,0.0,0.0
2.3,1499.74,100.24,0.0,NORMAL,0.0,0.0
2.301,1505.64,101.13,0.0,NORMAL,0.0,0.0
2.302,1496.68,99.49,0.0,NORMAL,0.0,0.0
2.303,1499.78,96.86,0.0,NORMAL,0.0,0.0
2.304,1499.99,100.23,0.0,NORMAL,0.0,0.0
2.305,1495.38,101.62,0.0,NORMAL,0.0,0.0
2.306,1498.39,98.06,0.0,NORMAL,0.0,0.0
2.307,1497.23,96.76,0.0,NORMAL,0.0,0.0
2.308,1498.19,100.89,0.0,NORMAL,0.0,0.0
2.309,1498.57,98.49,0.0,NORMAL,0.0,0.0
2.31,1501.1,97.89,0.0,NORMAL,0.0,0.0
2.311,1497.48,98.23,0.0,NORMAL,0.0,0.0
2.312,1497.96,100.49,0.0,NORMAL,0.0,0.0
2.313,1500.53,101.96,0.0,NORMAL,0.0,0.0
2.314,1490.99,97.95,0.0,NORMAL,0.0,0.0
2.315,1494.68,100.32,0.0,NORMAL,0.0,0.0
2.316,1495.3,100.44,0.0,NORMAL,0.0,0.0
2.317,1490.24,100.31,0.0,NORMAL,0.0,0.0
2.318,1494.87,100.95,0.0,NORMAL,0.0,0.0
2.319,1487.31,99.96,0.0,NORMAL,0.0,0.0
2.32,1496.24,97.85,0.0,NORMAL,0.0,0.0
2.321,1489.44,100.35,0.0,NORMAL,0.0,0.0
2.322,1489.87,101.57,0.0,NORMAL,0.0,0.0
2.323,1494.96,99.61,0.0,NORMAL,0.0,0.0
2.324,1488.15,98.76,0.0,NORMAL,0.0,0.0
2.325,1499.09,101.21,0.0,NORMAL,0.0,0.0
2.326,1493.06,99.2,0.0,NORMAL,0.0,0.0
2.327,1492.21,99.62,0.0,NORMAL,0.0,0.0
2.328,1495.9,101.25,0.0,NORMAL,0.0,0.0
2.329,1491.86,100.86,0.0,NORMAL,0.0,0.0
2.33,1492.63,103.56,0.0,NORMAL,0.0,0.0
2.331,1491.26,99.41,0.0,NORMAL,0.0,0.0
2.332,1490.05,101.7,0.0,NORMAL,0.0,0.0
2.333,1492.51,98.7,0.0,NORMAL,0.0,0.0
2.334,1492.81,103.18,0.0,NORMAL,0.0,0.0
2.335,1487.27,102.19,0.0,NORMAL,0.0,0.0
2.336,1488.31,101.16,0.0,NORMAL,0.0,0.0
2.337,1488.84,97.99,0.0,NORMAL,0.0,0.0
2.338,1490.61,100.81,0.0,NORMAL,0.0,0.0
2.339,1491.63,98.97,0.0,NORMAL,0.0,0.0
2.34,1496.96,101.11,0.0,NORMAL,0.0,0.0
2.341,1491.22,100.26,0.0,NORMAL,0.0,0.0
2.342,1489.79,99.75,0.0,NORMAL,0.0,0.0
2.343,1488.1,102.94,0.0,NORMAL,0.0,0.0
2.344,1493.13,98.76,0.0,NORMAL,0.0,0.0
2.345,1490.09,99.23,0.0,NORMAL,0.0,0.0
2.346,1491.1,101.11,0.0,NORMAL,0.0,0.0
2.347,1490.04,99.14,0.0,NORMAL,0.0,0.0
2.348,1491.67,99.19,0.0,NORMAL,0.0,0.0
2.349,1491.44,101.41,0.0,NORMAL,0.0,0.0
2.35,1491.12,101.39,0.0,NORMAL,0.0,0.0
2.351,1490.02,102.94,0.0,NORMAL,0.0,0.0
2.352,1490.3,100.95,0.0,NORMAL,0.0,0.0
2.353,1491.19,101.64,0.0,NORMAL,0.0,0.0
2.354,1484.31,100.08,0.0,NORMAL,0.0,0.0
2.355,1490.02,99.67,0.0,NORMAL,0.0,0.0
2.356,1493.12,100.29,0.0,NORMAL,0.0,0.0
2.357,1488.8,99.2,0.0,NORMAL,0.0,0.0
2.358,1484.04,101.75,0.0,NORMAL,0.0,0.0
2.359,1486.24,98.82,0.0,NORMAL,0.0,0.0
2.36,1490.72,101.21,0.0,NORMAL,0.0,0.0
2.361,1488.43,103.12,0.0,NORMAL,0.0,0.0
2.362,1491.1,99.9,0.0,NORMAL,0.0,0.0
2.363,1490.77,101.94,0.0,NORMAL,0.0,0.0
2.364,1489.54,100.58,0.0,NORMAL,0.0,0.0
2.365,1488.34,100.15,0.0,NORMAL,0.0,0.0
2.366,1491.82,101.28,0.0,NORMAL,0.0,0.0
2.367,1491.6,101.03,0.0,NORMAL,0.0,0.0
2.368,1491.19,100.79,0.0,NORMAL,0.0,0.0
2.369,1494.35,100.07,0.0,NORMAL,0.0,0.0
2.37,1492.51,99.0,0.0,NORMAL,0.0,0.0
2.371,1490.31,102.53,0.0,NORMAL,0.0,0.0
2.372,1491.22,100.46,0.0,NORMAL,0.0,0.0
2.373,1492.31,101.29,0.0,NORMAL,0.0,0.0
2.374,1493.08,103.23,0.0,NORMAL,0.0,0.0
2.375,1496.94,101.53,0.0,NORMAL,0.0,0.0
2.376,1498.22,98.47,0.0,NORMAL,0.0,0.0
2.377,1491.98,98.37,0.0,NORMAL,0.0,0.0
2.378,1490.57,103.05,0.0,NORMAL,0.0,0.0
2.379,1492.24,97.53,0.0,NORMAL,0.0,0.0
2.38,1495.38,98.94,0.0,NORMAL,0.0,0.0
2.381,1496.88,101.05,0.0,NORMAL,0.0,0.0
2.382,1493.42,100.48,0.0,NORMAL,0.0,0.0
2.383,1492.17,97.82,0.0,NORMAL,0.0,0.0
2.384,1496.33,100.19,0.0,NORMAL,0.0,0.0
2.385,1497.33,103.04,0.0,NORMAL,0.0,0.0
2.386,1498.85,98.7,0.0,NORMAL,0.0,0.0
2.387,1494.12,97.68,0.0,NORMAL,0.0,0.0
2.388,1497.31,99.04,0.0,NORMAL,0.0,0.0
2.389,1491.72,100.19,0.0,NORMAL,0.0,0.0
2.39,1496.59,99.4,0.0,NORMAL,0.0,0.0
2.391,1499.37,101.55,0.0,NORMAL,0.0,0.0
2.392,1501.96,101.76,0.0,NORMAL,0.0,0.0
2.393,1498.73,102.07,0.0,NORMAL,0.0,0.0
2.394,1497.4,101.44,0.0,NORMAL,0.0,0.0
2.395,1494.22,99.66,0.0,NORMAL,0.0,0.0
2.396,1499.43,99.2,0.0,NORMAL,0.0,0.0
2.397,1500.95,100.09,0.0,NORMAL,0.0,0.0
2.398,1502.41,101.56,0.0,NORMAL,0.0,0.0
2.399,1500.42,98.71,0.0,NORMAL,0.0,0.0
2.4,1497.13,100.49,0.0,NORMAL,0.0,0.0
2.401,1501.97,101.56,0.0,NORMAL,0.0,0.0
2.402,1505.7,101.72,0.0,NORMAL,0.0,0.0
2.403,1500.15,100.96,0.0,NORMAL,0.0,0.0
2.404,1498.85,98.39,0.0,NORMAL,0.0,0.0
2.405,1500.58,99.66,0.0,NORMAL,0.0,0.0
2.406,1501.83,99.88,0.0,NORMAL,0.0,0.0
2.407,1500.61,97.18,0.0,NORMAL,0.0,0.0
2.408,1504.61,98.67,0.0,NORMAL,0.0,0.0
2.409,1504.08,102.14,0.0,NORMAL,0.0,0.0
2.41,1502.09,99.34,0.0,NORMAL,0.0,0.0
2.411,1503.33,97.78,0.0,NORMAL,0.0,0.0
2.412,1499.06,100.74,0.0,NORMAL,0.0,0.0
2.413,1504.94,101.78,0.0,NORMAL,0.0,0.0
2.414,1500.08,97.37,0.0,NORMAL,0.0,0.0
2.415,1503.71,99.73,0.0,NORMAL,0.0,0.0
2.416,1503.43,98.69,0.0,NORMAL,0.0,0.0
2.417,1506.49,98.79,0.0,NORMAL,0.0,0.0
2.418,1504.03,98.54,0.0,NORMAL,0.0,0.0
2.419,1505.48,100.36,0.0,NORMAL,0.0,0.0
2.42,1510.36,99.87,0.0,NORMAL,0.0,0.0
2.421,1501.42,102.09,0.0,NORMAL,0.0,0.0
2.422,1506.71,98.43,0.0,NORMAL,0.0,0.0
2.423,1509.21,102.26,0.0,NORMAL,0.0,0.0
2.424,1504.96,100.04,0.0,NORMAL,0.0,0.0
2.425,1507.13,100.16,0.0,NORMAL,0.0,0.0
2.426,1503.21,98.78,0.0,NORMAL,0.0,0.0
2.427,1502.67,100.64,0.0,NORMAL,0.0,0.0
2.428,1509.87,102.08,0.0,NORMAL,0.0,0.0
2.429,1506.92,98.67,0.0,NORMAL,0.0,0.0
2.43,1504.15,101.69,0.0,NORMAL,0.0,0.0
2.431,1506.85,98.97,0.0,NORMAL,0.0,0.0
2.432,1510.26,99.31,0.0,NORMAL,0.0,0.0
2.433,1510.26,100.39,0.0,NORMAL,0.0,0.0
2.434,1511.91,99.94,0.0,NORMAL,0.0,0.0
2.435,1507.4,99.85,0.0,NORMAL,0.0,0.0
2.436,1507.17,99.98,0.0,NORMAL,0.0,0.0
2.437,1510.17,103.04,0.0,NORMAL,0.0,0.0
2.438,1512.3,100.24,0.0,NORMAL,0.0,0.0
2.439,1508.29,98.37,0.0,NORMAL,0.0,0.0
2.44,1512.39,98.17,0.0,NORMAL,0.0,0.0
2.441,1508.6,99.56,0.0,NORMAL,0.0,0.0
2.442,1515.8,102.85,0.0,NORMAL,0.0,0.0
2.443,1504.6,103.86,0.0,NORMAL,0.0,0.0
2.444,1514.43,101.43,0.0,NORMAL,0.0,0.0
2.445,1505.38,98.17,0.0,NORMAL,0.0,0.0
2.446,1513.59,98.61,0.0,NORMAL,0.0,0.0
2.447,1510.21,98.22,0.0,NORMAL,0.0,0.0
2.448,1508.62,98.63,0.0,NORMAL,0.0,0.0
2.449,1507.27,96.41,0.0,NORMAL,0.0,0.0
2.45,1507.22,100.85,0.0,NORMAL,0.0,0.0
2.451,1512.04,99.07,0.0,NORMAL,0.0,0.0
2.452,1511.36,102.79,0.0,NORMAL,0.0,0.0
2.453,1509.39,100.62,0.0,NORMAL,0.0,0.0
2.454,1509.84,101.09,0.0,NORMAL,0.0,0.0
2.455,1507.26,97.29,0.0,NORMAL,0.0,0.0
2.456,1509.43,99.25,0.0,NORMAL,0.0,0.0
2.457,1512.42,98.17,0.0,NORMAL,0.0,0.0
2.458,1506.96,97.54,0.0,NORMAL,0.0,0.0
2.459,1511.17,100.87,0.0,NORMAL,0.0,0.0
2.46,1508.13,100.1,0.0,NORMAL,0.0,0.0
2.461,1504.83,97.68,0.0,NORMAL,0.0,0.0
2.462,1512.48,101.97,0.0,NORMAL,0.0,0.0
2.463,1505.06,100.93,0.0,NORMAL,0.0,0.0
2.464,1507.65,99.04,0.0,NORMAL,0.0,0.0
2.465,1512.12,100.83,0.0,NORMAL,0.0,0.0
2.466,1506.4,100.24,0.0,NORMAL,0.0,0.0
2.467,1511.44,99.08,0.0,NORMAL,0.0,0.0
2.468,1507.1,98.91,0.0,NORMAL,0.0,0.0
2.469,1507.99,101.06,0.0,NORMAL,0.0,0.0
2.47,1513.74,100.49,0.0,NORMAL,0.0,0.0
2.471,1511.31,97.75,0.0,NORMAL,0.0,0.0
2.472,1507.96,101.15,0.0,NORMAL,0.0,0.0
2.473,1505.54,98.11,0.0,NORMAL,0.0,0.0
2.474,1507.37,99.19,0.0,NORMAL,0.0,0.0
2.475,1512.02,101.26,0.0,NORMAL,0.0,0.0
2.476,1513.36,99.76,0.0,NORMAL,0.0,0.0
2.477,1504.75,101.34,0.0,NORMAL,0.0,0.0
2.478,1510.71,102.87,0.0,NORMAL,0.0,0.0
2.479,1501.4,98.91,0.0,NORMAL,0.0,0.0
2.48,1507.64,100.92,0.0,NORMAL,0.0,0.0
2.481,1506.74,101.31,0.0,NORMAL,0.0,0.0
2.482,1508.48,101.88,0.0,NORMAL,0.0,0.0
2.483,1502.59,100.2,0.0,NORMAL,0.0,0.0
2.484,1505.26,98.66,0.0,NORMAL,0.0,0.0
2.485,1498.95,97.7,0.0,NORMAL,0.0,0.0
2.486,1502.37,101.11,0.0,NORMAL,0.0,0.0
2.487,1503.92,101.53,0.0,NORMAL,0.0,0.0
2.488,1504.26,101.49,0.0,NORMAL,0.0,0.0
2.489,1511.76,100.99,0.0,NORMAL,0.0,0.0
2.49,1501.56,98.44,0.0,NORMAL,0.0,0.0
2.491,1502.85,101.43,0.0,NORMAL,0.0,0.0
2.492,1499.03,97.13,0.0,NORMAL,0.0,0.0
2.493,1496.52,101.17,0.0,NORMAL,0.0,0.0
2.494,1504.57,98.41,0.0,NORMAL,0.0,0.0
2.495,1504.28,98.32,0.0,NORMAL,0.0,0.0
2.496,1497.13,97.87,0.0,NORMAL,0.0,0.0
2.497,1495.87,97.21,0.0,NORMAL,0.0,0.0
2.498,1498.72,101.37,0.0,NORMAL,0.0,0.0
2.499,1505.32,97.97,0.0,NORMAL,0.0,0.0
