time_sec,pressure_upstream,pressure_downstream,valve_command,system_state,leak_severity,stiction_factor
0.0,1500.1,100.78,0.0,BUBBLE_ANOMALY,0.0,0.0
0.001,1501.91,101.1,0.0,BUBBLE_ANOMALY,0.0,0.0
0.002,1501.91,101.3,0.0,BUBBLE_ANOMALY,0.0,0.0
0.003,1501.58,100.28,0.0,BUBBLE_ANOMALY,0.0,0.0
0.004,1500.64,104.52,0.0,BUBBLE_ANOMALY,0.0,0.0
0.005,1498.84,100.25,0.0,BUBBLE_ANOMALY,0.0,0.0
0.006,1504.85,97.05,0.0,BUBBLE_ANOMALY,0.0,0.0
0.007,1503.33,100.0,0.0,BUBBLE_ANOMALY,0.0,0.0
0.008,1504.62,100.31,0.0,BUBBLE_ANOMALY,0.0,0.0
0.009,1502.13,98.81,0.0,BUBBLE_ANOMALY,0.0,0.0
0.01,1505.27,102.44,0.0,BUBBLE_ANOMALY,0.0,0.0
0.011,1496.06,99.59,0.0,BUBBLE_ANOMALY,0.0,0.0
0.012,1506.92,98.45,0.0,BUBBLE_ANOMALY,0.0,0.0
0.013,1503.37,100.26,0.0,BUBBLE_ANOMALY,0.0,0.0
0.014,1502.89,100.24,0.0,BUBBLE_ANOMALY,0.0,0.0
0.015,1502.94,100.73,0.0,BUBBLE_ANOMALY,0.0,0.0
0.016,1502.9,96.04,0.0,BUBBLE_ANOMALY,0.0,0.0
0.017,1505.14,98.77,0.0,BUBBLE_ANOMALY,0.0,0.0
0.018,1506.02,100.58,0.0,BUBBLE_ANOMALY,0.0,0.0
0.019,1510.44,101.74,0.0,BUBBLE_ANOMALY,0.0,0.0
0.02,1505.98,100.45,0.0,BUBBLE_ANOMALY,0.0,0.0
0.021,1502.64,98.8,0.0,BUBBLE_ANOMALY,0.0,0.0
0.022,1513.16,99.78,0.0,BUBBLE_ANOMALY,0.0,0.0
0.023,1506.49,101.44,0.0,BUBBLE_ANOMALY,0.0,0.0
0.024,1506.37,101.15,0.0,BUBBLE_ANOMALY,0.0,0.0
0.025,1505.46,101.1,0.0,BUBBLE_ANOMALY,0.0,0.0
0.026,1503.09,101.99,0.0,BUBBLE_ANOMALY,0.0,0.0
0.027,1511.17,102.31,0.0,BUBBLE_ANOMALY,0.0,0.0
0.028,1504.13,98.3,0.0,BUBBLE_ANOMALY,0.0,0.0
0.029,1510.93,99.0,0.0,BUBBLE_ANOMALY,0.0,0.0
0.03,1507.23,101.92,0.0,BUBBLE_ANOMALY,0.0,0.0
0.031,1510.01,97.68,0.0,BUBBLE_ANOMALY,0.0,0.0
0.032,1507.53,101.48,0.0,BUBBLE_ANOMALY,0.0,0.0
0.033,1509.58,97.76,0.0,BUBBLE_ANOMALY,0.0,0.0
0.034,1508.73,101.7,0.0,BUBBLE_ANOMALY,0.0,0.0
0.035,1509.01,100.18,0.0,BUBBLE_ANOMALY,0.0,0.0
0.036,1512.81,100.25,0.0,BUBBLE_ANOMALY,0.0,0.0
0.037,1509.22,100.57,0.0,BUBBLE_ANOMALY,0.0,0.0
0.038,1506.02,98.61,0.0,BUBBLE_ANOMALY,0.0,0.0
0.039,1504.62,102.0,0.0,BUBBLE_ANOMALY,0.0,0.0
0.04,1507.8,101.79,0.0,BUBBLE_ANOMALY,0.0,0.0
0.041,1511.54,97.03,0.0,BUBBLE_ANOMALY,0.0,0.0
0.042,1511.5,102.84,0.0,BUBBLE_ANOMALY,0.0,0.0
0.043,1512.15,98.61,0.0,BUBBLE_ANOMALY,0.0,0.0
0.044,1511.06,97.94,0.0,BUBBLE_ANOMALY,0.0,0.0
0.045,1511.04,98.14,0.0,BUBBLE_ANOMALY,0.0,0.0
0.046,1507.67,101.06,0.0,BUBBLE_ANOMALY,0.0,0.0
0.047,1511.67,95.03,0.0,BUBBLE_ANOMALY,0.0,0.0
0.048,1514.48,99.21,0.0,BUBBLE_ANOMALY,0.0,0.0
0.049,1509.62,99.11,0.0,BUBBLE_ANOMALY,0.0,0.0
0.05,1511.98,99.35,0.0,BUBBLE_ANOMALY,0.0,0.0
0.051,1508.27,97.82,0.0,BUBBLE_ANOMALY,0.0,0.0
0.052,1513.13,99.94,0.0,BUBBLE_ANOMALY,0.0,0.0
0.053,1511.96,100.1,0.0,BUBBLE_ANOMALY,0.0,0.0
0.054,1510.31,99.27,0.0,BUBBLE_ANOMALY,0.0,0.0
0.055,1507.05,101.65,0.0,BUBBLE_ANOMALY,0.0,0.0
0.056,1510.88,98.51,0.0,BUBBLE_ANOMALY,0.0,0.0
0.057,1514.73,99.65,0.0,BUBBLE_ANOMALY,0.0,0.0
0.058,1510.07,100.58,0.0,BUBBLE_ANOMALY,0.0,0.0
0.059,1516.48,97.59,0.0,BUBBLE_ANOMALY,0.0,0.0
0.06,1505.69,96.78,0.0,BUBBLE_ANOMALY,0.0,0.0
0.061,1507.18,100.31,0.0,BUBBLE_ANOMALY,0.0,0.0
0.062,1507.22,101.31,0.0,BUBBLE_ANOMALY,0.0,0.0
0.063,1509.23,102.67,0.0,BUBBLE_ANOMALY,0.0,0.0
0.064,1511.85,99.88,0.0,BUBBLE_ANOMALY,0.0,0.0
0.065,1507.33,100.05,0.0,BUBBLE_ANOMALY,0.0,0.0
0.066,1508.83,98.92,0.0,BUBBLE_ANOMALY,0.0,0.0
0.067,1510.34,100.52,0.0,BUBBLE_ANOMALY,0.0,0.0
0.068,1508.87,98.1,0.0,BUBBLE_ANOMALY,0.0,0.0
0.069,1508.5,100.86,0.0,BUBBLE_ANOMALY,0.0,0.0
0.07,1507.9,99.83,0.0,BUBBLE_ANOMALY,0.0,0.0
0.071,1512.21,98.76,0.0,BUBBLE_ANOMALY,0.0,0.0
0.072,1505.35,100.7,0.0,BUBBLE_ANOMALY,0.0,0.0
0.073,1512.16,101.03,0.0,BUBBLE_ANOMALY,0.0,0.0
0.074,1505.54,103.39,0.0,BUBBLE_ANOMALY,0.0,0.0
0.075,1509.09,100.25,0.0,BUBBLE_ANOMALY,0.0,0.0
0.076,1508.56,99.61,0.0,BUBBLE_ANOMALY,0.0,0.0
0.077,1506.62,100.46,0.0,BUBBLE_ANOMALY,0.0,0.0
0.078,1506.55,100.48,0.0,BUBBLE_ANOMALY,0.0,0.0
0.079,1507.51,100.06,0.0,BUBBLE_ANOMALY,0.0,0.0
0.08,1505.29,103.78,0.0,BUBBLE_ANOMALY,0.0,0.0
0.081,1503.76,101.99,0.0,BUBBLE_ANOMALY,0.0,0.0
0.082,1508.76,101.47,0.0,BUBBLE_ANOMALY,0.0,0.0
0.083,1504.19,100.27,0.0,BUBBLE_ANOMALY,0.0,0.0
0.084,1505.0,100.26,0.0,BUBBLE_ANOMALY,0.0,0.0
0.085,1503.95,99.24,0.0,BUBBLE_ANOMALY,0.0,0.0
0.086,1505.13,97.65,0.0,BUBBLE_ANOMALY,0.0,0.0
0.087,1506.18,99.93,0.0,BUBBLE_ANOMALY,0.0,0.0
0.088,1501.57,100.0,0.0,BUBBLE_ANOMALY,0.0,0.0
0.089,1496.52,99.37,0.0,BUBBLE_ANOMALY,0.0,0.0
0.09,1509.67,101.66,0.0,BUBBLE_ANOMALY,0.0,0.0
0.091,1499.27,100.59,0.0,BUBBLE_ANOMALY,0.0,0.0
0.092,1503.24,100.28,0.0,BUBBLE_ANOMALY,0.0,0.0
0.093,1499.37,100.7,0.0,BUBBLE_ANOMALY,0.0,0.0
0.094,1501.73,98.2,0.0,BUBBLE_ANOMALY,0.0,0.0
0.095,1496.1,99.56,0.0,BUBBLE_ANOMALY,0.0,0.0
0.096,1507.33,98.49,0.0,BUBBLE_ANOMALY,0.0,0.0
0.097,1500.34,101.5,0.0,BUBBLE_ANOMALY,0.0,0.0
0.098,1500.23,99.05,0.0,BUBBLE_ANOMALY,0.0,0.0
0.099,1502.78,98.03,0.0,BUBBLE_ANOMALY,0.0,0.0
0.1,1497.91,100.44,0.0,BUBBLE_ANOMALY,0.0,0.0
0.101,1494.56,101.87,0.0,BUBBLE_ANOMALY,0.0,0.0
0.102,1503.41,98.0,0.0,BUBBLE_ANOMALY,0.0,0.0
0.103,1492.92,101.6,0.0,BUBBLE_ANOMALY,0.0,0.0
0.104,1499.45,99.74,0.0,BUBBLE_ANOMALY,0.0,0.0
0.105,1494.01,98.99,0.0,BUBBLE_ANOMALY,0.0,0.0
0.106,1499.3,102.19,0.0,BUBBLE_ANOMALY,0.0,0.0
0.107,1499.63,101.81,0.0,BUBBLE_ANOMALY,0.0,0.0
0.108,1497.03,98.22,0.0,BUBBLE_ANOMALY,0.0,0.0
0.109,1495.52,101.83,0.0,BUBBLE_ANOMALY,0.0,0.0
0.11,1494.56,100.4,0.0,BUBBLE_ANOMALY,0.0,0.0
0.111,1496.54,100.46,0.0,BUBBLE_ANOMALY,0.0,0.0
0.112,1495.05,98.79,0.0,BUBBLE_ANOMALY,0.0,0.0
0.113,1493.19,99.44,0.0,BUBBLE_ANOMALY,0.0,0.0
0.114,1494.87,102.42,0.0,BUBBLE_ANOMALY,0.0,0.0
0.115,1494.15,99.03,0.0,BUBBLE_ANOMALY,0.0,0.0
0.116,1503.5,102.15,0.0,BUBBLE_ANOMALY,0.0,0.0
0.117,1493.88,104.16,0.0,BUBBLE_ANOMALY,0.0,0.0
0.118,1493.1,98.95,0.0,BUBBLE_ANOMALY,0.0,0.0
0.119,1496.45,100.85,0.0,BUBBLE_ANOMALY,0.0,0.0
0.12,1499.84,101.61,0.0,BUBBLE_ANOMALY,0.0,0.0
0.121,1491.38,100.27,0.0,BUBBLE_ANOMALY,0.0,0.0
0.122,1493.14,97.58,0.0,BUBBLE_ANOMALY,0.0,0.0
0.123,1491.3,100.18,0.0,BUBBLE_ANOMALY,0.0,0.0
0.124,1496.82,101.02,0.0,BUBBLE_ANOMALY,0.0,0.0
0.125,1495.12,101.35,0.0,BUBBLE_ANOMALY,0.0,0.0
0.126,1494.67,98.53,0.0,BUBBLE_ANOMALY,0.0,0.0
0.127,1490.02,100.59,0.0,BUBBLE_ANOMALY,0.0,0.0
0.128,1492.64,100.56,0.0,BUBBLE_ANOMALY,0.0,0.0
0.129,1495.42,102.45,0.0,BUBBLE_ANOMALY,0.0,0.0
0.13,1496.69,101.67,0.0,BUBBLE_ANOMALY,0.0,0.0
0.131,1490.88,100.59,0.0,BUBBLE_ANOMALY,0.0,0.0
0.132,1493.26,102.31,0.0,BUBBLE_ANOMALY,0.0,0.0
0.133,1494.49,101.07,0.0,BUBBLE_ANOMALY,0.0,0.0
0.134,1492.1,99.34,0.0,BUBBLE_ANOMALY,0.0,0.0
0.135,1494.49,100.76,0.0,BUBBLE_ANOMALY,0.0,0.0
0.136,1485.15,100.06,0.0,BUBBLE_ANOMALY,0.0,0.0
0.137,1492.7,100.84,0.0,BUBBLE_ANOMALY,0.0,0.0
0.138,1490.92,103.24,0.0,BUBBLE_ANOMALY,0.0,0.0
0.139,1493.05,99.25,0.0,BUBBLE_ANOMALY,0.0,0.0
0.14,1497.02,101.2,0.0,BUBBLE_ANOMALY,0.0,0.0
0.141,1492.73,102.37,0.0,BUBBLE_ANOMALY,0.0,0.0
0.142,1485.5,103.42,0.0,BUBBLE_ANOMALY,0.0,0.0
0.143,1487.24,101.64,0.0,BUBBLE_ANOMALY,0.0,0.0
0.144,1492.36,99.52,0.0,BUBBLE_ANOMALY,0.0,0.0
0.145,1492.46,98.63,0.0,BUBBLE_ANOMALY,0.0,0.0
0.146,1495.29,98.72,0.0,BUBBLE_ANOMALY,0.0,0.0
0.147,1492.79,96.38,0.0,BUBBLE_ANOMALY,0.0,0.0
0.148,1487.22,100.64,0.0,BUBBLE_ANOMALY,0.0,0.0
0.149,1496.82,99.64,0.0,BUBBLE_ANOMALY,0.0,0.0
0.15,1489.04,99.89,0.0,BUBBLE_ANOMALY,0.0,0.0
0.151,1490.88,99.42,0.0,BUBBLE_ANOMALY,0.0,0.0
0.152,1488.02,100.09,0.0,BUBBLE_ANOMALY,0.0,0.0
0.153,1492.28,99.34,0.0,BUBBLE_ANOMALY,0.0,0.0
0.154,1494.72,99.88,0.0,BUBBLE_ANOMALY,0.0,0.0
0.155,1494.5,99.76,0.0,BUBBLE_ANOMALY,0.0,0.0
0.156,1490.37,100.5,0.0,BUBBLE_ANOMALY,0.0,0.0
0.157,1490.24,102.41,0.0,BUBBLE_ANOMALY,0.0,0.0
0.158,1492.64,100.91,0.0,BUBBLE_ANOMALY,0.0,0.0
0.159,1489.7,100.31,0.0,BUBBLE_ANOMALY,0.0,0.0
0.16,1493.6,98.23,0.0,BUBBLE_ANOMALY,0.0,0.0
0.161,1494.7,99.75,0.0,BUBBLE_ANOMALY,0.0,0.0
0.162,1491.88,102.15,0.0,BUBBLE_ANOMALY,0.0,0.0
0.163,1489.26,99.79,0.0,BUBBLE_ANOMALY,0.0,0.0
0.164,1490.84,102.95,0.0,BUBBLE_ANOMALY,0.0,0.0
0.165,1495.27,101.58,0.0,BUBBLE_ANOMALY,0.0,0.0
0.166,1500.23,98.34,0.0,BUBBLE_ANOMALY,0.0,0.0
0.167,1493.85,99.64,0.0,BUBBLE_ANOMALY,0.0,0.0
0.168,1489.83,100.81,0.0,BUBBLE_ANOMALY,0.0,0.0
0.169,1489.68,101.48,0.0,BUBBLE_ANOMALY,0.0,0.0
0.17,1492.09,99.71,0.0,BUBBLE_ANOMALY,0.0,0.0
0.171,1494.94,99.32,0.0,BUBBLE_ANOMALY,0.0,0.0
0.172,1488.47,101.78,0.0,BUBBLE_ANOMALY,0.0,0.0
0.173,1492.97,101.19,0.0,BUBBLE_ANOMALY,0.0,0.0
0.174,1494.68,102.54,0.0,BUBBLE_ANOMALY,0.0,0.0
0.175,1495.36,99.22,0.0,BUBBLE_ANOMALY,0.0,0.0
0.176,1493.46,98.0,0.0,BUBBLE_ANOMALY,0.0,0.0
0.177,1489.12,101.71,0.0,BUBBLE_ANOMALY,0.0,0.0
0.178,1498.18,100.93,0.0,BUBBLE_ANOMALY,0.0,0.0
0.179,1498.22,99.64,0.0,BUBBLE_ANOMALY,0.0,0.0
0.18,1494.69,98.51,0.0,BUBBLE_ANOMALY,0.0,0.0
0.181,1493.17,98.71,0.0,BUBBLE_ANOMALY,0.0,0.0
0.182,1494.17,99.16,0.0,BUBBLE_ANOMALY,0.0,0.0
0.183,1494.08,97.21,0.0,BUBBLE_ANOMALY,0.0,0.0
0.184,1495.83,101.65,0.0,BUBBLE_ANOMALY,0.0,0.0
0.185,1496.72,101.08,0.0,BUBBLE_ANOMALY,0.0,0.0
0.186,1491.93,99.22,0.0,BUBBLE_ANOMALY,0.0,0.0
0.187,1491.45,98.77,0.0,BUBBLE_ANOMALY,0.0,0.0
0.188,1495.6,99.93,0.0,BUBBLE_ANOMALY,0.0,0.0
0.189,1497.09,104.04,0.0,BUBBLE_ANOMALY,0.0,0.0
0.19,1492.87,100.55,0.0,BUBBLE_ANOMALY,0.0,0.0
0.191,1498.14,100.37,0.0,BUBBLE_ANOMALY,0.0,0.0
0.192,1500.77,98.61,0.0,BUBBLE_ANOMALY,0.0,0.0
0.193,1496.38,98.72,0.0,BUBBLE_ANOMALY,0.0,0.0
0.194,1501.07,102.42,0.0,BUBBLE_ANOMALY,0.0,0.0
0.195,1495.9,99.3,0.0,BUBBLE_ANOMALY,0.0,0.0
0.196,1500.15,100.54,0.0,BUBBLE_ANOMALY,0.0,0.0
0.197,1495.8,99.8,0.0,BUBBLE_ANOMALY,0.0,0.0
0.198,1498.78,99.58,0.0,BUBBLE_ANOMALY,0.0,0.0
0.199,1496.01,99.31,0.0,BUBBLE_ANOMALY,0.0,0.0
0.2,1499.8,101.11,0.0,BUBBLE_ANOMALY,0.0,0.0
0.201,1501.99,98.22,0.0,BUBBLE_ANOMALY,0.0,0.0
0.202,1504.67,101.48,0.0,BUBBLE_ANOMALY,0.0,0.0
0.203,1498.6,100.01,0.0,BUBBLE_ANOMALY,0.0,0.0
0.204,1500.0,97.79,0.0,BUBBLE_ANOMALY,0.0,0.0
0.205,1496.25,98.62,0.0,BUBBLE_ANOMALY,0.0,0.0
0.206,1503.63,99.34,0.0,BUBBLE_ANOMALY,0.0,0.0
0.207,1499.5,98.55,0.0,BUBBLE_ANOMALY,0.0,0.0
0.208,1499.86,98.19,0.0,BUBBLE_ANOMALY,0.0,0.0
0.209,1502.4,100.58,0.0,BUBBLE_ANOMALY,0.0,0.0
0.21,1506.74,102.53,0.0,BUBBLE_ANOMALY,0.0,0.0
0.211,1500.63,100.28,0.0,BUBBLE_ANOMALY,0.0,0.0
0.212,1507.13,99.01,0.0,BUBBLE_ANOMALY,0.0,0.0
0.213,1506.19,99.42,0.0,BUBBLE_ANOMALY,0.0,0.0
0.214,1504.39,99.74,0.0,BUBBLE_ANOMALY,0.0,0.0
0.215,1507.24,100.43,0.0,BUBBLE_ANOMALY,0.0,0.0
0.216,1504.71,102.93,0.0,BUBBLE_ANOMALY,0.0,0.0
0.217,1501.69,100.6,0.0,BUBBLE_ANOMALY,0.0,0.0
0.218,1505.39,101.75,0.0,BUBBLE_ANOMALY,0.0,0.0
0.219,1505.18,100.51,0.0,BUBBLE_ANOMALY,0.0,0.0
0.22,1502.42,100.29,0.0,BUBBLE_ANOMALY,0.0,0.0
0.221,1509.23,99.35,0.0,BUBBLE_ANOMALY,0.0,0.0
0.222,1504.03,99.47,0.0,BUBBLE_ANOMALY,0.0,0.0
0.223,1501.84,101.78,0.0,BUBBLE_ANOMALY,0.0,0.0
0.224,1504.15,101.34,0.0,BUBBLE_ANOMALY,0.0,0.0
0.225,1508.23,101.74,0.0,BUBBLE_ANOMALY,0.0,0.0
0.226,1510.65,100.32,0.0,BUBBLE_ANOMALY,0.0,0.0
0.227,1508.3,99.37,0.0,BUBBLE_ANOMALY,0.0,0.0
0.228,1508.19,101.98,0.0,BUBBLE_ANOMALY,0.0,0.0
0.229,1514.74,98.56,0.0,BUBBLE_ANOMALY,0.0,0.0
0.23,1505.41,98.94,0.0,BUBBLE_ANOMALY,0.0,0.0
0.231,1506.63,100.33,0.0,BUBBLE_ANOMALY,0.0,0.0
0.232,1507.62,100.37,0.0,BUBBLE_ANOMALY,0.0,0.0
0.233,1505.18,98.41,0.0,BUBBLE_ANOMALY,0.0,0.0
0.234,1506.93,99.68,0.0,BUBBLE_ANOMALY,0.0,0.0
0.235,1514.26,98.81,0.0,BUBBLE_ANOMALY,0.0,0.0
0.236,1508.63,104.22,0.0,BUBBLE_ANOMALY,0.0,0.0
0.237,1510.22,100.04,0.0,BUBBLE_ANOMALY,0.0,0.0
0.238,1506.26,102.23,0.0,BUBBLE_ANOMALY,0.0,0.0
0.239,1508.9,100.29,0.0,BUBBLE_ANOMALY,0.0,0.0
0.24,1513.09,100.84,0.0,BUBBLE_ANOMALY,0.0,0.0
0.241,1507.96,99.4,0.0,BUBBLE_ANOMALY,0.0,0.0
0.242,1515.22,101.3,0.0,BUBBLE_ANOMALY,0.0,0.0
0.243,1510.97,102.79,0.0,BUBBLE_ANOMALY,0.0,0.0
0.244,1514.18,101.14,0.0,BUBBLE_ANOMALY,0.0,0.0
0.245,1512.81,99.4,0.0,BUBBLE_ANOMALY,0.0,0.0
0.246,1512.25,98.9,0.0,BUBBLE_ANOMALY,0.0,0.0
0.247,1511.47,101.75,0.0,BUBBLE_ANOMALY,0.0,0.0
0.248,1511.19,98.56,0.0,BUBBLE_ANOMALY,0.0,0.0
0.249,1513.82,99.14,0.0,BUBBLE_ANOMALY,0.0,0.0
0.25,1508.0,101.21,0.0,BUBBLE_ANOMALY,0.0,0.0
0.251,1511.4,100.77,0.0,BUBBLE_ANOMALY,0.0,0.0
0.252,1505.94,98.1,0.0,BUBBLE_ANOMALY,0.0,0.0
0.253,1514.85,99.75,0.0,BUBBLE_ANOMALY,0.0,0.0
0.254,1512.37,100.19,0.0,BUBBLE_ANOMALY,0.0,0.0
0.255,1511.48,101.54,0.0,BUBBLE_ANOMALY,0.0,0.0
0.256,1508.23,99.94,0.0,BUBBLE_ANOMALY,0.0,0.0
0.257,1509.74,98.3,0.0,BUBBLE_ANOMALY,0.0,0.0
0.258,1511.09,102.95,0.0,BUBBLE_ANOMALY,0.0,0.0
0.259,1502.89,101.87,0.0,BUBBLE_ANOMALY,0.0,0.0
0.26,1511.04,98.93,0.0,BUBBLE_ANOMALY,0.0,0.0
0.261,1508.25,100.38,0.0,BUBBLE_ANOMALY,0.0,0.0
0.262,1513.4,101.84,0.0,BUBBLE_ANOMALY,0.0,0.0
0.263,1511.51,97.88,0.0,BUBBLE_ANOMALY,0.0,0.0
0.264,1511.07,100.81,0.0,BUBBLE_ANOMALY,0.0,0.0
0.265,1512.47,99.17,0.0,BUBBLE_ANOMALY,0.0,0.0
0.266,1511.42,98.78,0.0,BUBBLE_ANOMALY,0.0,0.0
0.267,1515.51,99.7,0.0,BUBBLE_ANOMALY,0.0,0.0
0.268,1510.08,99.73,0.0,BUBBLE_ANOMALY,0.0,0.0
0.269,1512.61,99.28,0.0,BUBBLE_ANOMALY,0.0,0.0
0.27,1513.0,97.6,0.0,BUBBLE_ANOMALY,0.0,0.0
0.271,1507.83,99.09,0.0,BUBBLE_ANOMALY,0.0,0.0
0.272,1510.81,99.61,0.0,BUBBLE_ANOMALY,0.0,0.0
0.273,1509.48,98.91,0.0,BUBBLE_ANOMALY,0.0,0.0
0.274,1506.67,99.55,0.0,BUBBLE_ANOMALY,0.0,0.0
0.275,1510.13,100.76,0.0,BUBBLE_ANOMALY,0.0,0.0
0.276,1509.01,101.7,0.0,BUBBLE_ANOMALY,0.0,0.0
0.277,1514.71,99.02,0.0,BUBBLE_ANOMALY,0.0,0.0
0.278,1508.89,100.02,0.0,BUBBLE_ANOMALY,0.0,0.0
0.279,1509.13,99.83,0.0,BUBBLE_ANOMALY,0.0,0.0
0.28,1510.0,101.7,0.0,BUBBLE_ANOMALY,0.0,0.0
0.281,1507.19,99.52,0.0,BUBBLE_ANOMALY,0.0,0.0
0.282,1506.05,100.59,0.0,BUBBLE_ANOMALY,0.0,0.0
0.283,1505.47,99.19,0.0,BUBBLE_ANOMALY,0.0,0.0
0.284,1500.49,97.73,0.0,BUBBLE_ANOMALY,0.0,0.0
0.285,1503.56,100.39,0.0,BUBBLE_ANOMALY,0.0,0.0
0.286,1509.46,97.54,0.0,BUBBLE_ANOMALY,0.0,0.0
0.287,1506.21,101.22,0.0,BUBBLE_ANOMALY,0.0,0.0
0.288,1503.22,99.9,0.0,BUBBLE_ANOMALY,0.0,0.0
0.289,1507.41,98.65,0.0,BUBBLE_ANOMALY,0.0,0.0
0.29,1507.73,99.51,0.0,BUBBLE_ANOMALY,0.0,0.0
0.291,1503.55,97.87,0.0,BUBBLE_ANOMALY,0.0,0.0
0.292,1509.88,98.35,0.0,BUBBLE_ANOMALY,0.0,0.0
0.293,1503.02,99.88,0.0,BUBBLE_ANOMALY,0.0,0.0
0.294,1501.26,103.32,0.0,BUBBLE_ANOMALY,0.0,0.0
0.295,1502.56,99.03,0.0,BUBBLE_ANOMALY,0.0,0.0
0.296,1502.22,101.33,0.0,BUBBLE_ANOMALY,0.0,0.0
0.297,1502.65,97.45,0.0,BUBBLE_ANOMALY,0.0,0.0
0.298,1500.86,100.63,0.0,BUBBLE_ANOMALY,0.0,0.0
0.299,1503.52,98.46,0.0,BUBBLE_ANOMALY,0.0,0.0
0.3,1496.68,101.77,0.0,BUBBLE_ANOMALY,0.0,0.0
0.301,1500.31,97.8,0.0,BUBBLE_ANOMALY,0.0,0.0
0.302,1498.98,102.09,0.0,BUBBLE_ANOMALY,0.0,0.0
0.303,1500.56,100.9,0.0,BUBBLE_ANOMALY,0.0,0.0
0.304,1492.8,96.29,0.0,BUBBLE_ANOMALY,0.0,0.0
0.305,1499.84,98.87,0.0,BUBBLE_ANOMALY,0.0,0.0
0.306,1498.52,99.23,0.0,BUBBLE_ANOMALY,0.0,0.0
0.307,1493.07,98.24,0.0,BUBBLE_ANOMALY,0.0,0.0
0.308,1498.7,101.05,0.0,BUBBLE_ANOMALY,0.0,0.0
0.309,1497.25,102.66,0.0,BUBBLE_ANOMALY,0.0,0.0
0.31,1501.17,102.25,0.0,BUBBLE_ANOMALY,0.0,0.0
0.311,1497.28,103.9,0.0,BUBBLE_ANOMALY,0.0,0.0
0.312,1498.02,96.96,0.0,BUBBLE_ANOMALY,0.0,0.0
0.313,1499.46,97.56,0.0,BUBBLE_ANOMALY,0.0,0.0
0.314,1497.74,99.76,0.0,BUBBLE_ANOMALY,0.0,0.0
0.315,1494.22,101.6,0.0,BUBBLE_ANOMALY,0.0,0.0
0.316,1497.71,101.24,0.0,BUBBLE_ANOMALY,0.0,0.0
0.317,1495.38,99.94,0.0,BUBBLE_ANOMALY,0.0,0.0
0.318,1493.4,100.4,0.0,BUBBLE_ANOMALY,0.0,0.0
0.319,1495.29,100.5,0.0,BUBBLE_ANOMALY,0.0,0.0
0.32,1490.12,104.05,0.0,BUBBLE_ANOMALY,0.0,0.0
0.321,1492.24,102.3,0.0,BUBBLE_ANOMALY,0.0,0.0
0.322,1489.64,100.22,0.0,BUBBLE_ANOMALY,0.0,0.0
0.323,1493.28,98.72,0.0,BUBBLE_ANOMALY,0.0,0.0
0.324,1489.21,96.82,0.0,BUBBLE_ANOMALY,0.0,0.0
0.325,1493.95,101.1,0.0,BUBBLE_ANOMALY,0.0,0.0
0.326,1495.82,99.86,0.0,BUBBLE_ANOMALY,0.0,0.0
0.327,1495.0,101.93,0.0,BUBBLE_ANOMALY,0.0,0.0
0.328,1488.39,101.38,0.0,BUBBLE_ANOMALY,0.0,0.0
0.329,1487.93,99.33,0.0,BUBBLE_ANOMALY,0.0,0.0
0.33,1490.07,102.13,0.0,BUBBLE_ANOMALY,0.0,0.0
0.331,1491.44,104.08,0.0,BUBBLE_ANOMALY,0.0,0.0
0.332,1487.04,98.01,0.0,BUBBLE_ANOMALY,0.0,0.0
0.333,1489.38,100.15,0.0,BUBBLE_ANOMALY,0.0,0.0
0.334,1489.23,100.21,0.0,BUBBLE_ANOMALY,0.0,0.0
0.335,1489.8,101.19,0.0,BUBBLE_ANOMALY,0.0,0.0
0.336,1484.54,102.86,0.0,BUBBLE_ANOMALY,0.0,0.0
0.337,1486.45,99.05,0.0,BUBBLE_ANOMALY,0.0,0.0
0.338,1489.08,100.73,0.0,BUBBLE_ANOMALY,0.0,0.0
0.339,1488.14,96.3,0.0,BUBBLE_ANOMALY,0.0,0.0
0.34,1489.95,100.79,0.0,BUBBLE_ANOMALY,0.0,0.0
0.341,1488.97,100.46,0.0,BUBBLE_ANOMALY,0.0,0.0
0.342,1490.63,100.88,0.0,BUBBLE_ANOMALY,0.0,0.0
0.343,1485.58,99.3,0.0,BUBBLE_ANOMALY,0.0,0.0
0.344,1489.52,102.27,0.0,BUBBLE_ANOMALY,0.0,0.0
0.345,1485.38,100.23,0.0,BUBBLE_ANOMALY,0.0,0.0
0.346,1491.72,97.86,0.0,BUBBLE_ANOMALY,0.0,0.0
0.347,1492.96,99.05,0.0,BUBBLE_ANOMALY,0.0,0.0
0.348,1487.42,101.05,0.0,BUBBLE_ANOMALY,0.0,0.0
0.349,1489.65,101.25,0.0,BUBBLE_ANOMALY,0.0,0.0
0.35,1491.35,99.26,0.0,BUBBLE_ANOMALY,0.0,0.0
0.351,1488.96,99.89,0.0,BUBBLE_ANOMALY,0.0,0.0
0.352,1490.33,99.32,0.0,BUBBLE_ANOMALY,0.0,0.0
0.353,1487.6,97.08,0.0,BUBBLE_ANOMALY,0.0,0.0
0.354,1494.75,99.96,0.0,BUBBLE_ANOMALY,0.0,0.0
0.355,1489.83,98.49,0.0,BUBBLE_ANOMALY,0.0,0.0
0.356,1489.26,98.69,0.0,BUBBLE_ANOMALY,0.0,0.0
0.357,1492.49,99.41,0.0,BUBBLE_ANOMALY,0.0,0.0
0.358,1492.07,98.65,0.0,BUBBLE_ANOMALY,0.0,0.0
0.359,1485.49,98.4,0.0,BUBBLE_ANOMALY,0.0,0.0
0.36,1493.73,101.23,0.0,BUBBLE_ANOMALY,0.0,0.0
0.361,1489.91,97.73,0.0,BUBBLE_ANOMALY,0.0,0.0
0.362,1485.24,98.76,0.0,BUBBLE_ANOMALY,0.0,0.0
0.363,1490.04,98.84,0.0,BUBBLE_ANOMALY,0.0,0.0
0.364,1487.97,101.24,0.0,BUBBLE_ANOMALY,0.0,0.0
0.365,1492.37,101.24,0.0,BUBBLE_ANOMALY,0.0,0.0
0.366,1493.69,102.82,0.0,BUBBLE_ANOMALY,0.0,0.0
0.367,1491.4,99.47,0.0,BUBBLE_ANOMALY,0.0,0.0
0.368,1489.74,99.85,0.0,BUBBLE_ANOMALY,0.0,0.0
0.369,1488.82,98.77,0.0,BUBBLE_ANOMALY,0.0,0.0
0.37,1493.17,98.89,0.0,BUBBLE_ANOMALY,0.0,0.0
0.371,1491.67,102.69,0.0,BUBBLE_ANOMALY,0.0,0.0
0.372,1488.31,98.5,0.0,BUBBLE_ANOMALY,0.0,0.0
0.373,1494.74,100.31,0.0,BUBBLE_ANOMALY,0.0,0.0
0.374,1490.38,100.3,0.0,BUBBLE_ANOMALY,0.0,0.0
0.375,1494.67,100.12,0.0,BUBBLE_ANOMALY,0.0,0.0
0.376,1491.56,99.19,0.0,BUBBLE_ANOMALY,0.0,0.0
0.377,1491.27,102.18,0.0,BUBBLE_ANOMALY,0.0,0.0
0.378,1494.14,101.57,0.0,BUBBLE_ANOMALY,0.0,0.0
0.379,1500.03,99.39,0.0,BUBBLE_ANOMALY,0.0,0.0
0.38,1495.43,102.95,0.0,BUBBLE_ANOMALY,0.0,0.0
0.381,1492.06,101.41,0.0,BUBBLE_ANOMALY,0.0,0.0
0.382,1497.08,100.24,0.0,BUBBLE_ANOMALY,0.0,0.0
0.383,1494.07,97.72,0.0,BUBBLE_ANOMALY,0.0,0.0
0.384,1499.6,100.81,0.0,BUBBLE_ANOMALY,0.0,0.0
0.385,1490.97,101.04,0.0,BUBBLE_ANOMALY,0.0,0.0
0.386,1500.75,100.33,0.0,BUBBLE_ANOMALY,0.0,0.0
0.387,1498.09,99.86,0.0,BUBBLE_ANOMALY,0.0,0.0
0.388,1493.59,100.06,0.0,BUBBLE_ANOMALY,0.0,0.0
0.389,1493.11,100.45,0.0,BUBBLE_ANOMALY,0.0,0.0
0.39,1499.8,100.46,0.0,BUBBLE_ANOMALY,0.0,0.0
0.391,1495.76,101.09,0.0,BUBBLE_ANOMALY,0.0,0.0
0.392,1494.01,98.23,0.0,BUBBLE_ANOMALY,0.0,0.0
0.393,1498.36,100.21,0.0,BUBBLE_ANOMALY,0.0,0.0
0.394,1499.72,99.41,0.0,BUBBLE_ANOMALY,0.0,0.0
0.395,1499.97,100.78,0.0,BUBBLE_ANOMALY,0.0,0.0
0.396,1495.26,97.33,0.0,BUBBLE_ANOMALY,0.0,0.0
0.397,1497.19,100.46,0.0,BUBBLE_ANOMALY,0.0,0.0
0.398,1499.72,100.33,0.0,BUBBLE_ANOMALY,0.0,0.0
0.399,1496.24,100.85,0.0,BUBBLE_ANOMALY,0.0,0.0
0.4,1499.35,103.31,0.0,BUBBLE_ANOMALY,0.0,0.0
0.401,1500.3,97.29,0.0,BUBBLE_ANOMALY,0.0,0.0
0.402,1500.65,100.5,0.0,BUBBLE_ANOMALY,0.0,0.0
0.403,1495.08,98.87,0.0,BUBBLE_ANOMALY,0.0,0.0
0.404,1499.83,102.21,0.0,BUBBLE_ANOMALY,0.0,0.0
0.405,1499.37,100.15,0.0,BUBBLE_ANOMALY,0.0,0.0
0.406,1499.81,100.64,0.0,BUBBLE_ANOMALY,0.0,0.0
0.407,1506.48,99.22,0.0,BUBBLE_ANOMALY,0.0,0.0
0.408,1503.88,98.52,0.0,BUBBLE_ANOMALY,0.0,0.0
0.409,1501.23,100.54,0.0,BUBBLE_ANOMALY,0.0,0.0
0.41,1507.15,100.86,0.0,BUBBLE_ANOMALY,0.0,0.0
0.411,1507.75,97.98,0.0,BUBBLE_ANOMALY,0.0,0.0
0.412,1503.18,100.36,0.0,BUBBLE_ANOMALY,0.0,0.0
0.413,1501.66,99.97,0.0,BUBBLE_ANOMALY,0.0,0.0
0.414,1505.89,100.23,0.0,BUBBLE_ANOMALY,0.0,0.0
0.415,1500.19,99.64,0.0,BUBBLE_ANOMALY,0.0,0.0
0.416,1505.29,99.37,0.0,BUBBLE_ANOMALY,0.0,0.0
0.417,1503.89,98.27,0.0,BUBBLE_ANOMALY,0.0,0.0
0.418,1500.14,99.27,0.0,BUBBLE_ANOMALY,0.0,0.0
0.419,1509.68,100.71,0.0,BUBBLE_ANOMALY,0.0,0.0
0.42,1502.72,102.9,0.0,BUBBLE_ANOMALY,0.0,0.0
0.421,1499.1,100.75,0.0,BUBBLE_ANOMALY,0.0,0.0
0.422,1505.56,97.27,0.0,BUBBLE_ANOMALY,0.0,0.0
0.423,1502.03,101.67,0.0,BUBBLE_ANOMALY,0.0,0.0
0.424,1511.79,100.55,0.0,BUBBLE_ANOMALY,0.0,0.0
0.425,1505.13,101.92,0.0,BUBBLE_ANOMALY,0.0,0.0
0.426,1513.65,102.9,0.0,BUBBLE_ANOMALY,0.0,0.0
0.427,1501.79,101.88,0.0,BUBBLE_ANOMALY,0.0,0.0
0.428,1514.3,100.49,0.0,BUBBLE_ANOMALY,0.0,0.0
0.429,1507.19,100.01,0.0,BUBBLE_ANOMALY,0.0,0.0
0.43,1506.77,101.56,0.0,BUBBLE_ANOMALY,0.0,0.0
0.431,1507.7,99.46,0.0,BUBBLE_ANOMALY,0.0,0.0
0.432,1510.85,99.83,0.0,BUBBLE_ANOMALY,0.0,0.0
0.433,1505.82,101.54,0.0,BUBBLE_ANOMALY,0.0,0.0
0.434,1511.17,101.46,0.0,BUBBLE_ANOMALY,0.0,0.0
0.435,1506.82,99.2,0.0,BUBBLE_ANOMALY,0.0,0.0
0.436,1506.98,101.23,0.0,BUBBLE_ANOMALY,0.0,0.0
0.437,1508.29,98.66,0.0,BUBBLE_ANOMALY,0.0,0.0
0.438,1511.35,99.22,0.0,BUBBLE_ANOMALY,0.0,0.0
0.439,1506.53,100.94,0.0,BUBBLE_ANOMALY,0.0,0.0
0.44,1515.19,103.28,0.0,BUBBLE_ANOMALY,0.0,0.0
0.441,1507.85,101.69,0.0,BUBBLE_ANOMALY,0.0,0.0
0.442,1516.22,100.37,0.0,BUBBLE_ANOMALY,0.0,0.0
0.443,1506.95,97.51,0.0,BUBBLE_ANOMALY,0.0,0.0
0.444,1516.84,99.29,0.0,BUBBLE_ANOMALY,0.0,0.0
0.445,1513.01,100.28,0.0,BUBBLE_ANOMALY,0.0,0.0
0.446,1514.87,100.6,0.0,BUBBLE_ANOMALY,0.0,0.0
0.447,1505.85,99.62,0.0,BUBBLE_ANOMALY,0.0,0.0
0.448,1507.3,97.44,0.0,BUBBLE_ANOMALY,0.0,0.0
0.449,1507.05,99.12,0.0,BUBBLE_ANOMALY,0.0,0.0
0.45,1509.84,99.8,0.0,BUBBLE_ANOMALY,0.0,0.0
0.451,1512.11,98.8,0.0,BUBBLE_ANOMALY,0.0,0.0
0.452,1513.0,100.79,0.0,BUBBLE_ANOMALY,0.0,0.0
0.453,1511.44,98.5,0.0,BUBBLE_ANOMALY,0.0,0.0
0.454,1511.77,99.7,0.0,BUBBLE_ANOMALY,0.0,0.0
0.455,1514.17,99.33,0.0,BUBBLE_ANOMALY,0.0,0.0
0.456,1509.84,97.06,0.0,BUBBLE_ANOMALY,0.0,0.0
0.457,1508.47,99.38,0.0,BUBBLE_ANOMALY,0.0,0.0
0.458,1511.61,99.85,0.0,BUBBLE_ANOMALY,0.0,0.0
0.459,1511.12,101.54,0.0,BUBBLE_ANOMALY,0.0,0.0
0.46,1505.35,100.94,0.0,BUBBLE_ANOMALY,0.0,0.0
0.461,1509.91,100.2,0.0,BUBBLE_ANOMALY,0.0,0.0
0.462,1516.92,99.56,0.0,BUBBLE_ANOMALY,0.0,0.0
0.463,1509.36,100.66,0.0,BUBBLE_ANOMALY,0.0,0.0
0.464,1512.2,100.43,0.0,BUBBLE_ANOMALY,0.0,0.0
0.465,1508.33,97.17,0.0,BUBBLE_ANOMALY,0.0,0.0
0.466,1513.72,97.98,0.0,BUBBLE_ANOMALY,0.0,0.0
0.467,1510.48,96.64,0.0,BUBBLE_ANOMALY,0.0,0.0
0.468,1506.69,101.58,0.0,BUBBLE_ANOMALY,0.0,0.0
0.469,1511.25,95.88,0.0,BUBBLE_ANOMALY,0.0,0.0
0.47,1513.72,103.22,0.0,BUBBLE_ANOMALY,0.0,0.0
0.471,1509.78,101.0,0.0,BUBBLE_ANOMALY,0.0,0.0
0.472,1508.0,99.83,0.0,BUBBLE_ANOMALY,0.0,0.0
0.473,1509.64,101.09,0.0,BUBBLE_ANOMALY,0.0,0.0
0.474,1508.2,98.56,0.0,BUBBLE_ANOMALY,0.0,0.0
0.475,1509.75,98.8,0.0,BUBBLE_ANOMALY,0.0,0.0
0.476,1505.89,100.56,0.0,BUBBLE_ANOMALY,0.0,0.0
0.477,1503.74,99.32,0.0,BUBBLE_ANOMALY,0.0,0.0
0.478,1509.69,99.79,0.0,BUBBLE_ANOMALY,0.0,0.0
0.479,1512.86,98.96,0.0,BUBBLE_ANOMALY,0.0,0.0
0.48,1507.25,99.25,0.0,BUBBLE_ANOMALY,0.0,0.0
0.481,1505.77,100.07,0.0,BUBBLE_ANOMALY,0.0,0.0
0.482,1514.12,102.09,0.0,BUBBLE_ANOMALY,0.0,0.0
0.483,1508.49,100.2,0.0,BUBBLE_ANOMALY,0.0,0.0
0.484,1507.93,99.13,0.0,BUBBLE_ANOMALY,0.0,0.0
0.485,1505.52,100.83,0.0,BUBBLE_ANOMALY,0.0,0.0
0.486,1502.76,98.86,0.0,BUBBLE_ANOMALY,0.0,0.0
0.487,1502.88,99.55,0.0,BUBBLE_ANOMALY,0.0,0.0
0.488,1503.1,103.46,0.0,BUBBLE_ANOMALY,0.0,0.0
0.489,1499.2,98.65,0.0,BUBBLE_ANOMALY,0.0,0.0
0.49,1502.43,100.57,0.0,BUBBLE_ANOMALY,0.0,0.0
0.491,1503.24,99.52,0.0,BUBBLE_ANOMALY,0.0,0.0
0.492,1501.65,99.15,0.0,BUBBLE_ANOMALY,0.0,0.0
0.493,1503.12,99.53,0.0,BUBBLE_ANOMALY,0.0,0.0
0.494,1501.64,96.99,0.0,BUBBLE_ANOMALY,0.0,0.0
0.495,1502.05,98.35,0.0,BUBBLE_ANOMALY,0.0,0.0
0.496,1499.39,101.04,0.0,BUBBLE_ANOMALY,0.0,0.0
0.497,1499.99,99.61,0.0,BUBBLE_ANOMALY,0.0,0.0
0.498,1500.62,98.03,0.0,BUBBLE_ANOMALY,0.0,0.0
0.499,1498.09,97.25,0.0,BUBBLE_ANOMALY,0.0,0.0
0.5,1499.72,100.0,1.0,BUBBLE_ANOMALY,0.0,0.0
0.501,1497.84,165.17,1.0,BUBBLE_ANOMALY,0.0,0.0
0.502,1502.63,227.13,1.0,BUBBLE_ANOMALY,0.0,0.0
0.503,1498.33,286.02,1.0,BUBBLE_ANOMALY,0.0,0.0
0.504,1500.28,342.01,1.0,BUBBLE_ANOMALY,0.0,0.0
0.505,1496.74,395.23,1.0,BUBBLE_ANOMALY,0.0,0.0
0.506,1497.49,445.83,1.0,BUBBLE_ANOMALY,0.0,0.0
0.507,1497.54,493.92,1.0,BUBBLE_ANOMALY,0.0,0.0
0.508,1493.75,539.65,1.0,BUBBLE_ANOMALY,0.0,0.0
0.509,1492.26,583.11,1.0,BUBBLE_ANOMALY,0.0,0.0
0.51,1492.85,624.43,1.0,BUBBLE_ANOMALY,0.0,0.0
0.511,1498.67,663.71,1.0,BUBBLE_ANOMALY,0.0,0.0
0.512,1497.86,701.05,1.0,BUBBLE_ANOMALY,0.0,0.0
0.513,1495.18,736.55,1.0,BUBBLE_ANOMALY,0.0,0.0
0.514,1490.6,770.29,1.0,BUBBLE_ANOMALY,0.0,0.0
0.515,1497.68,802.37,1.0,BUBBLE_ANOMALY,0.0,0.0
0.516,1493.41,832.86,1.0,BUBBLE_ANOMALY,0.0,0.0
0.517,1495.66,861.85,1.0,BUBBLE_ANOMALY,0.0,0.0
0.518,1495.6,889.41,1.0,BUBBLE_ANOMALY,0.0,0.0
0.519,1498.03,915.6,1.0,BUBBLE_ANOMALY,0.0,0.0
0.52,1494.19,940.51,1.0,BUBBLE_ANOMALY,0.0,0.0
0.521,1482.81,964.18,1.0,BUBBLE_ANOMALY,0.0,0.0
0.522,1495.5,986.69,1.0,BUBBLE_ANOMALY,0.0,0.0
0.523,1490.81,1008.08,1.0,BUBBLE_ANOMALY,0.0,0.0
0.524,1488.56,1028.42,1.0,BUBBLE_ANOMALY,0.0,0.0
0.525,1490.08,1047.75,1.0,BUBBLE_ANOMALY,0.0,0.0
0.526,1485.88,1066.13,1.0,BUBBLE_ANOMALY,0.0,0.0
0.527,1494.7,1083.6,1.0,BUBBLE_ANOMALY,0.0,0.0
0.528,1488.86,1100.21,1.0,BUBBLE_ANOMALY,0.0,0.0
0.529,1494.46,1116.0,1.0,BUBBLE_ANOMALY,0.0,0.0
0.53,1491.53,1131.01,1.0,BUBBLE_ANOMALY,0.0,0.0
0.531,1491.2,1145.28,1.0,BUBBLE_ANOMALY,0.0,0.0
0.532,1493.39,1158.84,1.0,BUBBLE_ANOMALY,0.0,0.0
0.533,1482.86,1171.73,1.0,BUBBLE_ANOMALY,0.0,0.0
0.534,1493.2,1183.99,1.0,BUBBLE_ANOMALY,0.0,0.0
0.535,1491.65,1195.64,1.0,BUBBLE_ANOMALY,0.0,0.0
0.536,1494.02,1206.72,1.0,BUBBLE_ANOMALY,0.0,0.0
0.537,1489.51,1217.25,1.0,BUBBLE_ANOMALY,0.0,0.0
0.538,1491.8,1227.26,1.0,BUBBLE_ANOMALY,0.0,0.0
0.539,1488.19,1236.78,1.0,BUBBLE_ANOMALY,0.0,0.0
0.54,1492.36,1245.82,1.0,BUBBLE_ANOMALY,0.0,0.0
0.541,1492.71,1254.42,1.0,BUBBLE_ANOMALY,0.0,0.0
0.542,1482.33,1262.6,1.0,BUBBLE_ANOMALY,0.0,0.0
0.543,1491.23,1270.37,1.0,BUBBLE_ANOMALY,0.0,0.0
0.544,1487.25,1277.76,1.0,BUBBLE_ANOMALY,0.0,0.0
0.545,1489.5,1284.78,1.0,BUBBLE_ANOMALY,0.0,0.0
0.546,1489.34,1291.46,1.0,BUBBLE_ANOMALY,0.0,0.0
0.547,1490.66,1297.8,1.0,BUBBLE_ANOMALY,0.0,0.0
0.548,1491.4,1303.84,1.0,BUBBLE_ANOMALY,0.0,0.0
0.549,1489.2,1309.57,1.0,BUBBLE_ANOMALY,0.0,0.0
0.55,1488.19,1315.02,1.0,BUBBLE_ANOMALY,0.0,0.0
0.551,1488.05,1320.21,1.0,BUBBLE_ANOMALY,0.0,0.0
0.552,1485.68,1325.13,1.0,BUBBLE_ANOMALY,0.0,0.0
0.553,1484.41,1329.82,1.0,BUBBLE_ANOMALY,0.0,0.0
0.554,1493.83,1334.27,1.0,BUBBLE_ANOMALY,0.0,0.0
0.555,1485.83,1338.5,1.0,BUBBLE_ANOMALY,0.0,0.0
0.556,1494.96,1342.53,1.0,BUBBLE_ANOMALY,0.0,0.0
0.557,1486.93,1346.35,1.0,BUBBLE_ANOMALY,0.0,0.0
0.558,1492.34,1349.99,1.0,BUBBLE_ANOMALY,0.0,0.0
0.559,1493.94,1353.44,1.0,BUBBLE_ANOMALY,0.0,0.0
0.56,1489.27,1356.73,1.0,BUBBLE_ANOMALY,0.0,0.0
0.561,1490.34,1359.85,1.0,BUBBLE_ANOMALY,0.0,0.0
0.562,1491.32,1362.82,1.0,BUBBLE_ANOMALY,0.0,0.0
0.563,1491.32,1365.65,1.0,BUBBLE_ANOMALY,0.0,0.0
0.564,1488.69,1368.33,1.0,BUBBLE_ANOMALY,0.0,0.0
0.565,1486.36,1370.88,1.0,BUBBLE_ANOMALY,0.0,0.0
0.566,1492.01,1373.31,1.0,BUBBLE_ANOMALY,0.0,0.0
0.567,1492.58,1375.61,1.0,BUBBLE_ANOMALY,0.0,0.0
0.568,1489.51,1377.8,1.0,BUBBLE_ANOMALY,0.0,0.0
0.569,1495.33,1379.89,1.0,BUBBLE_ANOMALY,0.0,0.0
0.57,1490.24,1381.87,1.0,BUBBLE_ANOMALY,0.0,0.0
0.571,1494.4,1383.75,1.0,BUBBLE_ANOMALY,0.0,0.0
0.572,1494.52,1385.54,1.0,BUBBLE_ANOMALY,0.0,0.0
0.573,1487.55,1387.24,1.0,BUBBLE_ANOMALY,0.0,0.0
0.574,1495.16,1388.86,1.0,BUBBLE_ANOMALY,0.0,0.0
0.575,1485.77,1390.4,1.0,BUBBLE_ANOMALY,0.0,0.0
0.576,1493.92,1391.86,1.0,BUBBLE_ANOMALY,0.0,0.0
0.577,1491.04,1393.25,1.0,BUBBLE_ANOMALY,0.0,0.0
0.578,1493.96,1394.57,1.0,BUBBLE_ANOMALY,0.0,0.0
0.579,1497.44,1395.82,1.0,BUBBLE_ANOMALY,0.0,0.0
0.58,1495.81,1418.28,1.0,BUBBLE_ANOMALY,0.0,0.0
0.581,1496.09,1421.02,1.0,BUBBLE_ANOMALY,0.0,0.0
0.582,1497.59,1432.61,1.0,BUBBLE_ANOMALY,0.0,0.0
0.583,1493.47,1420.69,1.0,BUBBLE_ANOMALY,0.0,0.0
0.584,1496.8,1425.38,1.0,BUBBLE_ANOMALY,0.0,0.0
0.585,1495.87,1428.51,1.0,BUBBLE_ANOMALY,0.0,0.0
0.586,1494.31,1412.19,1.0,BUBBLE_ANOMALY,0.0,0.0
0.587,1497.0,1420.97,1.0,BUBBLE_ANOMALY,0.0,0.0
0.588,1494.04,1419.72,1.0,BUBBLE_ANOMALY,0.0,0.0
0.589,1498.38,1413.77,1.0,BUBBLE_ANOMALY,0.0,0.0
0.59,1492.85,1421.86,1.0,BUBBLE_ANOMALY,0.0,0.0
0.591,1501.31,1419.59,1.0,BUBBLE_ANOMALY,0.0,0.0
0.592,1496.43,1410.69,1.0,BUBBLE_ANOMALY,0.0,0.0
0.593,1499.18,1427.22,1.0,BUBBLE_ANOMALY,0.0,0.0
0.594,1496.81,1422.4,1.0,BUBBLE_ANOMALY,0.0,0.0
0.595,1496.15,1421.94,1.0,BUBBLE_ANOMALY,0.0,0.0
0.596,1498.46,1422.63,1.0,BUBBLE_ANOMALY,0.0,0.0
0.597,1503.72,1416.05,1.0,BUBBLE_ANOMALY,0.0,0.0
0.598,1499.46,1426.68,1.0,BUBBLE_ANOMALY,0.0,0.0
0.599,1497.17,1418.59,1.0,BUBBLE_ANOMALY,0.0,0.0
0.6,1494.68,1423.93,1.0,BUBBLE_ANOMALY,0.0,0.0
0.601,1500.51,1454.66,1.0,BUBBLE_ANOMALY,0.0,0.0
0.602,1500.98,1496.17,1.0,BUBBLE_ANOMALY,0.0,0.0
0.603,1498.43,1496.33,1.0,BUBBLE_ANOMALY,0.0,0.0
0.604,1502.99,1487.67,1.0,BUBBLE_ANOMALY,0.0,0.0
0.605,1502.17,1456.82,1.0,BUBBLE_ANOMALY,0.0,0.0
0.606,1502.08,1424.16,1.0,BUBBLE_ANOMALY,0.0,0.0
0.607,1503.14,1370.97,1.0,BUBBLE_ANOMALY,0.0,0.0
0.608,1498.87,1349.94,1.0,BUBBLE_ANOMALY,0.0,0.0
0.609,1503.51,1337.32,1.0,BUBBLE_ANOMALY,0.0,0.0
0.61,1503.0,1366.75,1.0,BUBBLE_ANOMALY,0.0,0.0
0.611,1506.73,1389.19,1.0,BUBBLE_ANOMALY,0.0,0.0
0.612,1501.94,1438.68,1.0,BUBBLE_ANOMALY,0.0,0.0
0.613,1505.93,1479.49,1.0,BUBBLE_ANOMALY,0.0,0.0
0.614,1504.22,1487.03,1.0,BUBBLE_ANOMALY,0.0,0.0
0.615,1507.41,1504.1,1.0,BUBBLE_ANOMALY,0.0,0.0
0.616,1512.26,1482.11,1.0,BUBBLE_ANOMALY,0.0,0.0
0.617,1506.02,1444.37,1.0,BUBBLE_ANOMALY,0.0,0.0
0.618,1503.65,1399.91,1.0,BUBBLE_ANOMALY,0.0,0.0
0.619,1506.15,1357.61,1.0,BUBBLE_ANOMALY,0.0,0.0
0.62,1507.38,1349.01,1.0,BUBBLE_ANOMALY,0.0,0.0
0.621,1504.57,1346.38,1.0,BUBBLE_ANOMALY,0.0,0.0
0.622,1505.64,1363.61,1.0,BUBBLE_ANOMALY,0.0,0.0
0.623,1505.54,1394.27,1.0,BUBBLE_ANOMALY,0.0,0.0
0.624,1511.28,1433.65,1.0,BUBBLE_ANOMALY,0.0,0.0
0.625,1507.26,1474.16,1.0,BUBBLE_ANOMALY,0.0,0.0
0.626,1508.7,1496.58,1.0,BUBBLE_ANOMALY,0.0,0.0
0.627,1504.34,1496.33,1.0,BUBBLE_ANOMALY,0.0,0.0
0.628,1503.88,1476.67,1.0,BUBBLE_ANOMALY,0.0,0.0
0.629,1504.11,1448.0,1.0,BUBBLE_ANOMALY,0.0,0.0
0.63,1508.76,1397.04,1.0,BUBBLE_ANOMALY,0.0,0.0
0.631,1505.87,1359.39,1.0,BUBBLE_ANOMALY,0.0,0.0
0.632,1505.82,1343.65,1.0,BUBBLE_ANOMALY,0.0,0.0
0.633,1510.38,1349.29,1.0,BUBBLE_ANOMALY,0.0,0.0
0.634,1511.7,1375.19,1.0,BUBBLE_ANOMALY,0.0,0.0
0.635,1506.93,1406.35,1.0,BUBBLE_ANOMALY,0.0,0.0
0.636,1498.34,1441.25,1.0,BUBBLE_ANOMALY,0.0,0.0
0.637,1505.07,1482.5,1.0,BUBBLE_ANOMALY,0.0,0.0
0.638,1504.13,1490.04,1.0,BUBBLE_ANOMALY,0.0,0.0
0.639,1514.13,1486.11,1.0,BUBBLE_ANOMALY,0.0,0.0
0.64,1508.59,1464.13,1.0,BUBBLE_ANOMALY,0.0,0.0
0.641,1506.26,1428.73,1.0,BUBBLE_ANOMALY,0.0,0.0
0.642,1514.8,1386.12,1.0,BUBBLE_ANOMALY,0.0,0.0
0.643,1505.73,1350.38,1.0,BUBBLE_ANOMALY,0.0,0.0
0.644,1510.3,1339.74,1.0,BUBBLE_ANOMALY,0.0,0.0
0.645,1507.37,1350.78,1.0,BUBBLE_ANOMALY,0.0,0.0
0.646,1505.47,1379.61,1.0,BUBBLE_ANOMALY,0.0,0.0
0.647,1506.93,1415.42,1.0,BUBBLE_ANOMALY,0.0,0.0
0.648,1513.46,1452.05,1.0,BUBBLE_ANOMALY,0.0,0.0
0.649,1509.4,1483.28,1.0,BUBBLE_ANOMALY,0.0,0.0
0.65,1512.5,1487.1,1.0,BUBBLE_ANOMALY,0.0,0.0
0.651,1508.16,1501.97,1.0,BUBBLE_ANOMALY,0.0,0.0
0.652,1507.79,1450.48,1.0,BUBBLE_ANOMALY,0.0,0.0
0.653,1508.7,1414.87,1.0,BUBBLE_ANOMALY,0.0,0.0
0.654,1513.04,1381.25,1.0,BUBBLE_ANOMALY,0.0,0.0
0.655,1508.05,1343.66,1.0,BUBBLE_ANOMALY,0.0,0.0
0.656,1507.0,1343.05,1.0,BUBBLE_ANOMALY,0.0,0.0
0.657,1505.62,1357.6,1.0,BUBBLE_ANOMALY,0.0,0.0
0.658,1508.02,1394.42,1.0,BUBBLE_ANOMALY,0.0,0.0
0.659,1505.28,1432.15,1.0,BUBBLE_ANOMALY,0.0,0.0
0.66,1515.85,1458.24,1.0,BUBBLE_ANOMALY,0.0,0.0
0.661,1510.21,1494.41,1.0,BUBBLE_ANOMALY,0.0,0.0
0.662,1504.8,1505.18,1.0,BUBBLE_ANOMALY,0.0,0.0
0.663,1510.82,1481.98,1.0,BUBBLE_ANOMALY,0.0,0.0
0.664,1507.05,1453.71,1.0,BUBBLE_ANOMALY,0.0,0.0
0.665,1508.99,1407.95,1.0,BUBBLE_ANOMALY,0.0,0.0
0.666,1505.22,1372.23,1.0,BUBBLE_ANOMALY,0.0,0.0
0.667,1507.96,1354.16,1.0,BUBBLE_ANOMALY,0.0,0.0
0.668,1509.33,1342.97,1.0,BUBBLE_ANOMALY,0.0,0.0
0.669,1507.37,1365.8,1.0,BUBBLE_ANOMALY,0.0,0.0
0.67,1510.79,1397.52,1.0,BUBBLE_ANOMALY,0.0,0.0
0.671,1510.99,1438.41,1.0,BUBBLE_ANOMALY,0.0,0.0
0.672,1512.28,1472.4,1.0,BUBBLE_ANOMALY,0.0,0.0
0.673,1503.36,1489.52,1.0,BUBBLE_ANOMALY,0.0,0.0
0.674,1508.0,1507.39,1.0,BUBBLE_ANOMALY,0.0,0.0
0.675,1511.75,1482.84,1.0,BUBBLE_ANOMALY,0.0,0.0
0.676,1505.24,1435.6,1.0,BUBBLE_ANOMALY,0.0,0.0
0.677,1510.15,1387.3,1.0,BUBBLE_ANOMALY,0.0,0.0
0.678,1506.88,1361.12,1.0,BUBBLE_ANOMALY,0.0,0.0
0.679,1503.47,1340.9,1.0,BUBBLE_ANOMALY,0.0,0.0
0.68,1504.3,1342.87,1.0,BUBBLE_ANOMALY,0.0,0.0
0.681,1506.31,1371.5,1.0,BUBBLE_ANOMALY,0.0,0.0
0.682,1503.68,1403.29,1.0,BUBBLE_ANOMALY,0.0,0.0
0.683,1508.44,1446.81,1.0,BUBBLE_ANOMALY,0.0,0.0
0.684,1506.91,1486.0,1.0,BUBBLE_ANOMALY,0.0,0.0
0.685,1503.38,1500.75,1.0,BUBBLE_ANOMALY,0.0,0.0
0.686,1500.22,1494.76,1.0,BUBBLE_ANOMALY,0.0,0.0
0.687,1504.25,1468.5,1.0,BUBBLE_ANOMALY,0.0,0.0
0.688,1509.28,1427.96,1.0,BUBBLE_ANOMALY,0.0,0.0
0.689,1506.65,1393.68,1.0,BUBBLE_ANOMALY,0.0,0.0
0.69,1506.12,1351.68,1.0,BUBBLE_ANOMALY,0.0,0.0
0.691,1505.14,1331.97,1.0,BUBBLE_ANOMALY,0.0,0.0
0.692,1507.8,1342.65,1.0,BUBBLE_ANOMALY,0.0,0.0
0.693,1502.97,1372.82,1.0,BUBBLE_ANOMALY,0.0,0.0
0.694,1507.65,1418.36,1.0,BUBBLE_ANOMALY,0.0,0.0
0.695,1502.22,1454.51,1.0,BUBBLE_ANOMALY,0.0,0.0
0.696,1500.37,1481.65,1.0,BUBBLE_ANOMALY,0.0,0.0
0.697,1505.56,1495.47,1.0,BUBBLE_ANOMALY,0.0,0.0
0.698,1500.88,1488.51,1.0,BUBBLE_ANOMALY,0.0,0.0
0.699,1501.39,1461.79,1.0,BUBBLE_ANOMALY,0.0,0.0
0.7,1500.89,1436.93,1.0,BUBBLE_ANOMALY,0.0,0.0
0.701,1501.77,1386.6,1.0,BUBBLE_ANOMALY,0.0,0.0
0.702,1499.66,1354.27,1.0,BUBBLE_ANOMALY,0.0,0.0
0.703,1495.63,1338.84,1.0,BUBBLE_ANOMALY,0.0,0.0
0.704,1500.96,1357.57,1.0,BUBBLE_ANOMALY,0.0,0.0
0.705,1499.33,1390.57,1.0,BUBBLE_ANOMALY,0.0,0.0
0.706,1497.17,1427.1,1.0,BUBBLE_ANOMALY,0.0,0.0
0.707,1495.4,1464.59,1.0,BUBBLE_ANOMALY,0.0,0.0
0.708,1499.58,1484.09,1.0,BUBBLE_ANOMALY,0.0,0.0
0.709,1494.44,1497.34,1.0,BUBBLE_ANOMALY,0.0,0.0
0.71,1495.14,1481.29,1.0,BUBBLE_ANOMALY,0.0,0.0
0.711,1490.77,1450.2,1.0,BUBBLE_ANOMALY,0.0,0.0
0.712,1495.43,1413.6,1.0,BUBBLE_ANOMALY,0.0,0.0
0.713,1498.84,1372.64,1.0,BUBBLE_ANOMALY,0.0,0.0
0.714,1495.77,1340.72,1.0,BUBBLE_ANOMALY,0.0,0.0
0.715,1492.31,1323.39,1.0,BUBBLE_ANOMALY,0.0,0.0
0.716,1500.18,1365.46,1.0,BUBBLE_ANOMALY,0.0,0.0
0.717,1496.51,1397.52,1.0,BUBBLE_ANOMALY,0.0,0.0
0.718,1492.43,1437.45,1.0,BUBBLE_ANOMALY,0.0,0.0
0.719,1495.34,1479.86,1.0,BUBBLE_ANOMALY,0.0,0.0
0.72,1493.35,1494.27,1.0,BUBBLE_ANOMALY,0.0,0.0
0.721,1488.32,1499.63,1.0,BUBBLE_ANOMALY,0.0,0.0
0.722,1495.19,1474.82,1.0,BUBBLE_ANOMALY,0.0,0.0
0.723,1491.56,1445.49,1.0,BUBBLE_ANOMALY,0.0,0.0
0.724,1498.28,1397.32,1.0,BUBBLE_ANOMALY,0.0,0.0
0.725,1496.68,1364.03,1.0,BUBBLE_ANOMALY,0.0,0.0
0.726,1489.74,1345.51,1.0,BUBBLE_ANOMALY,0.0,0.0
0.727,1488.13,1341.66,1.0,BUBBLE_ANOMALY,0.0,0.0
0.728,1491.07,1362.56,1.0,BUBBLE_ANOMALY,0.0,0.0
0.729,1494.5,1397.48,1.0,BUBBLE_ANOMALY,0.0,0.0
0.73,1493.89,1441.16,1.0,BUBBLE_ANOMALY,0.0,0.0
0.731,1496.71,1487.74,1.0,BUBBLE_ANOMALY,0.0,0.0
0.732,1492.0,1493.93,1.0,BUBBLE_ANOMALY,0.0,0.0
0.733,1487.07,1493.55,1.0,BUBBLE_ANOMALY,0.0,0.0
0.734,1490.22,1473.52,1.0,BUBBLE_ANOMALY,0.0,0.0
0.735,1487.3,1433.69,1.0,BUBBLE_ANOMALY,0.0,0.0
0.736,1494.05,1384.13,1.0,BUBBLE_ANOMALY,0.0,0.0
0.737,1492.38,1354.62,1.0,BUBBLE_ANOMALY,0.0,0.0
0.738,1488.94,1343.05,1.0,BUBBLE_ANOMALY,0.0,0.0
0.739,1490.29,1341.52,1.0,BUBBLE_ANOMALY,0.0,0.0
0.74,1494.58,1376.31,1.0,BUBBLE_ANOMALY,0.0,0.0
0.741,1494.47,1407.89,1.0,BUBBLE_ANOMALY,0.0,0.0
0.742,1489.71,1464.45,1.0,BUBBLE_ANOMALY,0.0,0.0
0.743,1488.96,1487.48,1.0,BUBBLE_ANOMALY,0.0,0.0
0.744,1493.16,1502.02,1.0,BUBBLE_ANOMALY,0.0,0.0
0.745,1488.19,1485.78,1.0,BUBBLE_ANOMALY,0.0,0.0
0.746,1487.4,1464.38,1.0,BUBBLE_ANOMALY,0.0,0.0
0.747,1490.76,1430.51,1.0,BUBBLE_ANOMALY,0.0,0.0
0.748,1489.64,1384.82,1.0,BUBBLE_ANOMALY,0.0,0.0
0.749,1488.63,1348.88,1.0,BUBBLE_ANOMALY,0.0,0.0
0.75,1495.14,1339.98,1.0,BUBBLE_ANOMALY,0.0,0.0
0.751,1489.63,1350.32,1.0,BUBBLE_ANOMALY,0.0,0.0
0.752,1489.29,1383.0,1.0,BUBBLE_ANOMALY,0.0,0.0
0.753,1489.04,1420.69,1.0,BUBBLE_ANOMALY,0.0,0.0
0.754,1490.48,1454.75,1.0,BUBBLE_ANOMALY,0.0,0.0
0.755,1489.3,1497.9,1.0,BUBBLE_ANOMALY,0.0,0.0
0.756,1490.27,1501.51,1.0,BUBBLE_ANOMALY,0.0,0.0
0.757,1485.23,1495.85,1.0,BUBBLE_ANOMALY,0.0,0.0
0.758,1486.84,1456.92,1.0,BUBBLE_ANOMALY,0.0,0.0
0.759,1494.96,1420.43,1.0,BUBBLE_ANOMALY,0.0,0.0
0.76,1493.66,1373.89,1.0,BUBBLE_ANOMALY,0.0,0.0
0.761,1494.06,1346.61,1.0,BUBBLE_ANOMALY,0.0,0.0
0.762,1490.33,1343.7,1.0,BUBBLE_ANOMALY,0.0,0.0
0.763,1487.18,1360.73,1.0,BUBBLE_ANOMALY,0.0,0.0
0.764,1493.85,1394.55,1.0,BUBBLE_ANOMALY,0.0,0.0
0.765,1493.72,1438.44,1.0,BUBBLE_ANOMALY,0.0,0.0
0.766,1488.79,1476.73,1.0,BUBBLE_ANOMALY,0.0,0.0
0.767,1499.7,1487.05,1.0,BUBBLE_ANOMALY,0.0,0.0
0.768,1493.32,1494.22,1.0,BUBBLE_ANOMALY,0.0,0.0
0.769,1494.22,1479.29,1.0,BUBBLE_ANOMALY,0.0,0.0
0.77,1488.38,1448.07,1.0,BUBBLE_ANOMALY,0.0,0.0
0.771,1498.33,1406.09,1.0,BUBBLE_ANOMALY,0.0,0.0
0.772,1492.76,1359.58,1.0,BUBBLE_ANOMALY,0.0,0.0
0.773,1494.22,1352.32,1.0,BUBBLE_ANOMALY,0.0,0.0
0.774,1492.42,1346.25,1.0,BUBBLE_ANOMALY,0.0,0.0
0.775,1494.31,1360.79,1.0,BUBBLE_ANOMALY,0.0,0.0
0.776,1488.9,1387.44,1.0,BUBBLE_ANOMALY,0.0,0.0
0.777,1496.01,1434.77,1.0,BUBBLE_ANOMALY,0.0,0.0
0.778,1494.99,1474.72,1.0,BUBBLE_ANOMALY,0.0,0.0
0.779,1489.18,1494.62,1.0,BUBBLE_ANOMALY,0.0,0.0
0.78,1497.48,1501.84,1.0,BUBBLE_ANOMALY,0.0,0.0
0.781,1494.36,1479.37,1.0,BUBBLE_ANOMALY,0.0,0.0
0.782,1499.2,1439.99,1.0,BUBBLE_ANOMALY,0.0,0.0
0.783,1492.71,1391.06,1.0,BUBBLE_ANOMALY,0.0,0.0
0.784,1489.96,1366.26,1.0,BUBBLE_ANOMALY,0.0,0.0
0.785,1496.26,1330.75,1.0,BUBBLE_ANOMALY,0.0,0.0
0.786,1497.13,1334.12,1.0,BUBBLE_ANOMALY,0.0,0.0
0.787,1501.89,1364.09,1.0,BUBBLE_ANOMALY,0.0,0.0
0.788,1494.44,1411.0,1.0,BUBBLE_ANOMALY,0.0,0.0
0.789,1498.0,1451.08,1.0,BUBBLE_ANOMALY,0.0,0.0
0.79,1500.1,1485.58,1.0,BUBBLE_ANOMALY,0.0,0.0
0.791,1497.93,1495.98,1.0,BUBBLE_ANOMALY,0.0,0.0
0.792,1498.18,1489.61,1.0,BUBBLE_ANOMALY,0.0,0.0
0.793,1493.78,1466.1,1.0,BUBBLE_ANOMALY,0.0,0.0
0.794,1501.01,1423.64,1.0,BUBBLE_ANOMALY,0.0,0.0
0.795,1498.36,1390.4,1.0,BUBBLE_ANOMALY,0.0,0.0
0.796,1505.66,1354.41,1.0,BUBBLE_ANOMALY,0.0,0.0
0.797,1502.78,1333.27,1.0,BUBBLE_ANOMALY,0.0,0.0
0.798,1497.9,1347.58,1.0,BUBBLE_ANOMALY,0.0,0.0
0.799,1497.88,1380.19,1.0,BUBBLE_ANOMALY,0.0,0.0
0.8,1496.16,1417.25,1.0,BUBBLE_ANOMALY,0.0,0.0
0.801,1500.26,1465.96,1.0,BUBBLE_ANOMALY,0.0,0.0
0.802,1503.74,1485.21,1.0,BUBBLE_ANOMALY,0.0,0.0
0.803,1502.43,1495.49,1.0,BUBBLE_ANOMALY,0.0,0.0
0.804,1505.05,1486.07,1.0,BUBBLE_ANOMALY,0.0,0.0
0.805,1499.78,1459.31,1.0,BUBBLE_ANOMALY,0.0,0.0
0.806,1505.29,1420.55,1.0,BUBBLE_ANOMALY,0.0,0.0
0.807,1502.01,1382.26,1.0,BUBBLE_ANOMALY,0.0,0.0
0.808,1506.3,1346.94,1.0,BUBBLE_ANOMALY,0.0,0.0
0.809,1498.27,1334.96,1.0,BUBBLE_ANOMALY,0.0,0.0
0.81,1501.02,1355.71,1.0,BUBBLE_ANOMALY,0.0,0.0
0.811,1501.32,1381.14,1.0,BUBBLE_ANOMALY,0.0,0.0
0.812,1506.06,1434.75,1.0,BUBBLE_ANOMALY,0.0,0.0
0.813,1499.21,1471.66,1.0,BUBBLE_ANOMALY,0.0,0.0
0.814,1503.91,1494.87,1.0,BUBBLE_ANOMALY,0.0,0.0
0.815,1508.0,1489.88,1.0,BUBBLE_ANOMALY,0.0,0.0
0.816,1506.99,1477.4,1.0,BUBBLE_ANOMALY,0.0,0.0
0.817,1505.2,1450.35,1.0,BUBBLE_ANOMALY,0.0,0.0
0.818,1509.9,1406.68,1.0,BUBBLE_ANOMALY,0.0,0.0
0.819,1506.91,1370.74,1.0,BUBBLE_ANOMALY,0.0,0.0
0.82,1506.7,1338.34,1.0,BUBBLE_ANOMALY,0.0,0.0
0.821,1505.31,1347.47,1.0,BUBBLE_ANOMALY,0.0,0.0
0.822,1511.81,1363.34,1.0,BUBBLE_ANOMALY,0.0,0.0
0.823,1511.45,1397.31,1.0,BUBBLE_ANOMALY,0.0,0.0
0.824,1507.95,1436.17,1.0,BUBBLE_ANOMALY,0.0,0.0
0.825,1508.2,1473.72,1.0,BUBBLE_ANOMALY,0.0,0.0
0.826,1507.92,1503.17,1.0,BUBBLE_ANOMALY,0.0,0.0
0.827,1507.69,1502.05,1.0,BUBBLE_ANOMALY,0.0,0.0
0.828,1507.29,1479.35,1.0,BUBBLE_ANOMALY,0.0,0.0
0.829,1509.48,1430.15,1.0,BUBBLE_ANOMALY,0.0,0.0
0.83,1505.9,1395.39,1.0,BUBBLE_ANOMALY,0.0,0.0
0.831,1505.93,1364.8,1.0,BUBBLE_ANOMALY,0.0,0.0
0.832,1505.92,1340.71,1.0,BUBBLE_ANOMALY,0.0,0.0
0.833,1511.29,1344.14,1.0,BUBBLE_ANOMALY,0.0,0.0
0.834,1502.91,1378.81,1.0,BUBBLE_ANOMALY,0.0,0.0
0.835,1514.16,1416.47,1.0,BUBBLE_ANOMALY,0.0,0.0
0.836,1507.25,1446.48,1.0,BUBBLE_ANOMALY,0.0,0.0
0.837,1505.54,1484.64,1.0,BUBBLE_ANOMALY,0.0,0.0
0.838,1509.16,1497.96,1.0,BUBBLE_ANOMALY,0.0,0.0
0.839,1506.22,1495.61,1.0,BUBBLE_ANOMALY,0.0,0.0
0.84,1507.63,1460.45,1.0,BUBBLE_ANOMALY,0.0,0.0
0.841,1508.19,1440.69,1.0,BUBBLE_ANOMALY,0.0,0.0
0.842,1509.42,1390.44,1.0,BUBBLE_ANOMALY,0.0,0.0
0.843,1503.53,1351.56,1.0,BUBBLE_ANOMALY,0.0,0.0
0.844,1511.07,1340.31,1.0,BUBBLE_ANOMALY,0.0,0.0
0.845,1508.04,1351.55,1.0,BUBBLE_ANOMALY,0.0,0.0
0.846,1504.09,1377.21,1.0,BUBBLE_ANOMALY,0.0,0.0
0.847,1510.25,1420.99,1.0,BUBBLE_ANOMALY,0.0,0.0
0.848,1515.51,1462.89,1.0,BUBBLE_ANOMALY,0.0,0.0
0.849,1504.76,1497.43,1.0,BUBBLE_ANOMALY,0.0,0.0
0.85,1509.39,1506.16,1.0,BUBBLE_ANOMALY,0.0,0.0
0.851,1510.29,1489.54,1.0,BUBBLE_ANOMALY,0.0,0.0
0.852,1513.97,1456.49,1.0,BUBBLE_ANOMALY,0.0,0.0
0.853,1506.73,1420.05,1.0,BUBBLE_ANOMALY,0.0,0.0
0.854,1512.94,1379.38,1.0,BUBBLE_ANOMALY,0.0,0.0
0.855,1507.65,1347.12,1.0,BUBBLE_ANOMALY,0.0,0.0
0.856,1512.25,1347.36,1.0,BUBBLE_ANOMALY,0.0,0.0
0.857,1512.99,1349.29,1.0,BUBBLE_ANOMALY,0.0,0.0
0.858,1508.47,1399.16,1.0,BUBBLE_ANOMALY,0.0,0.0
0.859,1505.87,1424.09,1.0,BUBBLE_ANOMALY,0.0,0.0
0.86,1510.43,1466.3,1.0,BUBBLE_ANOMALY,0.0,0.0
0.861,1509.79,1499.57,1.0,BUBBLE_ANOMALY,0.0,0.0
0.862,1505.76,1499.31,1.0,BUBBLE_ANOMALY,0.0,0.0
0.863,1510.27,1478.94,1.0,BUBBLE_ANOMALY,0.0,0.0
0.864,1508.84,1455.82,1.0,BUBBLE_ANOMALY,0.0,0.0
0.865,1508.75,1407.96,1.0,BUBBLE_ANOMALY,0.0,0.0
0.866,1509.05,1368.63,1.0,BUBBLE_ANOMALY,0.0,0.0
0.867,1508.54,1346.18,1.0,BUBBLE_ANOMALY,0.0,0.0
0.868,1506.77,1341.29,1.0,BUBBLE_ANOMALY,0.0,0.0
0.869,1510.08,1359.15,1.0,BUBBLE_ANOMALY,0.0,0.0
0.87,1504.95,1393.94,1.0,BUBBLE_ANOMALY,0.0,0.0
0.871,1513.75,1440.16,1.0,BUBBLE_ANOMALY,0.0,0.0
0.872,1499.48,1473.4,1.0,BUBBLE_ANOMALY,0.0,0.0
0.873,1509.92,1496.6,1.0,BUBBLE_ANOMALY,0.0,0.0
0.874,1509.89,1501.43,1.0,BUBBLE_ANOMALY,0.0,0.0
0.875,1506.15,1472.6,1.0,BUBBLE_ANOMALY,0.0,0.0
0.876,1503.26,1439.18,1.0,BUBBLE_ANOMALY,0.0,0.0
0.877,1506.82,1399.23,1.0,BUBBLE_ANOMALY,0.0,0.0
0.878,1503.49,1363.55,1.0,BUBBLE_ANOMALY,0.0,0.0
0.879,1505.17,1334.68,1.0,BUBBLE_ANOMALY,0.0,0.0
0.88,1503.21,1344.18,1.0,BUBBLE_ANOMALY,0.0,0.0
0.881,1508.57,1363.66,1.0,BUBBLE_ANOMALY,0.0,0.0
0.882,1505.14,1403.31,1.0,BUBBLE_ANOMALY,0.0,0.0
0.883,1508.56,1445.18,1.0,BUBBLE_ANOMALY,0.0,0.0
0.884,1504.67,1480.44,1.0,BUBBLE_ANOMALY,0.0,0.0
0.885,1499.23,1495.43,1.0,BUBBLE_ANOMALY,0.0,0.0
0.886,1504.76,1494.54,1.0,BUBBLE_ANOMALY,0.0,0.0
0.887,1508.15,1470.08,1.0,BUBBLE_ANOMALY,0.0,0.0
0.888,1503.3,1437.43,1.0,BUBBLE_ANOMALY,0.0,0.0
0.889,1499.7,1381.71,1.0,BUBBLE_ANOMALY,0.0,0.0
0.89,1502.08,1356.61,1.0,BUBBLE_ANOMALY,0.0,0.0
0.891,1499.41,1332.91,1.0,BUBBLE_ANOMALY,0.0,0.0
0.892,1505.32,1344.12,1.0,BUBBLE_ANOMALY,0.0,0.0
0.893,1498.75,1367.43,1.0,BUBBLE_ANOMALY,0.0,0.0
0.894,1498.89,1417.67,1.0,BUBBLE_ANOMALY,0.0,0.0
0.895,1501.37,1453.86,1.0,BUBBLE_ANOMALY,0.0,0.0
0.896,1505.03,1485.95,1.0,BUBBLE_ANOMALY,0.0,0.0
0.897,1498.06,1498.54,1.0,BUBBLE_ANOMALY,0.0,0.0
0.898,1499.96,1484.28,1.0,BUBBLE_ANOMALY,0.0,0.0
0.899,1498.94,1462.75,1.0,BUBBLE_ANOMALY,0.0,0.0
0.9,1498.9,1421.29,1.0,BUBBLE_ANOMALY,0.0,0.0
0.901,1493.14,1375.46,1.0,BUBBLE_ANOMALY,0.0,0.0
0.902,1495.24,1352.35,1.0,BUBBLE_ANOMALY,0.0,0.0
0.903,1496.6,1344.94,1.0,BUBBLE_ANOMALY,0.0,0.0
0.904,1499.62,1353.25,1.0,BUBBLE_ANOMALY,0.0,0.0
0.905,1496.72,1384.41,1.0,BUBBLE_ANOMALY,0.0,0.0
0.906,1493.45,1419.77,1.0,BUBBLE_ANOMALY,0.0,0.0
0.907,1496.78,1468.49,1.0,BUBBLE_ANOMALY,0.0,0.0
0.908,1498.45,1490.3,1.0,BUBBLE_ANOMALY,0.0,0.0
0.909,1501.9,1494.12,1.0,BUBBLE_ANOMALY,0.0,0.0
0.91,1497.9,1483.62,1.0,BUBBLE_ANOMALY,0.0,0.0
0.911,1493.65,1451.47,1.0,BUBBLE_ANOMALY,0.0,0.0
0.912,1496.33,1415.31,1.0,BUBBLE_ANOMALY,0.0,0.0
0.913,1495.15,1373.35,1.0,BUBBLE_ANOMALY,0.0,0.0
0.914,1491.43,1338.55,1.0,BUBBLE_ANOMALY,0.0,0.0
0.915,1495.57,1340.84,1.0,BUBBLE_ANOMALY,0.0,0.0
0.916,1499.4,1367.32,1.0,BUBBLE_ANOMALY,0.0,0.0
0.917,1498.81,1395.99,1.0,BUBBLE_ANOMALY,0.0,0.0
0.918,1486.47,1436.09,1.0,BUBBLE_ANOMALY,0.0,0.0
0.919,1493.86,1474.16,1.0,BUBBLE_ANOMALY,0.0,0.0
0.92,1492.81,1493.35,1.0,BUBBLE_ANOMALY,0.0,0.0
0.921,1493.05,1506.99,1.0,BUBBLE_ANOMALY,0.0,0.0
0.922,1493.9,1480.81,1.0,BUBBLE_ANOMALY,0.0,0.0
0.923,1489.4,1444.16,1.0,BUBBLE_ANOMALY,0.0,0.0
0.924,1492.31,1400.7,1.0,BUBBLE_ANOMALY,0.0,0.0
0.925,1492.14,1366.13,1.0,BUBBLE_ANOMALY,0.0,0.0
0.926,1498.09,1338.73,1.0,BUBBLE_ANOMALY,0.0,0.0
0.927,1488.64,1344.75,1.0,BUBBLE_ANOMALY,0.0,0.0
0.928,1492.52,1363.92,1.0,BUBBLE_ANOMALY,0.0,0.0
0.929,1486.65,1392.01,1.0,BUBBLE_ANOMALY,0.0,0.0
0.93,1495.89,1442.96,1.0,BUBBLE_ANOMALY,0.0,0.0
0.931,1490.54,1475.21,1.0,BUBBLE_ANOMALY,0.0,0.0
0.932,1492.17,1495.86,1.0,BUBBLE_ANOMALY,0.0,0.0
0.933,1490.42,1497.98,1.0,BUBBLE_ANOMALY,0.0,0.0
0.934,1487.06,1467.81,1.0,BUBBLE_ANOMALY,0.0,0.0
0.935,1491.77,1432.82,1.0,BUBBLE_ANOMALY,0.0,0.0
0.936,1491.85,1384.15,1.0,BUBBLE_ANOMALY,0.0,0.0
0.937,1487.96,1361.84,1.0,BUBBLE_ANOMALY,0.0,0.0
0.938,1491.05,1348.99,1.0,BUBBLE_ANOMALY,0.0,0.0
0.939,1490.15,1351.03,1.0,BUBBLE_ANOMALY,0.0,0.0
0.94,1495.22,1380.52,1.0,BUBBLE_ANOMALY,0.0,0.0
0.941,1493.13,1411.44,1.0,BUBBLE_ANOMALY,0.0,0.0
0.942,1492.73,1460.38,1.0,BUBBLE_ANOMALY,0.0,0.0
0.943,1490.94,1494.17,1.0,BUBBLE_ANOMALY,0.0,0.0
0.944,1490.43,1500.07,1.0,BUBBLE_ANOMALY,0.0,0.0
0.945,1488.48,1488.92,1.0,BUBBLE_ANOMALY,0.0,0.0
0.946,1487.22,1459.14,1.0,BUBBLE_ANOMALY,0.0,0.0
0.947,1493.01,1423.36,1.0,BUBBLE_ANOMALY,0.0,0.0
0.948,1486.63,1369.32,1.0,BUBBLE_ANOMALY,0.0,0.0
0.949,1489.69,1360.04,1.0,BUBBLE_ANOMALY,0.0,0.0
0.95,1486.25,1343.86,1.0,BUBBLE_ANOMALY,0.0,0.0
0.951,1489.1,1353.46,1.0,BUBBLE_ANOMALY,0.0,0.0
0.952,1488.57,1390.05,1.0,BUBBLE_ANOMALY,0.0,0.0
0.953,1491.88,1427.25,1.0,BUBBLE_ANOMALY,0.0,0.0
0.954,1486.52,1457.26,1.0,BUBBLE_ANOMALY,0.0,0.0
0.955,1482.35,1488.59,1.0,BUBBLE_ANOMALY,0.0,0.0
0.956,1491.3,1502.28,1.0,BUBBLE_ANOMALY,0.0,0.0
0.957,1493.19,1491.2,1.0,BUBBLE_ANOMALY,0.0,0.0
0.958,1488.54,1455.68,1.0,BUBBLE_ANOMALY,0.0,0.0
0.959,1490.62,1411.43,1.0,BUBBLE_ANOMALY,0.0,0.0
0.96,1489.72,1366.52,1.0,BUBBLE_ANOMALY,0.0,0.0
0.961,1489.48,1339.88,1.0,BUBBLE_ANOMALY,0.0,0.0
0.962,1492.49,1336.8,1.0,BUBBLE_ANOMALY,0.0,0.0
0.963,1492.35,1355.24,1.0,BUBBLE_ANOMALY,0.0,0.0
0.964,1493.03,1390.14,1.0,BUBBLE_ANOMALY,0.0,0.0
0.965,1491.07,1423.03,1.0,BUBBLE_ANOMALY,0.0,0.0
0.966,1491.74,1474.08,1.0,BUBBLE_ANOMALY,0.0,0.0
0.967,1491.49,1505.53,1.0,BUBBLE_ANOMALY,0.0,0.0
0.968,1492.57,1504.8,1.0,BUBBLE_ANOMALY,0.0,0.0
0.969,1491.25,1485.32,1.0,BUBBLE_ANOMALY,0.0,0.0
0.97,1487.83,1445.04,1.0,BUBBLE_ANOMALY,0.0,0.0
0.971,1492.49,1404.66,1.0,BUBBLE_ANOMALY,0.0,0.0
0.972,1493.15,1370.78,1.0,BUBBLE_ANOMALY,0.0,0.0
0.973,1493.09,1333.58,1.0,BUBBLE_ANOMALY,0.0,0.0
0.974,1496.14,1346.71,1.0,BUBBLE_ANOMALY,0.0,0.0
0.975,1494.89,1362.66,1.0,BUBBLE_ANOMALY,0.0,0.0
0.976,1495.7,1399.69,1.0,BUBBLE_ANOMALY,0.0,0.0
0.977,1489.99,1435.64,1.0,BUBBLE_ANOMALY,0.0,0.0
0.978,1495.58,1474.16,1.0,BUBBLE_ANOMALY,0.0,0.0
0.979,1493.39,1500.09,1.0,BUBBLE_ANOMALY,0.0,0.0
0.98,1491.3,1495.41,1.0,BUBBLE_ANOMALY,0.0,0.0
0.981,1497.5,1468.72,1.0,BUBBLE_ANOMALY,0.0,0.0
0.982,1490.34,1436.81,1.0,BUBBLE_ANOMALY,0.0,0.0
0.983,1490.05,1390.67,1.0,BUBBLE_ANOMALY,0.0,0.0
0.984,1494.34,1352.27,1.0,BUBBLE_ANOMALY,0.0,0.0
0.985,1503.61,1352.4,1.0,BUBBLE_ANOMALY,0.0,0.0
0.986,1496.26,1342.68,1.0,BUBBLE_ANOMALY,0.0,0.0
0.987,1498.92,1377.35,1.0,BUBBLE_ANOMALY,0.0,0.0
0.988,1496.71,1403.88,1.0,BUBBLE_ANOMALY,0.0,0.0
0.989,1494.11,1453.51,1.0,BUBBLE_ANOMALY,0.0,0.0
0.99,1499.42,1486.99,1.0,BUBBLE_ANOMALY,0.0,0.0
0.991,1493.72,1505.87,1.0,BUBBLE_ANOMALY,0.0,0.0
0.992,1499.06,1490.93,1.0,BUBBLE_ANOMALY,0.0,0.0
0.993,1491.42,1465.62,1.0,BUBBLE_ANOMALY,0.0,0.0
0.994,1494.74,1422.89,1.0,BUBBLE_ANOMALY,0.0,0.0
0.995,1503.35,1389.04,1.0,BUBBLE_ANOMALY,0.0,0.0
0.996,1503.65,1344.81,1.0,BUBBLE_ANOMALY,0.0,0.0
0.997,1496.28,1339.12,1.0,BUBBLE_ANOMALY,0.0,0.0
0.998,1501.58,1351.08,1.0,BUBBLE_ANOMALY,0.0,0.0
0.999,1502.59,1385.36,1.0,BUBBLE_ANOMALY,0.0,0.0
1.0,1501.68,1412.26,1.0,BUBBLE_ANOMALY,0.0,0.0
1.001,1500.12,1455.96,1.0,BUBBLE_ANOMALY,0.0,0.0
1.002,1494.81,1492.96,1.0,BUBBLE_ANOMALY,0.0,0.0
1.003,1505.91,1497.48,1.0,BUBBLE_ANOMALY,0.0,0.0
1.004,1499.22,1496.63,1.0,BUBBLE_ANOMALY,0.0,0.0
1.005,1504.41,1455.64,1.0,BUBBLE_ANOMALY,0.0,0.0
1.006,1505.11,1407.33,1.0,BUBBLE_ANOMALY,0.0,0.0
1.007,1501.16,1380.66,1.0,BUBBLE_ANOMALY,0.0,0.0
1.008,1503.4,1353.27,1.0,BUBBLE_ANOMALY,0.0,0.0
1.009,1503.3,1334.12,1.0,BUBBLE_ANOMALY,0.0,0.0
1.01,1500.38,1352.14,1.0,BUBBLE_ANOMALY,0.0,0.0
1.011,1503.25,1384.3,1.0,BUBBLE_ANOMALY,0.0,0.0
1.012,1504.86,1429.45,1.0,BUBBLE_ANOMALY,0.0,0.0
1.013,1508.32,1469.72,1.0,BUBBLE_ANOMALY,0.0,0.0
1.014,1508.85,1502.51,1.0,BUBBLE_ANOMALY,0.0,0.0
1.015,1501.13,1490.61,1.0,BUBBLE_ANOMALY,0.0,0.0
1.016,1507.92,1481.68,1.0,BUBBLE_ANOMALY,0.0,0.0
1.017,1498.89,1441.13,1.0,BUBBLE_ANOMALY,0.0,0.0
1.018,1504.57,1409.37,1.0,BUBBLE_ANOMALY,0.0,0.0
1.019,1502.05,1365.12,1.0,BUBBLE_ANOMALY,0.0,0.0
1.02,1508.71,1343.14,1.0,BUBBLE_ANOMALY,0.0,0.0
1.021,1507.58,1346.29,1.0,BUBBLE_ANOMALY,0.0,0.0
1.022,1501.56,1357.83,1.0,BUBBLE_ANOMALY,0.0,0.0
1.023,1504.21,1403.31,1.0,BUBBLE_ANOMALY,0.0,0.0
1.024,1507.34,1443.05,1.0,BUBBLE_ANOMALY,0.0,0.0
1.025,1506.78,1478.54,1.0,BUBBLE_ANOMALY,0.0,0.0
1.026,1506.27,1489.21,1.0,BUBBLE_ANOMALY,0.0,0.0
1.027,1506.66,1497.08,1.0,BUBBLE_ANOMALY,0.0,0.0
1.028,1502.99,1466.12,1.0,BUBBLE_ANOMALY,0.0,0.0
1.029,1512.21,1434.52,1.0,BUBBLE_ANOMALY,0.0,0.0
1.03,1511.4,1396.44,1.0,BUBBLE_ANOMALY,0.0,0.0
1.031,1510.61,1353.86,1.0,BUBBLE_ANOMALY,0.0,0.0
1.032,1508.43,1335.38,1.0,BUBBLE_ANOMALY,0.0,0.0
1.033,1509.6,1341.13,1.0,BUBBLE_ANOMALY,0.0,0.0
1.034,1512.96,1371.51,1.0,BUBBLE_ANOMALY,0.0,0.0
1.035,1507.25,1411.64,1.0,BUBBLE_ANOMALY,0.0,0.0
1.036,1508.62,1451.4,1.0,BUBBLE_ANOMALY,0.0,0.0
1.037,1503.21,1487.92,1.0,BUBBLE_ANOMALY,0.0,0.0
1.038,1509.76,1506.91,1.0,BUBBLE_ANOMALY,0.0,0.0
1.039,1509.53,1484.34,1.0,BUBBLE_ANOMALY,0.0,0.0
1.04,1508.05,1465.6,1.0,BUBBLE_ANOMALY,0.0,0.0
1.041,1511.28,1430.8,1.0,BUBBLE_ANOMALY,0.0,0.0
1.042,1510.68,1389.68,1.0,BUBBLE_ANOMALY,0.0,0.0
1.043,1513.77,1356.88,1.0,BUBBLE_ANOMALY,0.0,0.0
1.044,1506.7,1343.51,1.0,BUBBLE_ANOMALY,0.0,0.0
1.045,1508.19,1348.82,1.0,BUBBLE_ANOMALY,0.0,0.0
1.046,1512.33,1374.75,1.0,BUBBLE_ANOMALY,0.0,0.0
1.047,1509.51,1419.64,1.0,BUBBLE_ANOMALY,0.0,0.0
1.048,1509.87,1451.09,1.0,BUBBLE_ANOMALY,0.0,0.0
1.049,1516.89,1494.32,1.0,BUBBLE_ANOMALY,0.0,0.0
1.05,1506.27,1503.44,1.0,BUBBLE_ANOMALY,0.0,0.0
1.051,1509.72,1491.84,1.0,BUBBLE_ANOMALY,0.0,0.0
1.052,1507.69,1463.52,1.0,BUBBLE_ANOMALY,0.0,0.0
1.053,1512.89,1416.49,1.0,BUBBLE_ANOMALY,0.0,0.0
1.054,1508.14,1381.66,1.0,BUBBLE_ANOMALY,0.0,0.0
1.055,1510.91,1347.44,1.0,BUBBLE_ANOMALY,0.0,0.0
1.056,1512.05,1334.45,1.0,BUBBLE_ANOMALY,0.0,0.0
1.057,1511.98,1352.54,1.0,BUBBLE_ANOMALY,0.0,0.0
1.058,1510.43,1384.92,1.0,BUBBLE_ANOMALY,0.0,0.0
1.059,1509.49,1421.2,1.0,BUBBLE_ANOMALY,0.0,0.0
1.06,1507.16,1472.3,1.0,BUBBLE_ANOMALY,0.0,0.0
1.061,1509.35,1487.18,1.0,BUBBLE_ANOMALY,0.0,0.0
1.062,1509.83,1508.8,1.0,BUBBLE_ANOMALY,0.0,0.0
1.063,1510.72,1481.89,1.0,BUBBLE_ANOMALY,0.0,0.0
1.064,1508.61,1448.26,1.0,BUBBLE_ANOMALY,0.0,0.0
1.065,1514.35,1405.32,1.0,BUBBLE_ANOMALY,0.0,0.0
1.066,1508.28,1374.15,1.0,BUBBLE_ANOMALY,0.0,0.0
1.067,1512.12,1349.78,1.0,BUBBLE_ANOMALY,0.0,0.0
1.068,1516.11,1351.34,1.0,BUBBLE_ANOMALY,0.0,0.0
1.069,1513.69,1354.1,1.0,BUBBLE_ANOMALY,0.0,0.0
1.07,1510.29,1395.92,1.0,BUBBLE_ANOMALY,0.0,0.0
1.071,1507.05,1439.86,1.0,BUBBLE_ANOMALY,0.0,0.0
1.072,1511.69,1475.74,1.0,BUBBLE_ANOMALY,0.0,0.0
1.073,1504.34,1491.86,1.0,BUBBLE_ANOMALY,0.0,0.0
1.074,1504.8,1496.74,1.0,BUBBLE_ANOMALY,0.0,0.0
1.075,1508.26,1473.94,1.0,BUBBLE_ANOMALY,0.0,0.0
1.076,1507.76,1440.1,1.0,BUBBLE_ANOMALY,0.0,0.0
1.077,1507.26,1395.04,1.0,BUBBLE_ANOMALY,0.0,0.0
1.078,1509.28,1359.86,1.0,BUBBLE_ANOMALY,0.0,0.0
1.079,1504.77,1347.18,1.0,BUBBLE_ANOMALY,0.0,0.0
1.08,1510.15,1335.46,1.0,BUBBLE_ANOMALY,0.0,0.0
1.081,1507.71,1363.88,1.0,BUBBLE_ANOMALY,0.0,0.0
1.082,1503.84,1409.36,1.0,BUBBLE_ANOMALY,0.0,0.0
1.083,1508.77,1443.84,1.0,BUBBLE_ANOMALY,0.0,0.0
1.084,1508.01,1479.19,1.0,BUBBLE_ANOMALY,0.0,0.0
1.085,1505.56,1501.05,1.0,BUBBLE_ANOMALY,0.0,0.0
1.086,1500.87,1496.07,1.0,BUBBLE_ANOMALY,0.0,0.0
1.087,1499.65,1470.32,1.0,BUBBLE_ANOMALY,0.0,0.0
1.088,1503.8,1430.79,1.0,BUBBLE_ANOMALY,0.0,0.0
1.089,1499.4,1387.54,1.0,BUBBLE_ANOMALY,0.0,0.0
1.09,1507.76,1358.41,1.0,BUBBLE_ANOMALY,0.0,0.0
1.091,1509.28,1337.06,1.0,BUBBLE_ANOMALY,0.0,0.0
1.092,1500.23,1349.16,1.0,BUBBLE_ANOMALY,0.0,0.0
1.093,1507.43,1375.65,1.0,BUBBLE_ANOMALY,0.0,0.0
1.094,1502.74,1422.45,1.0,BUBBLE_ANOMALY,0.0,0.0
1.095,1501.34,1450.41,1.0,BUBBLE_ANOMALY,0.0,0.0
1.096,1505.24,1483.73,1.0,BUBBLE_ANOMALY,0.0,0.0
1.097,1503.48,1493.87,1.0,BUBBLE_ANOMALY,0.0,0.0
1.098,1499.32,1495.08,1.0,BUBBLE_ANOMALY,0.0,0.0
1.099,1501.96,1463.99,1.0,BUBBLE_ANOMALY,0.0,0.0
1.1,1502.49,1413.8,1.0,BUBBLE_ANOMALY,0.0,0.0
1.101,1506.81,1376.57,1.0,BUBBLE_ANOMALY,0.0,0.0
1.102,1501.12,1357.28,1.0,BUBBLE_ANOMALY,0.0,0.0
1.103,1500.28,1347.53,1.0,BUBBLE_ANOMALY,0.0,0.0
1.104,1501.43,1349.84,1.0,BUBBLE_ANOMALY,0.0,0.0
1.105,1496.57,1380.86,1.0,BUBBLE_ANOMALY,0.0,0.0
1.106,1500.34,1431.03,1.0,BUBBLE_ANOMALY,0.0,0.0
1.107,1494.84,1465.46,1.0,BUBBLE_ANOMALY,0.0,0.0
1.108,1504.67,1491.27,1.0,BUBBLE_ANOMALY,0.0,0.0
1.109,1498.01,1499.67,1.0,BUBBLE_ANOMALY,0.0,0.0
1.11,1496.79,1484.99,1.0,BUBBLE_ANOMALY,0.0,0.0
1.111,1502.3,1445.71,1.0,BUBBLE_ANOMALY,0.0,0.0
1.112,1494.05,1403.82,1.0,BUBBLE_ANOMALY,0.0,0.0
1.113,1494.13,1367.32,1.0,BUBBLE_ANOMALY,0.0,0.0
1.114,1495.2,1342.13,1.0,BUBBLE_ANOMALY,0.0,0.0
1.115,1494.12,1339.22,1.0,BUBBLE_ANOMALY,0.0,0.0
1.116,1500.19,1359.13,1.0,BUBBLE_ANOMALY,0.0,0.0
1.117,1491.77,1394.61,1.0,BUBBLE_ANOMALY,0.0,0.0
1.118,1495.94,1442.61,1.0,BUBBLE_ANOMALY,0.0,0.0
1.119,1491.69,1473.27,1.0,BUBBLE_ANOMALY,0.0,0.0
1.12,1489.81,1489.29,1.0,BUBBLE_ANOMALY,0.0,0.0
1.121,1487.32,1497.17,1.0,BUBBLE_ANOMALY,0.0,0.0
1.122,1496.86,1478.09,1.0,BUBBLE_ANOMALY,0.0,0.0
1.123,1490.4,1441.04,1.0,BUBBLE_ANOMALY,0.0,0.0
1.124,1491.34,1400.07,1.0,BUBBLE_ANOMALY,0.0,0.0
1.125,1494.01,1364.59,1.0,BUBBLE_ANOMALY,0.0,0.0
1.126,1494.96,1343.52,1.0,BUBBLE_ANOMALY,0.0,0.0
1.127,1489.77,1343.27,1.0,BUBBLE_ANOMALY,0.0,0.0
1.128,1493.96,1374.34,1.0,BUBBLE_ANOMALY,0.0,0.0
1.129,1497.02,1397.41,1.0,BUBBLE_ANOMALY,0.0,0.0
1.13,1492.69,1443.39,1.0,BUBBLE_ANOMALY,0.0,0.0
1.131,1489.74,1476.42,1.0,BUBBLE_ANOMALY,0.0,0.0
1.132,1487.76,1501.31,1.0,BUBBLE_ANOMALY,0.0,0.0
1.133,1491.86,1488.08,1.0,BUBBLE_ANOMALY,0.0,0.0
1.134,1491.21,1472.61,1.0,BUBBLE_ANOMALY,0.0,0.0
1.135,1493.8,1426.37,1.0,BUBBLE_ANOMALY,0.0,0.0
1.136,1492.46,1388.61,1.0,BUBBLE_ANOMALY,0.0,0.0
1.137,1489.13,1362.25,1.0,BUBBLE_ANOMALY,0.0,0.0
1.138,1486.35,1341.3,1.0,BUBBLE_ANOMALY,0.0,0.0
1.139,1486.39,1350.81,1.0,BUBBLE_ANOMALY,0.0,0.0
1.14,1490.84,1372.4,1.0,BUBBLE_ANOMALY,0.0,0.0
1.141,1490.26,1417.12,1.0,BUBBLE_ANOMALY,0.0,0.0
1.142,1490.39,1464.75,1.0,BUBBLE_ANOMALY,0.0,0.0
1.143,1488.48,1485.27,1.0,BUBBLE_ANOMALY,0.0,0.0
1.144,1492.1,1506.27,1.0,BUBBLE_ANOMALY,0.0,0.0
1.145,1491.61,1487.94,1.0,BUBBLE_ANOMALY,0.0,0.0
1.146,1494.71,1452.61,1.0,BUBBLE_ANOMALY,0.0,0.0
1.147,1490.76,1423.45,1.0,BUBBLE_ANOMALY,0.0,0.0
1.148,1490.17,1383.01,1.0,BUBBLE_ANOMALY,0.0,0.0
1.149,1491.32,1356.39,1.0,BUBBLE_ANOMALY,0.0,0.0
1.15,1488.88,1343.55,1.0,BUBBLE_ANOMALY,0.0,0.0
1.151,1492.74,1349.27,1.0,BUBBLE_ANOMALY,0.0,0.0
1.152,1490.89,1378.1,1.0,BUBBLE_ANOMALY,0.0,0.0
1.153,1491.2,1430.22,1.0,BUBBLE_ANOMALY,0.0,0.0
1.154,1493.06,1469.14,1.0,BUBBLE_ANOMALY,0.0,0.0
1.155,1495.12,1493.48,1.0,BUBBLE_ANOMALY,0.0,0.0
1.156,1490.77,1501.36,1.0,BUBBLE_ANOMALY,0.0,0.0
1.157,1489.27,1484.01,1.0,BUBBLE_ANOMALY,0.0,0.0
1.158,1491.77,1450.59,1.0,BUBBLE_ANOMALY,0.0,0.0
1.159,1488.66,1405.28,1.0,BUBBLE_ANOMALY,0.0,0.0
1.16,1489.16,1370.08,1.0,BUBBLE_ANOMALY,0.0,0.0
1.161,1495.66,1341.21,1.0,BUBBLE_ANOMALY,0.0,0.0
1.162,1490.26,1345.02,1.0,BUBBLE_ANOMALY,0.0,0.0
1.163,1487.74,1358.62,1.0,BUBBLE_ANOMALY,0.0,0.0
1.164,1489.94,1391.66,1.0,BUBBLE_ANOMALY,0.0,0.0
1.165,1489.12,1432.54,1.0,BUBBLE_ANOMALY,0.0,0.0
1.166,1490.13,1474.88,1.0,BUBBLE_ANOMALY,0.0,0.0
1.167,1486.41,1494.93,1.0,BUBBLE_ANOMALY,0.0,0.0
1.168,1490.99,1494.13,1.0,BUBBLE_ANOMALY,0.0,0.0
1.169,1489.85,1477.51,1.0,BUBBLE_ANOMALY,0.0,0.0
1.17,1495.6,1448.52,1.0,BUBBLE_ANOMALY,0.0,0.0
1.171,1495.16,1415.44,1.0,BUBBLE_ANOMALY,0.0,0.0
1.172,1490.71,1366.89,1.0,BUBBLE_ANOMALY,0.0,0.0
1.173,1488.02,1347.07,1.0,BUBBLE_ANOMALY,0.0,0.0
1.174,1490.69,1340.02,1.0,BUBBLE_ANOMALY,0.0,0.0
1.175,1495.69,1356.84,1.0,BUBBLE_ANOMALY,0.0,0.0
1.176,1492.7,1396.79,1.0,BUBBLE_ANOMALY,0.0,0.0
1.177,1489.59,1447.7,1.0,BUBBLE_ANOMALY,0.0,0.0
1.178,1493.66,1482.71,1.0,BUBBLE_ANOMALY,0.0,0.0
1.179,1496.96,1497.2,1.0,BUBBLE_ANOMALY,0.0,0.0
1.18,1493.07,1494.88,1.0,BUBBLE_ANOMALY,0.0,0.0
1.181,1492.74,1466.63,1.0,BUBBLE_ANOMALY,0.0,0.0
1.182,1492.68,1433.49,1.0,BUBBLE_ANOMALY,0.0,0.0
1.183,1493.97,1387.78,1.0,BUBBLE_ANOMALY,0.0,0.0
1.184,1495.77,1353.77,1.0,BUBBLE_ANOMALY,0.0,0.0
1.185,1499.39,1342.29,1.0,BUBBLE_ANOMALY,0.0,0.0
1.186,1496.45,1349.69,1.0,BUBBLE_ANOMALY,0.0,0.0
1.187,1498.47,1371.91,1.0,BUBBLE_ANOMALY,0.0,0.0
1.188,1497.09,1412.47,1.0,BUBBLE_ANOMALY,0.0,0.0
1.189,1493.83,1459.1,1.0,BUBBLE_ANOMALY,0.0,0.0
1.19,1500.96,1487.7,1.0,BUBBLE_ANOMALY,0.0,0.0
1.191,1494.58,1503.04,1.0,BUBBLE_ANOMALY,0.0,0.0
1.192,1495.68,1492.0,1.0,BUBBLE_ANOMALY,0.0,0.0
1.193,1499.87,1458.15,1.0,BUBBLE_ANOMALY,0.0,0.0
1.194,1499.41,1416.12,1.0,BUBBLE_ANOMALY,0.0,0.0
1.195,1495.33,1391.55,1.0,BUBBLE_ANOMALY,0.0,0.0
1.196,1494.78,1357.78,1.0,BUBBLE_ANOMALY,0.0,0.0
1.197,1501.84,1342.62,1.0,BUBBLE_ANOMALY,0.0,0.0
1.198,1502.43,1356.61,1.0,BUBBLE_ANOMALY,0.0,0.0
1.199,1500.02,1381.55,1.0,BUBBLE_ANOMALY,0.0,0.0
1.2,1497.05,1422.62,1.0,BUBBLE_ANOMALY,0.0,0.0
1.201,1500.34,1452.41,1.0,BUBBLE_ANOMALY,0.0,0.0
1.202,1504.55,1484.11,1.0,BUBBLE_ANOMALY,0.0,0.0
1.203,1501.9,1496.46,1.0,BUBBLE_ANOMALY,0.0,0.0
1.204,1499.34,1489.26,1.0,BUBBLE_ANOMALY,0.0,0.0
1.205,1503.94,1453.49,1.0,BUBBLE_ANOMALY,0.0,0.0
1.206,1507.73,1414.04,1.0,BUBBLE_ANOMALY,0.0,0.0
1.207,1508.56,1381.3,1.0,BUBBLE_ANOMALY,0.0,0.0
1.208,1504.07,1350.23,1.0,BUBBLE_ANOMALY,0.0,0.0
1.209,1502.63,1341.64,1.0,BUBBLE_ANOMALY,0.0,0.0
1.21,1498.61,1348.54,1.0,BUBBLE_ANOMALY,0.0,0.0
1.211,1501.17,1396.31,1.0,BUBBLE_ANOMALY,0.0,0.0
1.212,1507.53,1425.79,1.0,BUBBLE_ANOMALY,0.0,0.0
1.213,1506.32,1473.64,1.0,BUBBLE_ANOMALY,0.0,0.0
1.214,1504.79,1501.35,1.0,BUBBLE_ANOMALY,0.0,0.0
1.215,1502.05,1492.94,1.0,BUBBLE_ANOMALY,0.0,0.0
1.216,1507.09,1479.9,1.0,BUBBLE_ANOMALY,0.0,0.0
1.217,1506.92,1448.28,1.0,BUBBLE_ANOMALY,0.0,0.0
1.218,1506.9,1402.07,1.0,BUBBLE_ANOMALY,0.0,0.0
1.219,1503.35,1369.5,1.0,BUBBLE_ANOMALY,0.0,0.0
1.22,1503.85,1338.4,1.0,BUBBLE_ANOMALY,0.0,0.0
1.221,1502.23,1345.77,1.0,BUBBLE_ANOMALY,0.0,0.0
1.222,1499.77,1355.3,1.0,BUBBLE_ANOMALY,0.0,0.0
1.223,1505.01,1392.98,1.0,BUBBLE_ANOMALY,0.0,0.0
1.224,1507.51,1436.22,1.0,BUBBLE_ANOMALY,0.0,0.0
1.225,1505.66,1469.14,1.0,BUBBLE_ANOMALY,0.0,0.0
1.226,1510.65,1492.63,1.0,BUBBLE_ANOMALY,0.0,0.0
1.227,1503.63,1499.78,1.0,BUBBLE_ANOMALY,0.0,0.0
1.228,1511.66,1474.53,1.0,BUBBLE_ANOMALY,0.0,0.0
1.229,1510.41,1438.52,1.0,BUBBLE_ANOMALY,0.0,0.0
1.23,1504.35,1389.11,1.0,BUBBLE_ANOMALY,0.0,0.0
1.231,1516.01,1365.49,1.0,BUBBLE_ANOMALY,0.0,0.0
1.232,1507.76,1349.99,1.0,BUBBLE_ANOMALY,0.0,0.0
1.233,1505.59,1339.63,1.0,BUBBLE_ANOMALY,0.0,0.0
1.234,1505.87,1365.86,1.0,BUBBLE_ANOMALY,0.0,0.0
1.235,1507.48,1410.88,1.0,BUBBLE_ANOMALY,0.0,0.0
1.236,1507.96,1449.64,1.0,BUBBLE_ANOMALY,0.0,0.0
1.237,1507.43,1480.86,1.0,BUBBLE_ANOMALY,0.0,0.0
1.238,1510.17,1503.16,1.0,BUBBLE_ANOMALY,0.0,0.0
1.239,1513.14,1486.23,1.0,BUBBLE_ANOMALY,0.0,0.0
1.24,1507.5,1471.68,1.0,BUBBLE_ANOMALY,0.0,0.0
1.241,1510.41,1418.82,1.0,BUBBLE_ANOMALY,0.0,0.0
1.242,1512.94,1389.52,1.0,BUBBLE_ANOMALY,0.0,0.0
1.243,1508.22,1358.04,1.0,BUBBLE_ANOMALY,0.0,0.0
1.244,1507.72,1337.26,1.0,BUBBLE_ANOMALY,0.0,0.0
1.245,1510.39,1348.5,1.0,BUBBLE_ANOMALY,0.0,0.0
1.246,1500.32,1370.55,1.0,BUBBLE_ANOMALY,0.0,0.0
1.247,1509.76,1429.03,1.0,BUBBLE_ANOMALY,0.0,0.0
1.248,1516.08,1457.3,1.0,BUBBLE_ANOMALY,0.0,0.0
1.249,1508.67,1483.02,1.0,BUBBLE_ANOMALY,0.0,0.0
1.25,1514.98,1497.17,1.0,BUBBLE_ANOMALY,0.0,0.0
1.251,1511.22,1488.15,1.0,BUBBLE_ANOMALY,0.0,0.0
1.252,1509.3,1460.9,1.0,BUBBLE_ANOMALY,0.0,0.0
1.253,1510.65,1419.74,1.0,BUBBLE_ANOMALY,0.0,0.0
1.254,1511.26,1378.57,1.0,BUBBLE_ANOMALY,0.0,0.0
1.255,1507.97,1350.95,1.0,BUBBLE_ANOMALY,0.0,0.0
1.256,1505.44,1340.53,1.0,BUBBLE_ANOMALY,0.0,0.0
1.257,1508.94,1354.36,1.0,BUBBLE_ANOMALY,0.0,0.0
1.258,1507.59,1376.31,1.0,BUBBLE_ANOMALY,0.0,0.0
1.259,1511.45,1432.11,1.0,BUBBLE_ANOMALY,0.0,0.0
1.26,1511.55,1462.32,1.0,BUBBLE_ANOMALY,0.0,0.0
1.261,1508.08,1493.87,1.0,BUBBLE_ANOMALY,0.0,0.0
1.262,1510.87,1502.7,1.0,BUBBLE_ANOMALY,0.0,0.0
1.263,1510.44,1478.46,1.0,BUBBLE_ANOMALY,0.0,0.0
1.264,1502.33,1445.39,1.0,BUBBLE_ANOMALY,0.0,0.0
1.265,1511.81,1400.53,1.0,BUBBLE_ANOMALY,0.0,0.0
1.266,1504.66,1363.5,1.0,BUBBLE_ANOMALY,0.0,0.0
1.267,1507.91,1356.26,1.0,BUBBLE_ANOMALY,0.0,0.0
1.268,1513.26,1349.61,1.0,BUBBLE_ANOMALY,0.0,0.0
1.269,1510.78,1367.85,1.0,BUBBLE_ANOMALY,0.0,0.0
1.27,1504.1,1393.21,1.0,BUBBLE_ANOMALY,0.0,0.0
1.271,1508.11,1441.09,1.0,BUBBLE_ANOMALY,0.0,0.0
1.272,1507.84,1473.7,1.0,BUBBLE_ANOMALY,0.0,0.0
1.273,1508.32,1498.05,1.0,BUBBLE_ANOMALY,0.0,0.0
1.274,1503.19,1496.99,1.0,BUBBLE_ANOMALY,0.0,0.0
1.275,1513.63,1474.61,1.0,BUBBLE_ANOMALY,0.0,0.0
1.276,1508.16,1437.92,1.0,BUBBLE_ANOMALY,0.0,0.0
1.277,1507.0,1406.93,1.0,BUBBLE_ANOMALY,0.0,0.0
1.278,1509.22,1361.6,1.0,BUBBLE_ANOMALY,0.0,0.0
1.279,1505.57,1341.14,1.0,BUBBLE_ANOMALY,0.0,0.0
1.28,1507.74,1343.23,1.0,BUBBLE_ANOMALY,0.0,0.0
1.281,1503.39,1371.43,1.0,BUBBLE_ANOMALY,0.0,0.0
1.282,1503.39,1404.87,1.0,BUBBLE_ANOMALY,0.0,0.0
1.283,1506.75,1438.42,1.0,BUBBLE_ANOMALY,0.0,0.0
1.284,1504.84,1479.9,1.0,BUBBLE_ANOMALY,0.0,0.0
1.285,1504.4,1506.15,1.0,BUBBLE_ANOMALY,0.0,0.0
1.286,1505.36,1497.48,1.0,BUBBLE_ANOMALY,0.0,0.0
1.287,1500.46,1462.61,1.0,BUBBLE_ANOMALY,0.0,0.0
1.288,1495.85,1426.17,1.0,BUBBLE_ANOMALY,0.0,0.0
1.289,1502.59,1397.73,1.0,BUBBLE_ANOMALY,0.0,0.0
1.29,1498.99,1353.27,1.0,BUBBLE_ANOMALY,0.0,0.0
1.291,1503.86,1336.6,1.0,BUBBLE_ANOMALY,0.0,0.0
1.292,1505.81,1347.96,1.0,BUBBLE_ANOMALY,0.0,0.0
1.293,1501.6,1381.25,1.0,BUBBLE_ANOMALY,0.0,0.0
1.294,1497.63,1411.29,1.0,BUBBLE_ANOMALY,0.0,0.0
1.295,1501.18,1458.33,1.0,BUBBLE_ANOMALY,0.0,0.0
1.296,1498.69,1489.15,1.0,BUBBLE_ANOMALY,0.0,0.0
1.297,1504.37,1496.15,1.0,BUBBLE_ANOMALY,0.0,0.0
1.298,1500.65,1491.88,1.0,BUBBLE_ANOMALY,0.0,0.0
1.299,1503.93,1463.97,1.0,BUBBLE_ANOMALY,0.0,0.0
1.3,1497.55,1411.28,1.0,BUBBLE_ANOMALY,0.0,0.0
1.301,1499.62,1378.35,1.0,BUBBLE_ANOMALY,0.0,0.0
1.302,1497.09,1349.48,1.0,BUBBLE_ANOMALY,0.0,0.0
1.303,1500.52,1338.39,1.0,BUBBLE_ANOMALY,0.0,0.0
1.304,1497.86,1352.15,1.0,BUBBLE_ANOMALY,0.0,0.0
1.305,1496.27,1378.39,1.0,BUBBLE_ANOMALY,0.0,0.0
1.306,1493.88,1426.67,1.0,BUBBLE_ANOMALY,0.0,0.0
1.307,1500.34,1465.26,1.0,BUBBLE_ANOMALY,0.0,0.0
1.308,1499.37,1494.58,1.0,BUBBLE_ANOMALY,0.0,0.0
1.309,1495.54,1493.44,1.0,BUBBLE_ANOMALY,0.0,0.0
1.31,1494.66,1481.71,1.0,BUBBLE_ANOMALY,0.0,0.0
1.311,1498.07,1450.26,1.0,BUBBLE_ANOMALY,0.0,0.0
1.312,1500.09,1403.62,1.0,BUBBLE_ANOMALY,0.0,0.0
1.313,1485.28,1372.68,1.0,BUBBLE_ANOMALY,0.0,0.0
1.314,1499.14,1340.58,1.0,BUBBLE_ANOMALY,0.0,0.0
1.315,1496.41,1330.77,1.0,BUBBLE_ANOMALY,0.0,0.0
1.316,1496.67,1354.92,1.0,BUBBLE_ANOMALY,0.0,0.0
1.317,1493.6,1387.93,1.0,BUBBLE_ANOMALY,0.0,0.0
1.318,1491.64,1444.8,1.0,BUBBLE_ANOMALY,0.0,0.0
1.319,1495.31,1479.44,1.0,BUBBLE_ANOMALY,0.0,0.0
1.32,1489.18,1497.23,1.0,BUBBLE_ANOMALY,0.0,0.0
1.321,1497.79,1497.87,1.0,BUBBLE_ANOMALY,0.0,0.0
1.322,1495.1,1480.41,1.0,BUBBLE_ANOMALY,0.0,0.0
1.323,1490.31,1439.84,1.0,BUBBLE_ANOMALY,0.0,0.0
1.324,1494.93,1404.32,1.0,BUBBLE_ANOMALY,0.0,0.0
1.325,1488.44,1361.67,1.0,BUBBLE_ANOMALY,0.0,0.0
1.326,1494.58,1341.9,1.0,BUBBLE_ANOMALY,0.0,0.0
1.327,1494.84,1345.69,1.0,BUBBLE_ANOMALY,0.0,0.0
1.328,1492.45,1359.89,1.0,BUBBLE_ANOMALY,0.0,0.0
1.329,1493.84,1400.68,1.0,BUBBLE_ANOMALY,0.0,0.0
1.33,1488.98,1442.7,1.0,BUBBLE_ANOMALY,0.0,0.0
1.331,1484.17,1478.03,1.0,BUBBLE_ANOMALY,0.0,0.0
1.332,1493.72,1503.24,1.0,BUBBLE_ANOMALY,0.0,0.0
1.333,1494.42,1496.14,1.0,BUBBLE_ANOMALY,0.0,0.0
1.334,1495.02,1481.39,1.0,BUBBLE_ANOMALY,0.0,0.0
1.335,1490.6,1447.78,1.0,BUBBLE_ANOMALY,0.0,0.0
1.336,1487.88,1398.01,1.0,BUBBLE_ANOMALY,0.0,0.0
1.337,1483.53,1357.48,1.0,BUBBLE_ANOMALY,0.0,0.0
1.338,1500.64,1335.3,1.0,BUBBLE_ANOMALY,0.0,0.0
1.339,1492.63,1342.62,1.0,BUBBLE_ANOMALY,0.0,0.0
1.34,1491.73,1374.42,1.0,BUBBLE_ANOMALY,0.0,0.0
1.341,1488.42,1409.58,1.0,BUBBLE_ANOMALY,0.0,0.0
1.342,1490.93,1458.58,1.0,BUBBLE_ANOMALY,0.0,0.0
1.343,1490.83,1486.98,1.0,BUBBLE_ANOMALY,0.0,0.0
1.344,1488.94,1500.65,1.0,BUBBLE_ANOMALY,0.0,0.0
1.345,1491.15,1495.14,1.0,BUBBLE_ANOMALY,0.0,0.0
1.346,1490.1,1454.09,1.0,BUBBLE_ANOMALY,0.0,0.0
1.347,1494.84,1417.69,1.0,BUBBLE_ANOMALY,0.0,0.0
1.348,1485.05,1383.98,1.0,BUBBLE_ANOMALY,0.0,0.0
1.349,1488.76,1349.21,1.0,BUBBLE_ANOMALY,0.0,0.0
1.35,1490.24,1336.22,1.0,BUBBLE_ANOMALY,0.0,0.0
1.351,1490.2,1343.35,1.0,BUBBLE_ANOMALY,0.0,0.0
1.352,1481.8,1383.63,1.0,BUBBLE_ANOMALY,0.0,0.0
1.353,1489.44,1424.85,1.0,BUBBLE_ANOMALY,0.0,0.0
1.354,1491.67,1460.01,1.0,BUBBLE_ANOMALY,0.0,0.0
1.355,1481.81,1486.89,1.0,BUBBLE_ANOMALY,0.0,0.0
1.356,1494.1,1506.84,1.0,BUBBLE_ANOMALY,0.0,0.0
1.357,1492.32,1474.23,1.0,BUBBLE_ANOMALY,0.0,0.0
1.358,1497.05,1452.26,1.0,BUBBLE_ANOMALY,0.0,0.0
1.359,1487.63,1405.11,1.0,BUBBLE_ANOMALY,0.0,0.0
1.36,1487.83,1366.16,1.0,BUBBLE_ANOMALY,0.0,0.0
1.361,1487.01,1343.61,1.0,BUBBLE_ANOMALY,0.0,0.0
1.362,1489.67,1346.35,1.0,BUBBLE_ANOMALY,0.0,0.0
1.363,1489.74,1351.3,1.0,BUBBLE_ANOMALY,0.0,0.0
1.364,1484.84,1388.24,1.0,BUBBLE_ANOMALY,0.0,0.0
1.365,1488.04,1431.11,1.0,BUBBLE_ANOMALY,0.0,0.0
1.366,1493.58,1467.36,1.0,BUBBLE_ANOMALY,0.0,0.0
1.367,1489.03,1492.52,1.0,BUBBLE_ANOMALY,0.0,0.0
1.368,1496.31,1501.63,1.0,BUBBLE_ANOMALY,0.0,0.0
1.369,1487.26,1478.52,1.0,BUBBLE_ANOMALY,0.0,0.0
1.37,1493.79,1444.1,1.0,BUBBLE_ANOMALY,0.0,0.0
1.371,1489.59,1411.93,1.0,BUBBLE_ANOMALY,0.0,0.0
1.372,1493.08,1374.75,1.0,BUBBLE_ANOMALY,0.0,0.0
1.373,1492.66,1338.3,1.0,BUBBLE_ANOMALY,0.0,0.0
1.374,1494.34,1346.6,1.0,BUBBLE_ANOMALY,0.0,0.0
1.375,1486.77,1360.81,1.0,BUBBLE_ANOMALY,0.0,0.0
1.376,1495.13,1410.54,1.0,BUBBLE_ANOMALY,0.0,0.0
1.377,1493.68,1450.16,1.0,BUBBLE_ANOMALY,0.0,0.0
1.378,1493.52,1469.86,1.0,BUBBLE_ANOMALY,0.0,0.0
1.379,1497.98,1503.57,1.0,BUBBLE_ANOMALY,0.0,0.0
1.38,1498.82,1494.11,1.0,BUBBLE_ANOMALY,0.0,0.0
1.381,1499.04,1481.27,1.0,BUBBLE_ANOMALY,0.0,0.0
1.382,1490.51,1439.0,1.0,BUBBLE_ANOMALY,0.0,0.0
1.383,1497.93,1401.86,1.0,BUBBLE_ANOMALY,0.0,0.0
1.384,1493.97,1356.77,1.0,BUBBLE_ANOMALY,0.0,0.0
1.385,1491.8,1340.94,1.0,BUBBLE_ANOMALY,0.0,0.0
1.386,1495.29,1348.94,1.0,BUBBLE_ANOMALY,0.0,0.0
1.387,1492.06,1364.61,1.0,BUBBLE_ANOMALY,0.0,0.0
1.388,1495.64,1412.02,1.0,BUBBLE_ANOMALY,0.0,0.0
1.389,1498.8,1454.63,1.0,BUBBLE_ANOMALY,0.0,0.0
1.39,1495.5,1481.25,1.0,BUBBLE_ANOMALY,0.0,0.0
1.391,1498.19,1486.13,1.0,BUBBLE_ANOMALY,0.0,0.0
1.392,1501.55,1493.42,1.0,BUBBLE_ANOMALY,0.0,0.0
1.393,1498.88,1470.39,1.0,BUBBLE_ANOMALY,0.0,0.0
1.394,1503.66,1426.67,1.0,BUBBLE_ANOMALY,0.0,0.0
1.395,1499.65,1383.72,1.0,BUBBLE_ANOMALY,0.0,0.0
1.396,1494.93,1352.9,1.0,BUBBLE_ANOMALY,0.0,0.0
1.397,1497.24,1343.25,1.0,BUBBLE_ANOMALY,0.0,0.0
1.398,1499.27,1346.23,1.0,BUBBLE_ANOMALY,0.0,0.0
1.399,1500.43,1375.01,1.0,BUBBLE_ANOMALY,0.0,0.0
1.4,1502.93,1420.33,1.0,BUBBLE_ANOMALY,0.0,0.0
1.401,1497.28,1468.25,1.0,BUBBLE_ANOMALY,0.0,0.0
1.402,1499.85,1487.0,1.0,BUBBLE_ANOMALY,0.0,0.0
1.403,1501.95,1495.97,1.0,BUBBLE_ANOMALY,0.0,0.0
1.404,1502.27,1496.34,1.0,BUBBLE_ANOMALY,0.0,0.0
1.405,1507.08,1458.68,1.0,BUBBLE_ANOMALY,0.0,0.0
1.406,1496.67,1407.06,1.0,BUBBLE_ANOMALY,0.0,0.0
1.407,1504.04,1380.46,1.0,BUBBLE_ANOMALY,0.0,0.0
1.408,1503.39,1348.49,1.0,BUBBLE_ANOMALY,0.0,0.0
1.409,1503.66,1344.66,1.0,BUBBLE_ANOMALY,0.0,0.0
1.41,1507.89,1348.9,1.0,BUBBLE_ANOMALY,0.0,0.0
1.411,1501.56,1385.85,1.0,BUBBLE_ANOMALY,0.0,0.0
1.412,1499.55,1438.69,1.0,BUBBLE_ANOMALY,0.0,0.0
1.413,1499.41,1470.4,1.0,BUBBLE_ANOMALY,0.0,0.0
1.414,1502.63,1491.27,1.0,BUBBLE_ANOMALY,0.0,0.0
1.415,1505.39,1506.73,1.0,BUBBLE_ANOMALY,0.0,0.0
1.416,1504.95,1483.37,1.0,BUBBLE_ANOMALY,0.0,0.0
1.417,1510.07,1434.84,1.0,BUBBLE_ANOMALY,0.0,0.0
1.418,1501.61,1406.98,1.0,BUBBLE_ANOMALY,0.0,0.0
1.419,1505.79,1365.35,1.0,BUBBLE_ANOMALY,0.0,0.0
1.42,1503.18,1349.48,1.0,BUBBLE_ANOMALY,0.0,0.0
1.421,1503.72,1347.63,1.0,BUBBLE_ANOMALY,0.0,0.0
1.422,1507.9,1368.02,1.0,BUBBLE_ANOMALY,0.0,0.0
1.423,1509.51,1403.15,1.0,BUBBLE_ANOMALY,0.0,0.0
1.424,1506.71,1443.48,1.0,BUBBLE_ANOMALY,0.0,0.0
1.425,1504.79,1480.21,1.0,BUBBLE_ANOMALY,0.0,0.0
1.426,1503.9,1493.36,1.0,BUBBLE_ANOMALY,0.0,0.0
1.427,1506.63,1498.86,1.0,BUBBLE_ANOMALY,0.0,0.0
1.428,1507.15,1471.82,1.0,BUBBLE_ANOMALY,0.0,0.0
1.429,1510.33,1449.88,1.0,BUBBLE_ANOMALY,0.0,0.0
1.43,1504.26,1393.29,1.0,BUBBLE_ANOMALY,0.0,0.0
1.431,1513.87,1353.62,1.0,BUBBLE_ANOMALY,0.0,0.0
1.432,1516.95,1331.87,1.0,BUBBLE_ANOMALY,0.0,0.0
1.433,1509.13,1339.08,1.0,BUBBLE_ANOMALY,0.0,0.0
1.434,1509.42,1364.15,1.0,BUBBLE_ANOMALY,0.0,0.0
1.435,1509.62,1405.65,1.0,BUBBLE_ANOMALY,0.0,0.0
1.436,1510.79,1447.36,1.0,BUBBLE_ANOMALY,0.0,0.0
1.437,1506.6,1481.09,1.0,BUBBLE_ANOMALY,0.0,0.0
1.438,1509.78,1501.29,1.0,BUBBLE_ANOMALY,0.0,0.0
1.439,1508.96,1492.24,1.0,BUBBLE_ANOMALY,0.0,0.0
1.44,1508.24,1466.88,1.0,BUBBLE_ANOMALY,0.0,0.0
1.441,1512.58,1433.28,1.0,BUBBLE_ANOMALY,0.0,0.0
1.442,1507.28,1382.86,1.0,BUBBLE_ANOMALY,0.0,0.0
1.443,1512.63,1352.93,1.0,BUBBLE_ANOMALY,0.0,0.0
1.444,1511.06,1336.88,1.0,BUBBLE_ANOMALY,0.0,0.0
1.445,1512.98,1355.32,1.0,BUBBLE_ANOMALY,0.0,0.0
1.446,1509.6,1378.8,1.0,BUBBLE_ANOMALY,0.0,0.0
1.447,1508.69,1419.12,1.0,BUBBLE_ANOMALY,0.0,0.0
1.448,1509.79,1452.75,1.0,BUBBLE_ANOMALY,0.0,0.0
1.449,1512.93,1490.47,1.0,BUBBLE_ANOMALY,0.0,0.0
1.45,1514.39,1505.46,1.0,BUBBLE_ANOMALY,0.0,0.0
1.451,1512.56,1483.92,1.0,BUBBLE_ANOMALY,0.0,0.0
1.452,1503.69,1455.74,1.0,BUBBLE_ANOMALY,0.0,0.0
1.453,1513.31,1412.15,1.0,BUBBLE_ANOMALY,0.0,0.0
1.454,1510.03,1370.8,1.0,BUBBLE_ANOMALY,0.0,0.0
1.455,1509.99,1346.39,1.0,BUBBLE_ANOMALY,0.0,0.0
1.456,1502.57,1343.35,1.0,BUBBLE_ANOMALY,0.0,0.0
1.457,1507.66,1351.59,1.0,BUBBLE_ANOMALY,0.0,0.0
1.458,1511.72,1396.49,1.0,BUBBLE_ANOMALY,0.0,0.0
1.459,1506.32,1424.83,1.0,BUBBLE_ANOMALY,0.0,0.0
1.46,1501.85,1468.52,1.0,BUBBLE_ANOMALY,0.0,0.0
1.461,1509.15,1491.71,1.0,BUBBLE_ANOMALY,0.0,0.0
1.462,1506.14,1497.08,1.0,BUBBLE_ANOMALY,0.0,0.0
1.463,1510.72,1475.24,1.0,BUBBLE_ANOMALY,0.0,0.0
1.464,1511.85,1449.45,1.0,BUBBLE_ANOMALY,0.0,0.0
1.465,1509.3,1411.31,1.0,BUBBLE_ANOMALY,0.0,0.0
1.466,1507.97,1372.1,1.0,BUBBLE_ANOMALY,0.0,0.0
1.467,1506.82,1346.26,1.0,BUBBLE_ANOMALY,0.0,0.0
1.468,1508.7,1346.4,1.0,BUBBLE_ANOMALY,0.0,0.0
1.469,1505.97,1359.02,1.0,BUBBLE_ANOMALY,0.0,0.0
1.47,1508.53,1397.35,1.0,BUBBLE_ANOMALY,0.0,0.0
1.471,1511.04,1434.98,1.0,BUBBLE_ANOMALY,0.0,0.0
1.472,1507.15,1477.0,1.0,BUBBLE_ANOMALY,0.0,0.0
1.473,1508.07,1500.24,1.0,BUBBLE_ANOMALY,0.0,0.0
1.474,1508.74,1499.23,1.0,BUBBLE_ANOMALY,0.0,0.0
1.475,1505.44,1483.33,1.0,BUBBLE_ANOMALY,0.0,0.0
1.476,1507.01,1448.17,1.0,BUBBLE_ANOMALY,0.0,0.0
1.477,1504.48,1392.41,1.0,BUBBLE_ANOMALY,0.0,0.0
1.478,1503.77,1366.16,1.0,BUBBLE_ANOMALY,0.0,0.0
1.479,1508.1,1338.7,1.0,BUBBLE_ANOMALY,0.0,0.0
1.48,1502.45,1341.65,1.0,BUBBLE_ANOMALY,0.0,0.0
1.481,1505.54,1360.27,1.0,BUBBLE_ANOMALY,0.0,0.0
1.482,1504.48,1405.42,1.0,BUBBLE_ANOMALY,0.0,0.0
1.483,1502.63,1440.35,1.0,BUBBLE_ANOMALY,0.0,0.0
1.484,1505.86,1489.79,1.0,BUBBLE_ANOMALY,0.0,0.0
1.485,1499.99,1502.15,1.0,BUBBLE_ANOMALY,0.0,0.0
1.486,1500.91,1496.65,1.0,BUBBLE_ANOMALY,0.0,0.0
1.487,1501.22,1466.08,1.0,BUBBLE_ANOMALY,0.0,0.0
1.488,1499.95,1438.13,1.0,BUBBLE_ANOMALY,0.0,0.0
1.489,1501.59,1383.3,1.0,BUBBLE_ANOMALY,0.0,0.0
1.49,1503.19,1352.52,1.0,BUBBLE_ANOMALY,0.0,0.0
1.491,1502.67,1336.08,1.0,BUBBLE_ANOMALY,0.0,0.0
1.492,1502.89,1345.33,1.0,BUBBLE_ANOMALY,0.0,0.0
1.493,1501.11,1370.5,1.0,BUBBLE_ANOMALY,0.0,0.0
1.494,1501.88,1413.65,1.0,BUBBLE_ANOMALY,0.0,0.0
1.495,1505.45,1455.14,1.0,BUBBLE_ANOMALY,0.0,0.0
1.496,1495.6,1491.43,1.0,BUBBLE_ANOMALY,0.0,0.0
1.497,1501.74,1507.46,1.0,BUBBLE_ANOMALY,0.0,0.0
1.498,1499.87,1489.37,1.0,BUBBLE_ANOMALY,0.0,0.0
1.499,1499.11,1468.82,1.0,BUBBLE_ANOMALY,0.0,0.0
1.5,1497.43,1423.84,1.0,BUBBLE_ANOMALY,0.0,0.0
1.501,1493.64,1381.26,1.0,BUBBLE_ANOMALY,0.0,0.0
1.502,1499.3,1354.63,1.0,BUBBLE_ANOMALY,0.0,0.0
1.503,1495.3,1348.26,1.0,BUBBLE_ANOMALY,0.0,0.0
1.504,1500.81,1348.47,1.0,BUBBLE_ANOMALY,0.0,0.0
1.505,1495.91,1390.44,1.0,BUBBLE_ANOMALY,0.0,0.0
1.506,1496.14,1428.31,1.0,BUBBLE_ANOMALY,0.0,0.0
1.507,1496.57,1467.97,1.0,BUBBLE_ANOMALY,0.0,0.0
1.508,1499.11,1494.91,1.0,BUBBLE_ANOMALY,0.0,0.0
1.509,1499.34,1501.61,1.0,BUBBLE_ANOMALY,0.0,0.0
1.51,1498.81,1489.06,1.0,BUBBLE_ANOMALY,0.0,0.0
1.511,1494.77,1455.73,1.0,BUBBLE_ANOMALY,0.0,0.0
1.512,1498.32,1418.74,1.0,BUBBLE_ANOMALY,0.0,0.0
1.513,1491.71,1367.85,1.0,BUBBLE_ANOMALY,0.0,0.0
1.514,1497.5,1339.46,1.0,BUBBLE_ANOMALY,0.0,0.0
1.515,1496.55,1333.09,1.0,BUBBLE_ANOMALY,0.0,0.0
1.516,1496.75,1353.97,1.0,BUBBLE_ANOMALY,0.0,0.0
1.517,1492.5,1393.66,1.0,BUBBLE_ANOMALY,0.0,0.0
1.518,1493.97,1433.79,1.0,BUBBLE_ANOMALY,0.0,0.0
1.519,1498.17,1469.75,1.0,BUBBLE_ANOMALY,0.0,0.0
1.52,1489.44,1501.12,1.0,BUBBLE_ANOMALY,0.0,0.0
1.521,1494.49,1488.74,1.0,BUBBLE_ANOMALY,0.0,0.0
1.522,1492.33,1466.47,1.0,BUBBLE_ANOMALY,0.0,0.0
1.523,1492.92,1444.8,1.0,BUBBLE_ANOMALY,0.0,0.0
1.524,1494.02,1406.89,1.0,BUBBLE_ANOMALY,0.0,0.0
1.525,1489.65,1366.53,1.0,BUBBLE_ANOMALY,0.0,0.0
1.526,1494.32,1341.92,1.0,BUBBLE_ANOMALY,0.0,0.0
1.527,1489.25,1344.86,1.0,BUBBLE_ANOMALY,0.0,0.0
1.528,1491.54,1368.75,1.0,BUBBLE_ANOMALY,0.0,0.0
1.529,1487.1,1403.19,1.0,BUBBLE_ANOMALY,0.0,0.0
1.53,1491.86,1440.87,1.0,BUBBLE_ANOMALY,0.0,0.0
1.531,1487.72,1484.5,1.0,BUBBLE_ANOMALY,0.0,0.0
1.532,1492.63,1490.11,1.0,BUBBLE_ANOMALY,0.0,0.0
1.533,1497.27,1496.88,1.0,BUBBLE_ANOMALY,0.0,0.0
1.534,1490.01,1472.42,1.0,BUBBLE_ANOMALY,0.0,0.0
1.535,1488.17,1430.49,1.0,BUBBLE_ANOMALY,0.0,0.0
1.536,1489.91,1394.7,1.0,BUBBLE_ANOMALY,0.0,0.0
1.537,1491.53,1358.92,1.0,BUBBLE_ANOMALY,0.0,0.0
1.538,1487.07,1336.21,1.0,BUBBLE_ANOMALY,0.0,0.0
1.539,1490.03,1336.7,1.0,BUBBLE_ANOMALY,0.0,0.0
1.54,1496.25,1370.52,1.0,BUBBLE_ANOMALY,0.0,0.0
1.541,1492.22,1413.37,1.0,BUBBLE_ANOMALY,0.0,0.0
1.542,1487.37,1453.04,1.0,BUBBLE_ANOMALY,0.0,0.0
1.543,1490.68,1489.54,1.0,BUBBLE_ANOMALY,0.0,0.0
1.544,1489.19,1504.89,1.0,BUBBLE_ANOMALY,0.0,0.0
1.545,1488.35,1495.58,1.0,BUBBLE_ANOMALY,0.0,0.0
1.546,1487.25,1459.06,1.0,BUBBLE_ANOMALY,0.0,0.0
1.547,1495.64,1420.25,1.0,BUBBLE_ANOMALY,0.0,0.0
1.548,1482.77,1387.64,1.0,BUBBLE_ANOMALY,0.0,0.0
1.549,1492.67,1357.41,1.0,BUBBLE_ANOMALY,0.0,0.0
1.55,1488.44,1343.19,1.0,BUBBLE_ANOMALY,0.0,0.0
1.551,1494.25,1356.67,1.0,BUBBLE_ANOMALY,0.0,0.0
1.552,1486.19,1384.15,1.0,BUBBLE_ANOMALY,0.0,0.0
1.553,1491.65,1431.87,1.0,BUBBLE_ANOMALY,0.0,0.0
1.554,1493.24,1476.91,1.0,BUBBLE_ANOMALY,0.0,0.0
1.555,1490.41,1489.46,1.0,BUBBLE_ANOMALY,0.0,0.0
1.556,1491.04,1503.94,1.0,BUBBLE_ANOMALY,0.0,0.0
1.557,1487.69,1474.15,1.0,BUBBLE_ANOMALY,0.0,0.0
1.558,1488.38,1453.68,1.0,BUBBLE_ANOMALY,0.0,0.0
1.559,1489.25,1415.55,1.0,BUBBLE_ANOMALY,0.0,0.0
1.56,1491.27,1363.64,1.0,BUBBLE_ANOMALY,0.0,0.0
1.561,1486.42,1355.17,1.0,BUBBLE_ANOMALY,0.0,0.0
1.562,1484.91,1339.7,1.0,BUBBLE_ANOMALY,0.0,0.0
1.563,1488.18,1361.75,1.0,BUBBLE_ANOMALY,0.0,0.0
1.564,1492.48,1378.24,1.0,BUBBLE_ANOMALY,0.0,0.0
1.565,1488.97,1427.11,1.0,BUBBLE_ANOMALY,0.0,0.0
1.566,1489.42,1476.98,1.0,BUBBLE_ANOMALY,0.0,0.0
1.567,1492.43,1495.35,1.0,BUBBLE_ANOMALY,0.0,0.0
1.568,1491.57,1501.71,1.0,BUBBLE_ANOMALY,0.0,0.0
1.569,1492.36,1482.43,1.0,BUBBLE_ANOMALY,0.0,0.0
1.57,1493.19,1445.33,1.0,BUBBLE_ANOMALY,0.0,0.0
1.571,1490.89,1414.4,1.0,BUBBLE_ANOMALY,0.0,0.0
1.572,1488.71,1368.55,1.0,BUBBLE_ANOMALY,0.0,0.0
1.573,1487.88,1346.77,1.0,BUBBLE_ANOMALY,0.0,0.0
1.574,1487.72,1336.43,1.0,BUBBLE_ANOMALY,0.0,0.0
1.575,1494.95,1370.43,1.0,BUBBLE_ANOMALY,0.0,0.0
1.576,1488.2,1406.6,1.0,BUBBLE_ANOMALY,0.0,0.0
1.577,1495.51,1427.51,1.0,BUBBLE_ANOMALY,0.0,0.0
1.578,1492.0,1480.46,1.0,BUBBLE_ANOMALY,0.0,0.0
1.579,1495.1,1498.83,1.0,BUBBLE_ANOMALY,0.0,0.0
1.58,1495.59,1492.68,1.0,BUBBLE_ANOMALY,0.0,0.0
1.581,1493.92,1481.66,1.0,BUBBLE_ANOMALY,0.0,0.0
1.582,1495.78,1431.99,1.0,BUBBLE_ANOMALY,0.0,0.0
1.583,1495.79,1395.65,1.0,BUBBLE_ANOMALY,0.0,0.0
1.584,1498.4,1352.1,1.0,BUBBLE_ANOMALY,0.0,0.0
1.585,1491.31,1339.78,1.0,BUBBLE_ANOMALY,0.0,0.0
1.586,1496.27,1341.02,1.0,BUBBLE_ANOMALY,0.0,0.0
1.587,1494.48,1376.33,1.0,BUBBLE_ANOMALY,0.0,0.0
1.588,1494.49,1411.89,1.0,BUBBLE_ANOMALY,0.0,0.0
1.589,1495.03,1444.71,1.0,BUBBLE_ANOMALY,0.0,0.0
1.59,1500.73,1485.48,1.0,BUBBLE_ANOMALY,0.0,0.0
1.591,1493.0,1504.53,1.0,BUBBLE_ANOMALY,0.0,0.0
1.592,1497.0,1487.51,1.0,BUBBLE_ANOMALY,0.0,0.0
1.593,1495.8,1462.08,1.0,BUBBLE_ANOMALY,0.0,0.0
1.594,1500.68,1424.28,1.0,BUBBLE_ANOMALY,0.0,0.0
1.595,1495.42,1385.48,1.0,BUBBLE_ANOMALY,0.0,0.0
1.596,1497.91,1353.75,1.0,BUBBLE_ANOMALY,0.0,0.0
1.597,1501.85,1348.01,1.0,BUBBLE_ANOMALY,0.0,0.0
1.598,1502.21,1346.56,1.0,BUBBLE_ANOMALY,0.0,0.0
1.599,1499.16,1385.13,1.0,BUBBLE_ANOMALY,0.0,0.0
1.6,1499.99,1422.16,1.0,BUBBLE_ANOMALY,0.0,0.0
1.601,1502.16,1468.03,1.0,BUBBLE_ANOMALY,0.0,0.0
1.602,1500.33,1494.05,1.0,BUBBLE_ANOMALY,0.0,0.0
1.603,1498.58,1499.67,1.0,BUBBLE_ANOMALY,0.0,0.0
1.604,1496.89,1486.16,1.0,BUBBLE_ANOMALY,0.0,0.0
1.605,1502.11,1460.89,1.0,BUBBLE_ANOMALY,0.0,0.0
1.606,1498.5,1419.44,1.0,BUBBLE_ANOMALY,0.0,0.0
1.607,1502.89,1380.56,1.0,BUBBLE_ANOMALY,0.0,0.0
1.608,1499.28,1345.79,1.0,BUBBLE_ANOMALY,0.0,0.0
1.609,1503.42,1333.74,1.0,BUBBLE_ANOMALY,0.0,0.0
1.61,1501.27,1355.66,1.0,BUBBLE_ANOMALY,0.0,0.0
1.611,1501.17,1392.99,1.0,BUBBLE_ANOMALY,0.0,0.0
1.612,1509.81,1426.0,1.0,BUBBLE_ANOMALY,0.0,0.0
1.613,1503.06,1468.74,1.0,BUBBLE_ANOMALY,0.0,0.0
1.614,1508.23,1502.46,1.0,BUBBLE_ANOMALY,0.0,0.0
1.615,1499.18,1493.65,1.0,BUBBLE_ANOMALY,0.0,0.0
1.616,1502.56,1482.95,1.0,BUBBLE_ANOMALY,0.0,0.0
1.617,1508.69,1444.08,1.0,BUBBLE_ANOMALY,0.0,0.0
1.618,1503.71,1402.54,1.0,BUBBLE_ANOMALY,0.0,0.0
1.619,1507.5,1366.62,1.0,BUBBLE_ANOMALY,0.0,0.0
1.62,1500.73,1347.86,1.0,BUBBLE_ANOMALY,0.0,0.0
1.621,1505.87,1335.23,1.0,BUBBLE_ANOMALY,0.0,0.0
1.622,1504.8,1362.41,1.0,BUBBLE_ANOMALY,0.0,0.0
1.623,1508.07,1406.42,1.0,BUBBLE_ANOMALY,0.0,0.0
1.624,1503.81,1448.33,1.0,BUBBLE_ANOMALY,0.0,0.0
1.625,1504.22,1479.13,1.0,BUBBLE_ANOMALY,0.0,0.0
1.626,1508.79,1498.41,1.0,BUBBLE_ANOMALY,0.0,0.0
1.627,1507.37,1479.88,1.0,BUBBLE_ANOMALY,0.0,0.0
1.628,1511.04,1460.97,1.0,BUBBLE_ANOMALY,0.0,0.0
1.629,1504.23,1437.55,1.0,BUBBLE_ANOMALY,0.0,0.0
1.63,1509.56,1392.33,1.0,BUBBLE_ANOMALY,0.0,0.0
1.631,1507.43,1345.65,1.0,BUBBLE_ANOMALY,0.0,0.0
1.632,1503.57,1344.36,1.0,BUBBLE_ANOMALY,0.0,0.0
1.633,1508.62,1347.38,1.0,BUBBLE_ANOMALY,0.0,0.0
1.634,1506.14,1369.85,1.0,BUBBLE_ANOMALY,0.0,0.0
1.635,1507.89,1405.65,1.0,BUBBLE_ANOMALY,0.0,0.0
1.636,1503.37,1445.59,1.0,BUBBLE_ANOMALY,0.0,0.0
1.637,1505.1,1489.71,1.0,BUBBLE_ANOMALY,0.0,0.0
1.638,1512.2,1502.78,1.0,BUBBLE_ANOMALY,0.0,0.0
1.639,1511.18,1492.31,1.0,BUBBLE_ANOMALY,0.0,0.0
1.64,1507.1,1462.8,1.0,BUBBLE_ANOMALY,0.0,0.0
1.641,1510.91,1421.79,1.0,BUBBLE_ANOMALY,0.0,0.0
1.642,1506.08,1388.02,1.0,BUBBLE_ANOMALY,0.0,0.0
1.643,1506.16,1357.77,1.0,BUBBLE_ANOMALY,0.0,0.0
1.644,1508.28,1340.61,1.0,BUBBLE_ANOMALY,0.0,0.0
1.645,1508.92,1344.24,1.0,BUBBLE_ANOMALY,0.0,0.0
1.646,1505.92,1371.68,1.0,BUBBLE_ANOMALY,0.0,0.0
1.647,1508.91,1416.55,1.0,BUBBLE_ANOMALY,0.0,0.0
1.648,1512.4,1458.18,1.0,BUBBLE_ANOMALY,0.0,0.0
1.649,1513.05,1492.78,1.0,BUBBLE_ANOMALY,0.0,0.0
1.65,1507.31,1496.11,1.0,BUBBLE_ANOMALY,0.0,0.0
1.651,1508.6,1490.42,1.0,BUBBLE_ANOMALY,0.0,0.0
1.652,1506.0,1470.76,1.0,BUBBLE_ANOMALY,0.0,0.0
1.653,1509.27,1420.67,1.0,BUBBLE_ANOMALY,0.0,0.0
1.654,1503.45,1372.88,1.0,BUBBLE_ANOMALY,0.0,0.0
1.655,1511.25,1344.85,1.0,BUBBLE_ANOMALY,0.0,0.0
1.656,1510.55,1336.21,1.0,BUBBLE_ANOMALY,0.0,0.0
1.657,1509.89,1350.42,1.0,BUBBLE_ANOMALY,0.0,0.0
1.658,1511.29,1387.73,1.0,BUBBLE_ANOMALY,0.0,0.0
1.659,1505.65,1431.18,1.0,BUBBLE_ANOMALY,0.0,0.0
1.66,1512.39,1462.89,1.0,BUBBLE_ANOMALY,0.0,0.0
1.661,1510.79,1501.74,1.0,BUBBLE_ANOMALY,0.0,0.0
1.662,1507.94,1498.65,1.0,BUBBLE_ANOMALY,0.0,0.0
1.663,1512.5,1492.29,1.0,BUBBLE_ANOMALY,0.0,0.0
1.664,1509.88,1460.34,1.0,BUBBLE_ANOMALY,0.0,0.0
1.665,1509.24,1400.93,1.0,BUBBLE_ANOMALY,0.0,0.0
1.666,1508.47,1378.08,1.0,BUBBLE_ANOMALY,0.0,0.0
1.667,1509.54,1340.17,1.0,BUBBLE_ANOMALY,0.0,0.0
1.668,1510.64,1341.33,1.0,BUBBLE_ANOMALY,0.0,0.0
1.669,1501.89,1355.52,1.0,BUBBLE_ANOMALY,0.0,0.0
1.67,1504.02,1399.33,1.0,BUBBLE_ANOMALY,0.0,0.0
1.671,1507.86,1434.17,1.0,BUBBLE_ANOMALY,0.0,0.0
1.672,1507.49,1475.76,1.0,BUBBLE_ANOMALY,0.0,0.0
1.673,1504.29,1495.73,1.0,BUBBLE_ANOMALY,0.0,0.0
1.674,1508.57,1493.47,1.0,BUBBLE_ANOMALY,0.0,0.0
1.675,1501.44,1473.58,1.0,BUBBLE_ANOMALY,0.0,0.0
1.676,1509.43,1449.87,1.0,BUBBLE_ANOMALY,0.0,0.0
1.677,1508.81,1395.1,1.0,BUBBLE_ANOMALY,0.0,0.0
1.678,1504.4,1367.06,1.0,BUBBLE_ANOMALY,0.0,0.0
1.679,1505.66,1336.09,1.0,BUBBLE_ANOMALY,0.0,0.0
1.68,1504.1,1344.49,1.0,BUBBLE_ANOMALY,0.0,0.0
1.681,1504.51,1368.46,1.0,BUBBLE_ANOMALY,0.0,0.0
1.682,1507.38,1407.39,1.0,BUBBLE_ANOMALY,0.0,0.0
1.683,1506.67,1445.62,1.0,BUBBLE_ANOMALY,0.0,0.0
1.684,1504.79,1484.25,1.0,BUBBLE_ANOMALY,0.0,0.0
1.685,1498.86,1503.65,1.0,BUBBLE_ANOMALY,0.0,0.0
1.686,1509.43,1491.12,1.0,BUBBLE_ANOMALY,0.0,0.0
1.687,1505.1,1474.32,1.0,BUBBLE_ANOMALY,0.0,0.0
1.688,1502.65,1426.89,1.0,BUBBLE_ANOMALY,0.0,0.0
1.689,1507.89,1376.07,1.0,BUBBLE_ANOMALY,0.0,0.0
1.69,1500.12,1363.49,1.0,BUBBLE_ANOMALY,0.0,0.0
1.691,1499.96,1332.84,1.0,BUBBLE_ANOMALY,0.0,0.0
1.692,1507.31,1350.89,1.0,BUBBLE_ANOMALY,0.0,0.0
1.693,1503.14,1371.65,1.0,BUBBLE_ANOMALY,0.0,0.0
1.694,1502.05,1412.9,1.0,BUBBLE_ANOMALY,0.0,0.0
1.695,1502.71,1461.99,1.0,BUBBLE_ANOMALY,0.0,0.0
1.696,1502.9,1492.95,1.0,BUBBLE_ANOMALY,0.0,0.0
1.697,1499.44,1502.31,1.0,BUBBLE_ANOMALY,0.0,0.0
1.698,1496.38,1487.61,1.0,BUBBLE_ANOMALY,0.0,0.0
1.699,1504.08,1471.71,1.0,BUBBLE_ANOMALY,0.0,0.0
1.7,1500.76,1428.37,1.0,BUBBLE_ANOMALY,0.0,0.0
1.701,1502.19,1411.92,1.0,BUBBLE_ANOMALY,0.0,0.0
1.702,1496.61,1426.95,1.0,BUBBLE_ANOMALY,0.0,0.0
1.703,1500.09,1408.48,1.0,BUBBLE_ANOMALY,0.0,0.0
1.704,1492.93,1421.4,1.0,BUBBLE_ANOMALY,0.0,0.0
1.705,1496.02,1424.59,1.0,BUBBLE_ANOMALY,0.0,0.0
1.706,1497.62,1413.03,1.0,BUBBLE_ANOMALY,0.0,0.0
1.707,1497.53,1417.41,1.0,BUBBLE_ANOMALY,0.0,0.0
1.708,1501.44,1410.9,1.0,BUBBLE_ANOMALY,0.0,0.0
1.709,1492.88,1418.84,1.0,BUBBLE_ANOMALY,0.0,0.0
1.71,1496.56,1428.89,1.0,BUBBLE_ANOMALY,0.0,0.0
1.711,1497.39,1420.4,1.0,BUBBLE_ANOMALY,0.0,0.0
1.712,1499.39,1418.14,1.0,BUBBLE_ANOMALY,0.0,0.0
1.713,1490.69,1410.26,1.0,BUBBLE_ANOMALY,0.0,0.0
1.714,1497.32,1424.51,1.0,BUBBLE_ANOMALY,0.0,0.0
1.715,1496.99,1422.17,1.0,BUBBLE_ANOMALY,0.0,0.0
1.716,1488.5,1408.43,1.0,BUBBLE_ANOMALY,0.0,0.0
1.717,1498.07,1423.37,1.0,BUBBLE_ANOMALY,0.0,0.0
1.718,1499.63,1422.22,1.0,BUBBLE_ANOMALY,0.0,0.0
1.719,1492.78,1413.78,1.0,BUBBLE_ANOMALY,0.0,0.0
1.72,1499.22,1415.25,1.0,BUBBLE_ANOMALY,0.0,0.0
1.721,1494.45,1411.4,1.0,BUBBLE_ANOMALY,0.0,0.0
1.722,1487.37,1415.75,1.0,BUBBLE_ANOMALY,0.0,0.0
1.723,1492.47,1419.77,1.0,BUBBLE_ANOMALY,0.0,0.0
1.724,1495.12,1424.65,1.0,BUBBLE_ANOMALY,0.0,0.0
1.725,1493.9,1417.54,1.0,BUBBLE_ANOMALY,0.0,0.0
1.726,1496.23,1415.53,1.0,BUBBLE_ANOMALY,0.0,0.0
1.727,1492.15,1426.16,1.0,BUBBLE_ANOMALY,0.0,0.0
1.728,1486.98,1417.4,1.0,BUBBLE_ANOMALY,0.0,0.0
1.729,1495.82,1413.76,1.0,BUBBLE_ANOMALY,0.0,0.0
1.73,1490.91,1423.28,1.0,BUBBLE_ANOMALY,0.0,0.0
1.731,1498.26,1425.62,1.0,BUBBLE_ANOMALY,0.0,0.0
1.732,1491.85,1424.18,1.0,BUBBLE_ANOMALY,0.0,0.0
1.733,1493.21,1425.02,1.0,BUBBLE_ANOMALY,0.0,0.0
1.734,1487.79,1427.31,1.0,BUBBLE_ANOMALY,0.0,0.0
1.735,1483.79,1417.42,1.0,BUBBLE_ANOMALY,0.0,0.0
1.736,1491.45,1422.47,1.0,BUBBLE_ANOMALY,0.0,0.0
1.737,1491.25,1419.2,1.0,BUBBLE_ANOMALY,0.0,0.0
1.738,1490.13,1421.04,1.0,BUBBLE_ANOMALY,0.0,0.0
1.739,1490.72,1425.93,1.0,BUBBLE_ANOMALY,0.0,0.0
1.74,1492.03,1419.26,1.0,BUBBLE_ANOMALY,0.0,0.0
1.741,1490.59,1424.06,1.0,BUBBLE_ANOMALY,0.0,0.0
1.742,1494.53,1424.45,1.0,BUBBLE_ANOMALY,0.0,0.0
1.743,1491.02,1423.32,1.0,BUBBLE_ANOMALY,0.0,0.0
1.744,1494.02,1424.89,1.0,BUBBLE_ANOMALY,0.0,0.0
1.745,1493.31,1422.75,1.0,BUBBLE_ANOMALY,0.0,0.0
1.746,1494.83,1416.95,1.0,BUBBLE_ANOMALY,0.0,0.0
1.747,1490.8,1417.22,1.0,BUBBLE_ANOMALY,0.0,0.0
1.748,1494.25,1420.03,1.0,BUBBLE_ANOMALY,0.0,0.0
1.749,1489.99,1421.98,1.0,BUBBLE_ANOMALY,0.0,0.0
1.75,1488.89,1428.2,1.0,BUBBLE_ANOMALY,0.0,0.0
1.751,1486.86,1418.19,1.0,BUBBLE_ANOMALY,0.0,0.0
1.752,1487.29,1420.11,1.0,BUBBLE_ANOMALY,0.0,0.0
1.753,1484.47,1416.56,1.0,BUBBLE_ANOMALY,0.0,0.0
1.754,1496.02,1418.46,1.0,BUBBLE_ANOMALY,0.0,0.0
1.755,1491.88,1425.58,1.0,BUBBLE_ANOMALY,0.0,0.0
1.756,1495.47,1419.0,1.0,BUBBLE_ANOMALY,0.0,0.0
1.757,1488.67,1420.02,1.0,BUBBLE_ANOMALY,0.0,0.0
1.758,1486.47,1428.78,1.0,BUBBLE_ANOMALY,0.0,0.0
1.759,1490.65,1413.85,1.0,BUBBLE_ANOMALY,0.0,0.0
1.76,1489.56,1424.37,1.0,BUBBLE_ANOMALY,0.0,0.0
1.761,1493.96,1422.98,1.0,BUBBLE_ANOMALY,0.0,0.0
1.762,1490.06,1425.11,1.0,BUBBLE_ANOMALY,0.0,0.0
1.763,1489.86,1417.76,1.0,BUBBLE_ANOMALY,0.0,0.0
1.764,1497.93,1413.42,1.0,BUBBLE_ANOMALY,0.0,0.0
1.765,1485.64,1428.38,1.0,BUBBLE_ANOMALY,0.0,0.0
1.766,1490.38,1410.18,1.0,BUBBLE_ANOMALY,0.0,0.0
1.767,1493.45,1419.36,1.0,BUBBLE_ANOMALY,0.0,0.0
1.768,1490.0,1417.62,1.0,BUBBLE_ANOMALY,0.0,0.0
1.769,1490.23,1422.63,1.0,BUBBLE_ANOMALY,0.0,0.0
1.77,1495.78,1411.47,1.0,BUBBLE_ANOMALY,0.0,0.0
1.771,1498.56,1413.74,1.0,BUBBLE_ANOMALY,0.0,0.0
1.772,1495.35,1413.75,1.0,BUBBLE_ANOMALY,0.0,0.0
1.773,1490.52,1421.87,1.0,BUBBLE_ANOMALY,0.0,0.0
1.774,1498.0,1412.02,1.0,BUBBLE_ANOMALY,0.0,0.0
1.775,1495.2,1411.39,1.0,BUBBLE_ANOMALY,0.0,0.0
1.776,1494.9,1426.11,1.0,BUBBLE_ANOMALY,0.0,0.0
1.777,1488.57,1424.28,1.0,BUBBLE_ANOMALY,0.0,0.0
1.778,1492.45,1422.58,1.0,BUBBLE_ANOMALY,0.0,0.0
1.779,1497.3,1408.15,1.0,BUBBLE_ANOMALY,0.0,0.0
1.78,1493.15,1411.0,1.0,BUBBLE_ANOMALY,0.0,0.0
1.781,1495.88,1414.19,1.0,BUBBLE_ANOMALY,0.0,0.0
1.782,1495.05,1412.99,1.0,BUBBLE_ANOMALY,0.0,0.0
1.783,1496.1,1421.96,1.0,BUBBLE_ANOMALY,0.0,0.0
1.784,1494.38,1417.96,1.0,BUBBLE_ANOMALY,0.0,0.0
1.785,1498.41,1421.79,1.0,BUBBLE_ANOMALY,0.0,0.0
1.786,1500.96,1416.22,1.0,BUBBLE_ANOMALY,0.0,0.0
1.787,1491.34,1408.73,1.0,BUBBLE_ANOMALY,0.0,0.0
1.788,1495.48,1413.1,1.0,BUBBLE_ANOMALY,0.0,0.0
1.789,1498.84,1421.01,1.0,BUBBLE_ANOMALY,0.0,0.0
1.79,1500.75,1427.02,1.0,BUBBLE_ANOMALY,0.0,0.0
1.791,1494.96,1423.41,1.0,BUBBLE_ANOMALY,0.0,0.0
1.792,1498.04,1418.39,1.0,BUBBLE_ANOMALY,0.0,0.0
1.793,1490.79,1421.86,1.0,BUBBLE_ANOMALY,0.0,0.0
1.794,1496.73,1420.97,1.0,BUBBLE_ANOMALY,0.0,0.0
1.795,1504.53,1420.29,1.0,BUBBLE_ANOMALY,0.0,0.0
1.796,1498.72,1416.23,1.0,BUBBLE_ANOMALY,0.0,0.0
1.797,1493.2,1418.81,1.0,BUBBLE_ANOMALY,0.0,0.0
1.798,1502.08,1417.86,1.0,BUBBLE_ANOMALY,0.0,0.0
1.799,1499.4,1418.73,1.0,BUBBLE_ANOMALY,0.0,0.0
1.8,1501.64,1420.0,0.0,BUBBLE_ANOMALY,0.0,0.0
1.801,1501.5,1376.44,0.0,BUBBLE_ANOMALY,0.0,0.0
1.802,1501.31,1334.32,0.0,BUBBLE_ANOMALY,0.0,0.0
1.803,1498.51,1293.58,0.0,BUBBLE_ANOMALY,0.0,0.0
1.804,1496.39,1254.2,0.0,BUBBLE_ANOMALY,0.0,0.0
1.805,1501.83,1216.11,0.0,BUBBLE_ANOMALY,0.0,0.0
1.806,1504.59,1179.27,0.0,BUBBLE_ANOMALY,0.0,0.0
1.807,1499.73,1143.66,0.0,BUBBLE_ANOMALY,0.0,0.0
1.808,1500.18,1109.22,0.0,BUBBLE_ANOMALY,0.0,0.0
1.809,1504.22,1075.91,0.0,BUBBLE_ANOMALY,0.0,0.0
1.81,1508.78,1043.71,0.0,BUBBLE_ANOMALY,0.0,0.0
1.811,1508.61,1012.57,0.0,BUBBLE_ANOMALY,0.0,0.0
1.812,1500.5,982.45,0.0,BUBBLE_ANOMALY,0.0,0.0
1.813,1505.86,953.33,0.0,BUBBLE_ANOMALY,0.0,0.0
1.814,1504.79,925.17,0.0,BUBBLE_ANOMALY,0.0,0.0
1.815,1505.87,897.94,0.0,BUBBLE_ANOMALY,0.0,0.0
1.816,1504.56,871.61,0.0,BUBBLE_ANOMALY,0.0,0.0
1.817,1503.6,846.14,0.0,BUBBLE_ANOMALY,0.0,0.0
1.818,1508.86,821.52,0.0,BUBBLE_ANOMALY,0.0,0.0
1.819,1502.84,797.71,0.0,BUBBLE_ANOMALY,0.0,0.0
1.82,1506.8,774.69,0.0,BUBBLE_ANOMALY,0.0,0.0
1.821,1511.14,752.42,0.0,BUBBLE_ANOMALY,0.0,0.0
1.822,1506.36,730.89,0.0,BUBBLE_ANOMALY,0.0,0.0
1.823,1508.42,710.07,0.0,BUBBLE_ANOMALY,0.0,0.0
1.824,1510.57,689.94,0.0,BUBBLE_ANOMALY,0.0,0.0
1.825,1504.53,670.47,0.0,BUBBLE_ANOMALY,0.0,0.0
1.826,1504.14,651.64,0.0,BUBBLE_ANOMALY,0.0,0.0
1.827,1504.83,633.44,0.0,BUBBLE_ANOMALY,0.0,0.0
1.828,1513.85,615.84,0.0,BUBBLE_ANOMALY,0.0,0.0
1.829,1506.76,598.81,0.0,BUBBLE_ANOMALY,0.0,0.0
1.83,1508.34,582.35,0.0,BUBBLE_ANOMALY,0.0,0.0
1.831,1506.48,566.43,0.0,BUBBLE_ANOMALY,0.0,0.0
1.832,1506.09,551.04,0.0,BUBBLE_ANOMALY,0.0,0.0
1.833,1507.36,536.16,0.0,BUBBLE_ANOMALY,0.0,0.0
1.834,1512.27,521.76,0.0,BUBBLE_ANOMALY,0.0,0.0
1.835,1509.88,507.85,0.0,BUBBLE_ANOMALY,0.0,0.0
1.836,1510.61,494.39,0.0,BUBBLE_ANOMALY,0.0,0.0
1.837,1507.91,481.37,0.0,BUBBLE_ANOMALY,0.0,0.0
1.838,1511.5,468.79,0.0,BUBBLE_ANOMALY,0.0,0.0
1.839,1510.59,456.62,0.0,BUBBLE_ANOMALY,0.0,0.0
1.84,1505.5,444.85,0.0,BUBBLE_ANOMALY,0.0,0.0
1.841,1511.01,433.47,0.0,BUBBLE_ANOMALY,0.0,0.0
1.842,1506.57,422.46,0.0,BUBBLE_ANOMALY,0.0,0.0
1.843,1512.6,411.82,0.0,BUBBLE_ANOMALY,0.0,0.0
1.844,1509.8,401.53,0.0,BUBBLE_ANOMALY,0.0,0.0
1.845,1507.16,391.58,0.0,BUBBLE_ANOMALY,0.0,0.0
1.846,1511.44,381.96,0.0,BUBBLE_ANOMALY,0.0,0.0
1.847,1507.13,372.65,0.0,BUBBLE_ANOMALY,0.0,0.0
1.848,1511.11,363.66,0.0,BUBBLE_ANOMALY,0.0,0.0
1.849,1505.37,354.96,0.0,BUBBLE_ANOMALY,0.0,0.0
1.85,1510.79,346.54,0.0,BUBBLE_ANOMALY,0.0,0.0
1.851,1511.38,338.41,0.0,BUBBLE_ANOMALY,0.0,0.0
1.852,1507.04,330.54,0.0,BUBBLE_ANOMALY,0.0,0.0
1.853,1506.98,322.93,0.0,BUBBLE_ANOMALY,0.0,0.0
1.854,1507.23,315.57,0.0,BUBBLE_ANOMALY,0.0,0.0
1.855,1506.36,308.46,0.0,BUBBLE_ANOMALY,0.0,0.0
1.856,1510.1,301.58,0.0,BUBBLE_ANOMALY,0.0,0.0
1.857,1508.16,294.93,0.0,BUBBLE_ANOMALY,0.0,0.0
1.858,1507.03,288.5,0.0,BUBBLE_ANOMALY,0.0,0.0
1.859,1510.11,282.28,0.0,BUBBLE_ANOMALY,0.0,0.0
1.86,1505.36,276.26,0.0,BUBBLE_ANOMALY,0.0,0.0
1.861,1510.19,270.44,0.0,BUBBLE_ANOMALY,0.0,0.0
1.862,1513.12,264.82,0.0,BUBBLE_ANOMALY,0.0,0.0
1.863,1516.14,259.38,0.0,BUBBLE_ANOMALY,0.0,0.0
1.864,1506.42,254.12,0.0,BUBBLE_ANOMALY,0.0,0.0
1.865,1506.26,249.03,0.0,BUBBLE_ANOMALY,0.0,0.0
1.866,1504.73,244.12,0.0,BUBBLE_ANOMALY,0.0,0.0
1.867,1513.65,239.36,0.0,BUBBLE_ANOMALY,0.0,0.0
1.868,1513.86,234.76,0.0,BUBBLE_ANOMALY,0.0,0.0
1.869,1513.27,230.31,0.0,BUBBLE_ANOMALY,0.0,0.0
1.87,1506.16,226.01,0.0,BUBBLE_ANOMALY,0.0,0.0
1.871,1513.1,221.86,0.0,BUBBLE_ANOMALY,0.0,0.0
1.872,1506.97,217.83,0.0,BUBBLE_ANOMALY,0.0,0.0
1.873,1502.2,213.95,0.0,BUBBLE_ANOMALY,0.0,0.0
1.874,1501.91,210.19,0.0,BUBBLE_ANOMALY,0.0,0.0
1.875,1508.62,206.55,0.0,BUBBLE_ANOMALY,0.0,0.0
1.876,1502.45,203.03,0.0,BUBBLE_ANOMALY,0.0,0.0
1.877,1509.18,199.63,0.0,BUBBLE_ANOMALY,0.0,0.0
1.878,1509.46,196.35,0.0,BUBBLE_ANOMALY,0.0,0.0
1.879,1511.57,193.17,0.0,BUBBLE_ANOMALY,0.0,0.0
1.88,1504.5,190.09,0.0,BUBBLE_ANOMALY,0.0,0.0
1.881,1502.89,187.12,0.0,BUBBLE_ANOMALY,0.0,0.0
1.882,1503.02,184.24,0.0,BUBBLE_ANOMALY,0.0,0.0
1.883,1504.77,181.46,0.0,BUBBLE_ANOMALY,0.0,0.0
1.884,1502.84,178.77,0.0,BUBBLE_ANOMALY,0.0,0.0
1.885,1504.05,176.18,0.0,BUBBLE_ANOMALY,0.0,0.0
1.886,1507.67,173.66,0.0,BUBBLE_ANOMALY,0.0,0.0
1.887,1503.4,171.23,0.0,BUBBLE_ANOMALY,0.0,0.0
1.888,1501.03,168.88,0.0,BUBBLE_ANOMALY,0.0,0.0
1.889,1503.49,166.61,0.0,BUBBLE_ANOMALY,0.0,0.0
1.89,1499.48,164.41,0.0,BUBBLE_ANOMALY,0.0,0.0
1.891,1502.71,162.28,0.0,BUBBLE_ANOMALY,0.0,0.0
1.892,1506.41,160.23,0.0,BUBBLE_ANOMALY,0.0,0.0
1.893,1500.09,158.24,0.0,BUBBLE_ANOMALY,0.0,0.0
1.894,1499.31,156.32,0.0,BUBBLE_ANOMALY,0.0,0.0
1.895,1501.01,154.46,0.0,BUBBLE_ANOMALY,0.0,0.0
1.896,1507.62,152.66,0.0,BUBBLE_ANOMALY,0.0,0.0
1.897,1500.84,150.92,0.0,BUBBLE_ANOMALY,0.0,0.0
1.898,1496.9,149.24,0.0,BUBBLE_ANOMALY,0.0,0.0
1.899,1502.08,147.62,0.0,BUBBLE_ANOMALY,0.0,0.0
1.9,1501.81,146.05,0.0,BUBBLE_ANOMALY,0.0,0.0
1.901,1504.06,144.53,0.0,BUBBLE_ANOMALY,0.0,0.0
1.902,1500.29,143.06,0.0,BUBBLE_ANOMALY,0.0,0.0
1.903,1495.4,141.64,0.0,BUBBLE_ANOMALY,0.0,0.0
1.904,1494.75,140.26,0.0,BUBBLE_ANOMALY,0.0,0.0
1.905,1497.37,138.94,0.0,BUBBLE_ANOMALY,0.0,0.0
1.906,1501.92,137.65,0.0,BUBBLE_ANOMALY,0.0,0.0
1.907,1495.26,136.41,0.0,BUBBLE_ANOMALY,0.0,0.0
1.908,1498.71,135.21,0.0,BUBBLE_ANOMALY,0.0,0.0
1.909,1495.46,134.04,0.0,BUBBLE_ANOMALY,0.0,0.0
1.91,1498.15,132.92,0.0,BUBBLE_ANOMALY,0.0,0.0
1.911,1501.01,131.83,0.0,BUBBLE_ANOMALY,0.0,0.0
1.912,1497.04,130.78,0.0,BUBBLE_ANOMALY,0.0,0.0
1.913,1494.16,129.77,0.0,BUBBLE_ANOMALY,0.0,0.0
1.914,1497.07,128.79,0.0,BUBBLE_ANOMALY,0.0,0.0
1.915,1502.09,127.84,0.0,BUBBLE_ANOMALY,0.0,0.0
1.916,1493.96,126.92,0.0,BUBBLE_ANOMALY,0.0,0.0
1.917,1496.01,126.03,0.0,BUBBLE_ANOMALY,0.0,0.0
1.918,1497.55,125.17,0.0,BUBBLE_ANOMALY,0.0,0.0
1.919,1497.37,124.34,0.0,BUBBLE_ANOMALY,0.0,0.0
1.92,1496.41,123.54,0.0,BUBBLE_ANOMALY,0.0,0.0
1.921,1495.01,122.76,0.0,BUBBLE_ANOMALY,0.0,0.0
1.922,1498.06,122.01,0.0,BUBBLE_ANOMALY,0.0,0.0
1.923,1496.95,121.28,0.0,BUBBLE_ANOMALY,0.0,0.0
1.924,1491.8,120.58,0.0,BUBBLE_ANOMALY,0.0,0.0
1.925,1494.28,119.9,0.0,BUBBLE_ANOMALY,0.0,0.0
1.926,1493.77,119.24,0.0,BUBBLE_ANOMALY,0.0,0.0
1.927,1491.33,118.61,0.0,BUBBLE_ANOMALY,0.0,0.0
1.928,1486.34,117.99,0.0,BUBBLE_ANOMALY,0.0,0.0
1.929,1494.76,117.4,0.0,BUBBLE_ANOMALY,0.0,0.0
1.93,1490.46,116.83,0.0,BUBBLE_ANOMALY,0.0,0.0
1.931,1490.81,116.27,0.0,BUBBLE_ANOMALY,0.0,0.0
1.932,1492.54,115.73,0.0,BUBBLE_ANOMALY,0.0,0.0
1.933,1488.68,115.22,0.0,BUBBLE_ANOMALY,0.0,0.0
1.934,1492.6,114.71,0.0,BUBBLE_ANOMALY,0.0,0.0
1.935,1495.26,114.23,0.0,BUBBLE_ANOMALY,0.0,0.0
1.936,1491.62,113.76,0.0,BUBBLE_ANOMALY,0.0,0.0
1.937,1494.43,113.3,0.0,BUBBLE_ANOMALY,0.0,0.0
1.938,1488.71,112.87,0.0,BUBBLE_ANOMALY,0.0,0.0
1.939,1492.21,112.44,0.0,BUBBLE_ANOMALY,0.0,0.0
1.94,1490.31,112.03,0.0,BUBBLE_ANOMALY,0.0,0.0
1.941,1484.18,111.63,0.0,BUBBLE_ANOMALY,0.0,0.0
1.942,1493.76,111.25,0.0,BUBBLE_ANOMALY,0.0,0.0
1.943,1490.12,110.88,0.0,BUBBLE_ANOMALY,0.0,0.0
1.944,1491.51,110.52,0.0,BUBBLE_ANOMALY,0.0,0.0
1.945,1489.51,110.17,0.0,BUBBLE_ANOMALY,0.0,0.0
1.946,1489.32,109.84,0.0,BUBBLE_ANOMALY,0.0,0.0
1.947,1489.2,109.51,0.0,BUBBLE_ANOMALY,0.0,0.0
1.948,1488.69,109.2,0.0,BUBBLE_ANOMALY,0.0,0.0
1.949,1489.11,108.89,0.0,BUBBLE_ANOMALY,0.0,0.0
1.95,1488.24,100.61,0.0,BUBBLE_ANOMALY,0.0,0.0
1.951,1488.07,101.74,0.0,BUBBLE_ANOMALY,0.0,0.0
1.952,1486.51,103.35,0.0,BUBBLE_ANOMALY,0.0,0.0
1.953,1498.21,101.1,0.0,BUBBLE_ANOMALY,0.0,0.0
1.954,1488.11,100.83,0.0,BUBBLE_ANOMALY,0.0,0.0
1.955,1490.92,99.07,0.0,BUBBLE_ANOMALY,0.0,0.0
1.956,1486.45,101.4,0.0,BUBBLE_ANOMALY,0.0,0.0
1.957,1489.96,99.85,0.0,BUBBLE_ANOMALY,0.0,0.0
1.958,1487.5,99.81,0.0,BUBBLE_ANOMALY,0.0,0.0
1.959,1488.3,98.65,0.0,BUBBLE_ANOMALY,0.0,0.0
1.96,1488.39,100.18,0.0,BUBBLE_ANOMALY,0.0,0.0
1.961,1491.31,100.4,0.0,BUBBLE_ANOMALY,0.0,0.0
1.962,1488.63,100.19,0.0,BUBBLE_ANOMALY,0.0,0.0
1.963,1495.57,97.32,0.0,BUBBLE_ANOMALY,0.0,0.0
1.964,1491.33,98.69,0.0,BUBBLE_ANOMALY,0.0,0.0
1.965,1485.42,100.67,0.0,BUBBLE_ANOMALY,0.0,0.0
1.966,1492.36,98.68,0.0,BUBBLE_ANOMALY,0.0,0.0
1.967,1497.01,100.99,0.0,BUBBLE_ANOMALY,0.0,0.0
1.968,1492.43,96.69,0.0,BUBBLE_ANOMALY,0.0,0.0
1.969,1493.23,102.31,0.0,BUBBLE_ANOMALY,0.0,0.0
1.97,1491.03,100.24,0.0,BUBBLE_ANOMALY,0.0,0.0
1.971,1493.95,101.66,0.0,BUBBLE_ANOMALY,0.0,0.0
1.972,1495.22,102.05,0.0,BUBBLE_ANOMALY,0.0,0.0
1.973,1493.22,100.96,0.0,BUBBLE_ANOMALY,0.0,0.0
1.974,1496.7,95.58,0.0,BUBBLE_ANOMALY,0.0,0.0
1.975,1496.85,101.13,0.0,BUBBLE_ANOMALY,0.0,0.0
1.976,1494.5,100.02,0.0,BUBBLE_ANOMALY,0.0,0.0
1.977,1490.89,100.23,0.0,BUBBLE_ANOMALY,0.0,0.0
1.978,1492.11,100.52,0.0,BUBBLE_ANOMALY,0.0,0.0
1.979,1494.7,97.44,0.0,BUBBLE_ANOMALY,0.0,0.0
1.98,1493.75,98.45,0.0,BUBBLE_ANOMALY,0.0,0.0
1.981,1491.87,95.53,0.0,BUBBLE_ANOMALY,0.0,0.0
1.982,1497.23,99.96,0.0,BUBBLE_ANOMALY,0.0,0.0
1.983,1493.54,102.54,0.0,BUBBLE_ANOMALY,0.0,0.0
1.984,1492.08,99.12,0.0,BUBBLE_ANOMALY,0.0,0.0
1.985,1496.97,100.7,0.0,BUBBLE_ANOMALY,0.0,0.0
1.986,1493.87,101.35,0.0,BUBBLE_ANOMALY,0.0,0.0
1.987,1493.16,97.96,0.0,BUBBLE_ANOMALY,0.0,0.0
1.988,1496.61,100.4,0.0,BUBBLE_ANOMALY,0.0,0.0
1.989,1505.05,101.2,0.0,BUBBLE_ANOMALY,0.0,0.0
1.99,1495.4,100.02,0.0,BUBBLE_ANOMALY,0.0,0.0
1.991,1497.14,99.08,0.0,BUBBLE_ANOMALY,0.0,0.0
1.992,1496.37,100.79,0.0,BUBBLE_ANOMALY,0.0,0.0
1.993,1497.92,98.55,0.0,BUBBLE_ANOMALY,0.0,0.0
1.994,1493.89,102.24,0.0,BUBBLE_ANOMALY,0.0,0.0
1.995,1497.62,99.88,0.0,BUBBLE_ANOMALY,0.0,0.0
1.996,1501.84,102.97,0.0,BUBBLE_ANOMALY,0.0,0.0
1.997,1495.1,101.29,0.0,BUBBLE_ANOMALY,0.0,0.0
1.998,1503.85,98.78,0.0,BUBBLE_ANOMALY,0.0,0.0
1.999,1494.56,101.11,0.0,BUBBLE_ANOMALY,0.0,0.0
2.0,1502.69,99.36,0.0,BUBBLE_ANOMALY,0.0,0.0
2.001,1503.24,98.97,0.0,BUBBLE_ANOMALY,0.0,0.0
2.002,1503.89,99.44,0.0,BUBBLE_ANOMALY,0.0,0.0
2.003,1501.3,100.43,0.0,BUBBLE_ANOMALY,0.0,0.0
2.004,1502.22,97.34,0.0,BUBBLE_ANOMALY,0.0,0.0
2.005,1503.78,100.85,0.0,BUBBLE_ANOMALY,0.0,0.0
2.006,1497.78,98.95,0.0,BUBBLE_ANOMALY,0.0,0.0
2.007,1503.88,102.5,0.0,BUBBLE_ANOMALY,0.0,0.0
2.008,1500.03,102.61,0.0,BUBBLE_ANOMALY,0.0,0.0
2.009,1502.81,102.17,0.0,BUBBLE_ANOMALY,0.0,0.0
2.01,1507.3,101.84,0.0,BUBBLE_ANOMALY,0.0,0.0
2.011,1505.1,97.01,0.0,BUBBLE_ANOMALY,0.0,0.0
2.012,1501.19,103.37,0.0,BUBBLE_ANOMALY,0.0,0.0
2.013,1508.72,100.56,0.0,BUBBLE_ANOMALY,0.0,0.0
2.014,1500.43,102.69,0.0,BUBBLE_ANOMALY,0.0,0.0
2.015,1502.01,103.93,0.0,BUBBLE_ANOMALY,0.0,0.0
2.016,1507.75,100.48,0.0,BUBBLE_ANOMALY,0.0,0.0
2.017,1502.91,97.56,0.0,BUBBLE_ANOMALY,0.0,0.0
2.018,1507.49,99.87,0.0,BUBBLE_ANOMALY,0.0,0.0
2.019,1507.63,101.29,0.0,BUBBLE_ANOMALY,0.0,0.0
2.02,1506.24,99.75,0.0,BUBBLE_ANOMALY,0.0,0.0
2.021,1508.1,98.75,0.0,BUBBLE_ANOMALY,0.0,0.0
2.022,1504.92,102.09,0.0,BUBBLE_ANOMALY,0.0,0.0
2.023,1504.53,100.27,0.0,BUBBLE_ANOMALY,0.0,0.0
2.024,1506.45,99.68,0.0,BUBBLE_ANOMALY,0.0,0.0
2.025,1507.02,100.11,0.0,BUBBLE_ANOMALY,0.0,0.0
2.026,1504.52,100.04,0.0,BUBBLE_ANOMALY,0.0,0.0
2.027,1501.68,101.43,0.0,BUBBLE_ANOMALY,0.0,0.0
2.028,1511.18,101.9,0.0,BUBBLE_ANOMALY,0.0,0.0
2.029,1510.66,101.48,0.0,BUBBLE_ANOMALY,0.0,0.0
2.03,1508.41,99.36,0.0,BUBBLE_ANOMALY,0.0,0.0
2.031,1505.85,101.66,0.0,BUBBLE_ANOMALY,0.0,0.0
2.032,1516.55,99.56,0.0,BUBBLE_ANOMALY,0.0,0.0
2.033,1511.84,100.74,0.0,BUBBLE_ANOMALY,0.0,0.0
2.034,1504.33,100.44,0.0,BUBBLE_ANOMALY,0.0,0.0
2.035,1510.69,98.54,0.0,BUBBLE_ANOMALY,0.0,0.0
2.036,1508.2,100.47,0.0,BUBBLE_ANOMALY,0.0,0.0
2.037,1514.25,100.45,0.0,BUBBLE_ANOMALY,0.0,0.0
2.038,1510.99,101.61,0.0,BUBBLE_ANOMALY,0.0,0.0
2.039,1506.03,102.95,0.0,BUBBLE_ANOMALY,0.0,0.0
2.04,1505.88,103.62,0.0,BUBBLE_ANOMALY,0.0,0.0
2.041,1505.59,99.72,0.0,BUBBLE_ANOMALY,0.0,0.0
2.042,1510.21,98.24,0.0,BUBBLE_ANOMALY,0.0,0.0
2.043,1504.79,100.61,0.0,BUBBLE_ANOMALY,0.0,0.0
2.044,1501.65,99.78,0.0,BUBBLE_ANOMALY,0.0,0.0
2.045,1508.42,99.8,0.0,BUBBLE_ANOMALY,0.0,0.0
2.046,1506.27,100.24,0.0,BUBBLE_ANOMALY,0.0,0.0
2.047,1508.85,100.05,0.0,BUBBLE_ANOMALY,0.0,0.0
2.048,1503.53,98.63,0.0,BUBBLE_ANOMALY,0.0,0.0
2.049,1509.64,99.15,0.0,BUBBLE_ANOMALY,0.0,0.0
2.05,1510.04,102.5,0.0,BUBBLE_ANOMALY,0.0,0.0
2.051,1506.55,99.72,0.0,BUBBLE_ANOMALY,0.0,0.0
2.052,1504.23,99.81,0.0,BUBBLE_ANOMALY,0.0,0.0
2.053,1509.72,103.23,0.0,BUBBLE_ANOMALY,0.0,0.0
2.054,1513.37,99.8,0.0,BUBBLE_ANOMALY,0.0,0.0
2.055,1502.42,100.06,0.0,BUBBLE_ANOMALY,0.0,0.0
2.056,1509.82,98.41,0.0,BUBBLE_ANOMALY,0.0,0.0
2.057,1501.92,102.45,0.0,BUBBLE_ANOMALY,0.0,0.0
2.058,1511.53,102.5,0.0,BUBBLE_ANOMALY,0.0,0.0
2.059,1507.7,98.16,0.0,BUBBLE_ANOMALY,0.0,0.0
2.06,1509.39,100.09,0.0,BUBBLE_ANOMALY,0.0,0.0
2.061,1505.28,100.48,0.0,BUBBLE_ANOMALY,0.0,0.0
2.062,1512.82,99.71,0.0,BUBBLE_ANOMALY,0.0,0.0
2.063,1511.72,101.62,0.0,BUBBLE_ANOMALY,0.0,0.0
2.064,1513.59,99.92,0.0,BUBBLE_ANOMALY,0.0,0.0
2.065,1505.69,100.61,0.0,BUBBLE_ANOMALY,0.0,0.0
2.066,1511.11,100.74,0.0,BUBBLE_ANOMALY,0.0,0.0
2.067,1520.81,100.25,0.0,BUBBLE_ANOMALY,0.0,0.0
2.068,1504.01,97.28,0.0,BUBBLE_ANOMALY,0.0,0.0
2.069,1507.89,99.02,0.0,BUBBLE_ANOMALY,0.0,0.0
2.07,1506.32,98.62,0.0,BUBBLE_ANOMALY,0.0,0.0
2.071,1504.43,100.4,0.0,BUBBLE_ANOMALY,0.0,0.0
2.072,1509.56,99.85,0.0,BUBBLE_ANOMALY,0.0,0.0
2.073,1508.76,99.64,0.0,BUBBLE_ANOMALY,0.0,0.0
2.074,1502.04,100.32,0.0,BUBBLE_ANOMALY,0.0,0.0
2.075,1506.13,100.01,0.0,BUBBLE_ANOMALY,0.0,0.0
2.076,1501.45,98.19,0.0,BUBBLE_ANOMALY,0.0,0.0
2.077,1499.44,98.24,0.0,BUBBLE_ANOMALY,0.0,0.0
2.078,1508.2,101.77,0.0,BUBBLE_ANOMALY,0.0,0.0
2.079,1508.65,100.23,0.0,BUBBLE_ANOMALY,0.0,0.0
2.08,1503.89,99.97,0.0,BUBBLE_ANOMALY,0.0,0.0
2.081,1502.62,101.23,0.0,BUBBLE_ANOMALY,0.0,0.0
2.082,1505.58,99.83,0.0,BUBBLE_ANOMALY,0.0,0.0
2.083,1506.9,100.23,0.0,BUBBLE_ANOMALY,0.0,0.0
2.084,1512.52,100.55,0.0,BUBBLE_ANOMALY,0.0,0.0
2.085,1505.67,101.59,0.0,BUBBLE_ANOMALY,0.0,0.0
2.086,1509.74,102.1,0.0,BUBBLE_ANOMALY,0.0,0.0
2.087,1508.23,98.93,0.0,BUBBLE_ANOMALY,0.0,0.0
2.088,1499.13,101.86,0.0,BUBBLE_ANOMALY,0.0,0.0
2.089,1498.67,99.52,0.0,BUBBLE_ANOMALY,0.0,0.0
2.09,1503.7,101.1,0.0,BUBBLE_ANOMALY,0.0,0.0
2.091,1503.78,99.13,0.0,BUBBLE_ANOMALY,0.0,0.0
2.092,1498.52,98.21,0.0,BUBBLE_ANOMALY,0.0,0.0
2.093,1500.02,101.59,0.0,BUBBLE_ANOMALY,0.0,0.0
2.094,1500.61,102.84,0.0,BUBBLE_ANOMALY,0.0,0.0
2.095,1499.82,99.65,0.0,BUBBLE_ANOMALY,0.0,0.0
2.096,1503.85,101.93,0.0,BUBBLE_ANOMALY,0.0,0.0
2.097,1501.75,99.33,0.0,BUBBLE_ANOMALY,0.0,0.0
2.098,1503.97,100.59,0.0,BUBBLE_ANOMALY,0.0,0.0
2.099,1499.3,100.14,0.0,BUBBLE_ANOMALY,0.0,0.0
2.1,1497.32,99.87,0.0,BUBBLE_ANOMALY,0.0,0.0
2.101,1500.57,99.85,0.0,BUBBLE_ANOMALY,0.0,0.0
2.102,1505.17,98.46,0.0,BUBBLE_ANOMALY,0.0,0.0
2.103,1503.62,101.92,0.0,BUBBLE_ANOMALY,0.0,0.0
2.104,1500.42,99.05,0.0,BUBBLE_ANOMALY,0.0,0.0
2.105,1493.26,102.0,0.0,BUBBLE_ANOMALY,0.0,0.0
2.106,1495.81,99.16,0.0,BUBBLE_ANOMALY,0.0,0.0
2.107,1496.0,99.27,0.0,BUBBLE_ANOMALY,0.0,0.0
2.108,1500.48,101.12,0.0,BUBBLE_ANOMALY,0.0,0.0
2.109,1505.59,101.68,0.0,BUBBLE_ANOMALY,0.0,0.0
2.11,1494.55,102.18,0.0,BUBBLE_ANOMALY,0.0,0.0
2.111,1495.24,97.92,0.0,BUBBLE_ANOMALY,0.0,0.0
2.112,1498.48,98.97,0.0,BUBBLE_ANOMALY,0.0,0.0
2.113,1497.92,102.49,0.0,BUBBLE_ANOMALY,0.0,0.0
2.114,1493.54,98.57,0.0,BUBBLE_ANOMALY,0.0,0.0
2.115,1496.87,100.34,0.0,BUBBLE_ANOMALY,0.0,0.0
2.116,1500.8,99.18,0.0,BUBBLE_ANOMALY,0.0,0.0
2.117,1490.48,99.11,0.0,BUBBLE_ANOMALY,0.0,0.0
2.118,1493.96,96.26,0.0,BUBBLE_ANOMALY,0.0,0.0
2.119,1494.13,101.24,0.0,BUBBLE_ANOMALY,0.0,0.0
2.12,1499.28,97.8,0.0,BUBBLE_ANOMALY,0.0,0.0
2.121,1495.15,100.11,0.0,BUBBLE_ANOMALY,0.0,0.0
2.122,1492.34,98.33,0.0,BUBBLE_ANOMALY,0.0,0.0
2.123,1488.54,100.79,0.0,BUBBLE_ANOMALY,0.0,0.0
2.124,1491.09,100.17,0.0,BUBBLE_ANOMALY,0.0,0.0
2.125,1490.6,97.17,0.0,BUBBLE_ANOMALY,0.0,0.0
2.126,1489.12,98.56,0.0,BUBBLE_ANOMALY,0.0,0.0
2.127,1489.64,98.34,0.0,BUBBLE_ANOMALY,0.0,0.0
2.128,1493.6,100.28,0.0,BUBBLE_ANOMALY,0.0,0.0
2.129,1491.89,97.96,0.0,BUBBLE_ANOMALY,0.0,0.0
2.13,1489.07,100.03,0.0,BUBBLE_ANOMALY,0.0,0.0
2.131,1491.08,100.74,0.0,BUBBLE_ANOMALY,0.0,0.0
2.132,1492.34,99.75,0.0,BUBBLE_ANOMALY,0.0,0.0
2.133,1488.7,101.22,0.0,BUBBLE_ANOMALY,0.0,0.0
2.134,1488.71,96.86,0.0,BUBBLE_ANOMALY,0.0,0.0
2.135,1492.09,98.5,0.0,BUBBLE_ANOMALY,0.0,0.0
2.136,1492.24,101.16,0.0,BUBBLE_ANOMALY,0.0,0.0
2.137,1488.61,102.18,0.0,BUBBLE_ANOMALY,0.0,0.0
2.138,1490.49,98.34,0.0,BUBBLE_ANOMALY,0.0,0.0
2.139,1492.69,102.96,0.0,BUBBLE_ANOMALY,0.0,0.0
2.14,1491.92,102.13,0.0,BUBBLE_ANOMALY,0.0,0.0
2.141,1486.42,101.46,0.0,BUBBLE_ANOMALY,0.0,0.0
2.142,1489.65,101.12,0.0,BUBBLE_ANOMALY,0.0,0.0
2.143,1488.45,99.43,0.0,BUBBLE_ANOMALY,0.0,0.0
2.144,1488.06,99.27,0.0,BUBBLE_ANOMALY,0.0,0.0
2.145,1487.7,102.59,0.0,BUBBLE_ANOMALY,0.0,0.0
2.146,1485.38,100.84,0.0,BUBBLE_ANOMALY,0.0,0.0
2.147,1496.75,101.41,0.0,BUBBLE_ANOMALY,0.0,0.0
2.148,1489.86,102.13,0.0,BUBBLE_ANOMALY,0.0,0.0
2.149,1493.91,99.43,0.0,BUBBLE_ANOMALY,0.0,0.0
2.15,1490.5,99.31,0.0,BUBBLE_ANOMALY,0.0,0.0
2.151,1482.07,99.81,0.0,BUBBLE_ANOMALY,0.0,0.0
2.152,1491.21,100.82,0.0,BUBBLE_ANOMALY,0.0,0.0
2.153,1496.21,99.43,0.0,BUBBLE_ANOMALY,0.0,0.0
2.154,1490.05,99.14,0.0,BUBBLE_ANOMALY,0.0,0.0
2.155,1488.6,101.7,0.0,BUBBLE_ANOMALY,0.0,0.0
2.156,1488.8,98.26,0.0,BUBBLE_ANOMALY,0.0,0.0
2.157,1489.5,99.01,0.0,BUBBLE_ANOMALY,0.0,0.0
2.158,1494.57,100.14,0.0,BUBBLE_ANOMALY,0.0,0.0
2.159,1488.86,103.45,0.0,BUBBLE_ANOMALY,0.0,0.0
2.16,1486.82,100.22,0.0,BUBBLE_ANOMALY,0.0,0.0
2.161,1492.1,98.58,0.0,BUBBLE_ANOMALY,0.0,0.0
2.162,1495.46,97.28,0.0,BUBBLE_ANOMALY,0.0,0.0
2.163,1487.08,97.41,0.0,BUBBLE_ANOMALY,0.0,0.0
2.164,1498.14,100.81,0.0,BUBBLE_ANOMALY,0.0,0.0
2.165,1489.79,99.25,0.0,BUBBLE_ANOMALY,0.0,0.0
2.166,1495.68,98.68,0.0,BUBBLE_ANOMALY,0.0,0.0
2.167,1492.22,99.38,0.0,BUBBLE_ANOMALY,0.0,0.0
2.168,1494.19,99.04,0.0,BUBBLE_ANOMALY,0.0,0.0
2.169,1492.87,97.49,0.0,BUBBLE_ANOMALY,0.0,0.0
2.17,1491.54,100.83,0.0,BUBBLE_ANOMALY,0.0,0.0
2.171,1485.45,100.31,0.0,BUBBLE_ANOMALY,0.0,0.0
2.172,1483.57,102.05,0.0,BUBBLE_ANOMALY,0.0,0.0
2.173,1493.05,101.01,0.0,BUBBLE_ANOMALY,0.0,0.0
2.174,1492.04,97.93,0.0,BUBBLE_ANOMALY,0.0,0.0
2.175,1494.76,98.47,0.0,BUBBLE_ANOMALY,0.0,0.0
2.176,1487.93,101.56,0.0,BUBBLE_ANOMALY,0.0,0.0
2.177,1491.26,100.5,0.0,BUBBLE_ANOMALY,0.0,0.0
2.178,1493.0,100.39,0.0,BUBBLE_ANOMALY,0.0,0.0
2.179,1497.26,97.01,0.0,BUBBLE_ANOMALY,0.0,0.0
2.18,1496.98,99.71,0.0,BUBBLE_ANOMALY,0.0,0.0
2.181,1490.06,101.52,0.0,BUBBLE_ANOMALY,0.0,0.0
2.182,1491.74,97.75,0.0,BUBBLE_ANOMALY,0.0,0.0
2.183,1496.16,101.28,0.0,BUBBLE_ANOMALY,0.0,0.0
2.184,1496.01,100.37,0.0,BUBBLE_ANOMALY,0.0,0.0
2.185,1496.27,97.27,0.0,BUBBLE_ANOMALY,0.0,0.0
2.186,1500.19,100.24,0.0,BUBBLE_ANOMALY,0.0,0.0
2.187,1497.44,98.84,0.0,BUBBLE_ANOMALY,0.0,0.0
2.188,1498.68,99.18,0.0,BUBBLE_ANOMALY,0.0,0.0
2.189,1499.29,100.59,0.0,BUBBLE_ANOMALY,0.0,0.0
2.19,1495.68,98.4,0.0,BUBBLE_ANOMALY,0.0,0.0
2.191,1493.05,100.3,0.0,BUBBLE_ANOMALY,0.0,0.0
2.192,1503.47,99.45,0.0,BUBBLE_ANOMALY,0.0,0.0
2.193,1498.49,98.35,0.0,BUBBLE_ANOMALY,0.0,0.0
2.194,1495.85,98.08,0.0,BUBBLE_ANOMALY,0.0,0.0
2.195,1495.86,100.93,0.0,BUBBLE_ANOMALY,0.0,0.0
2.196,1501.03,99.88,0.0,BUBBLE_ANOMALY,0.0,0.0
2.197,1494.21,100.7,0.0,BUBBLE_ANOMALY,0.0,0.0
2.198,1493.39,102.21,0.0,BUBBLE_ANOMALY,0.0,0.0
2.199,1496.62,100.78,0.0,BUBBLE_ANOMALY,0.0,0.0
2.2,1506.81,101.5,0.0,BUBBLE_ANOMALY,0.0,0.0
2.201,1503.03,100.63,0.0,BUBBLE_ANOMALY,0.0,0.0
2.202,1503.86,98.05,0.0,BUBBLE_ANOMALY,0.0,0.0
2.203,1500.06,99.72,0.0,BUBBLE_ANOMALY,0.0,0.0
2.204,1502.58,97.45,0.0,BUBBLE_ANOMALY,0.0,0.0
2.205,1502.48,98.8,0.0,BUBBLE_ANOMALY,0.0,0.0
2.206,1501.4,101.52,0.0,BUBBLE_ANOMALY,0.0,0.0
2.207,1502.03,100.81,0.0,BUBBLE_ANOMALY,0.0,0.0
2.208,1501.93,100.03,0.0,BUBBLE_ANOMALY,0.0,0.0
2.209,1501.42,101.67,0.0,BUBBLE_ANOMALY,0.0,0.0
2.21,1503.14,101.4,0.0,BUBBLE_ANOMALY,0.0,0.0
2.211,1501.71,98.99,0.0,BUBBLE_ANOMALY,0.0,0.0
2.212,1502.94,101.06,0.0,BUBBLE_ANOMALY,0.0,0.0
2.213,1502.42,97.36,0.0,BUBBLE_ANOMALY,0.0,0.0
2.214,1503.16,99.3,0.0,BUBBLE_ANOMALY,0.0,0.0
2.215,1506.2,100.47,0.0,BUBBLE_ANOMALY,0.0,0.0
2.216,1507.77,99.44,0.0,BUBBLE_ANOMALY,0.0,0.0
2.217,1504.31,101.1,0.0,BUBBLE_ANOMALY,0.0,0.0
2.218,1506.71,100.62,0.0,BUBBLE_ANOMALY,0.0,0.0
2.219,1506.41,100.42,0.0,BUBBLE_ANOMALY,0.0,0.0
2.22,1507.29,101.44,0.0,BUBBLE_ANOMALY,0.0,0.0
2.221,1506.19,99.81,0.0,BUBBLE_ANOMALY,0.0,0.0
2.222,1505.65,102.29,0.0,BUBBLE_ANOMALY,0.0,0.0
2.223,1505.49,101.33,0.0,BUBBLE_ANOMALY,0.0,0.0
2.224,1506.51,102.0,0.0,BUBBLE_ANOMALY,0.0,0.0
2.225,1507.07,101.14,0.0,BUBBLE_ANOMALY,0.0,0.0
2.226,1503.52,97.23,0.0,BUBBLE_ANOMALY,0.0,0.0
2.227,1505.29,100.7,0.0,BUBBLE_ANOMALY,0.0,0.0
2.228,1502.96,100.39,0.0,BUBBLE_ANOMALY,0.0,0.0
2.229,1505.2,100.29,0.0,BUBBLE_ANOMALY,0.0,0.0
2.23,1508.41,99.33,0.0,BUBBLE_ANOMALY,0.0,0.0
2.231,1509.61,103.38,0.0,BUBBLE_ANOMALY,0.0,0.0
2.232,1502.94,102.24,0.0,BUBBLE_ANOMALY,0.0,0.0
2.233,1511.04,99.24,0.0,BUBBLE_ANOMALY,0.0,0.0
2.234,1510.37,97.73,0.0,BUBBLE_ANOMALY,0.0,0.0
2.235,1516.69,97.9,0.0,BUBBLE_ANOMALY,0.0,0.0
2.236,1512.92,101.69,0.0,BUBBLE_ANOMALY,0.0,0.0
2.237,1504.64,98.68,0.0,BUBBLE_ANOMALY,0.0,0.0
2.238,1507.71,100.98,0.0,BUBBLE_ANOMALY,0.0,0.0
2.239,1516.76,99.76,0.0,BUBBLE_ANOMALY,0.0,0.0
2.24,1502.44,100.95,0.0,BUBBLE_ANOMALY,0.0,0.0
2.241,1511.29,100.03,0.0,BUBBLE_ANOMALY,0.0,0.0
2.242,1514.48,99.47,0.0,BUBBLE_ANOMALY,0.0,0.0
2.243,1512.36,101.53,0.0,BUBBLE_ANOMALY,0.0,0.0
2.244,1509.2,101.21,0.0,BUBBLE_ANOMALY,0.0,0.0
2.245,1512.38,100.54,0.0,BUBBLE_ANOMALY,0.0,0.0
2.246,1511.49,100.83,0.0,BUBBLE_ANOMALY,0.0,0.0
2.247,1509.2,99.74,0.0,BUBBLE_ANOMALY,0.0,0.0
2.248,1511.81,98.59,0.0,BUBBLE_ANOMALY,0.0,0.0
2.249,1509.24,100.71,0.0,BUBBLE_ANOMALY,0.0,0.0
2.25,1513.64,100.42,0.0,BUBBLE_ANOMALY,0.0,0.0
2.251,1511.5,98.3,0.0,BUBBLE_ANOMALY,0.0,0.0
2.252,1508.4,100.81,0.0,BUBBLE_ANOMALY,0.0,0.0
2.253,1512.49,100.88,0.0,BUBBLE_ANOMALY,0.0,0.0
2.254,1505.31,99.13,0.0,BUBBLE_ANOMALY,0.0,0.0
2.255,1508.75,101.84,0.0,BUBBLE_ANOMALY,0.0,0.0
2.256,1516.84,100.36,0.0,BUBBLE_ANOMALY,0.0,0.0
2.257,1510.26,98.09,0.0,BUBBLE_ANOMALY,0.0,0.0
2.258,1511.28,100.23,0.0,BUBBLE_ANOMALY,0.0,0.0
2.259,1510.54,101.57,0.0,BUBBLE_ANOMALY,0.0,0.0
2.26,1508.59,100.48,0.0,BUBBLE_ANOMALY,0.0,0.0
2.261,1508.07,98.94,0.0,BUBBLE_ANOMALY,0.0,0.0
2.262,1507.27,99.98,0.0,BUBBLE_ANOMALY,0.0,0.0
2.263,1511.45,100.25,0.0,BUBBLE_ANOMALY,0.0,0.0
2.264,1507.74,98.59,0.0,BUBBLE_ANOMALY,0.0,0.0
2.265,1510.99,95.72,0.0,BUBBLE_ANOMALY,0.0,0.0
2.266,1513.26,103.72,0.0,BUBBLE_ANOMALY,0.0,0.0
2.267,1508.96,100.21,0.0,BUBBLE_ANOMALY,0.0,0.0
2.268,1508.1,100.55,0.0,BUBBLE_ANOMALY,0.0,0.0
2.269,1507.89,99.23,0.0,BUBBLE_ANOMALY,0.0,0.0
2.27,1506.68,100.01,0.0,BUBBLE_ANOMALY,0.0,0.0
2.271,1506.64,102.02,0.0,BUBBLE_ANOMALY,0.0,0.0
2.272,1509.59,100.73,0.0,BUBBLE_ANOMALY,0.0,0.0
2.273,1504.49,98.07,0.0,BUBBLE_ANOMALY,0.0,0.0
2.274,1509.0,102.93,0.0,BUBBLE_ANOMALY,0.0,0.0
2.275,1504.43,99.91,0.0,BUBBLE_ANOMALY,0.0,0.0
2.276,1507.06,99.41,0.0,BUBBLE_ANOMALY,0.0,0.0
2.277,1500.08,99.44,0.0,BUBBLE_ANOMALY,0.0,0.0
2.278,1508.81,99.26,0.0,BUBBLE_ANOMALY,0.0,0.0
2.279,1511.45,99.67,0.0,BUBBLE_ANOMALY,0.0,0.0
2.28,1504.15,101.71,0.0,BUBBLE_ANOMALY,0.0,0.0
2.281,1504.73,100.51,0.0,BUBBLE_ANOMALY,0.0,0.0
2.282,1506.71,101.05,0.0,BUBBLE_ANOMALY,0.0,0.0
2.283,1509.96,100.75,0.0,BUBBLE_ANOMALY,0.0,0.0
2.284,1507.18,103.09,0.0,BUBBLE_ANOMALY,0.0,0.0
2.285,1500.31,98.5,0.0,BUBBLE_ANOMALY,0.0,0.0
2.286,1504.21,100.57,0.0,BUBBLE_ANOMALY,0.0,0.0
2.287,1507.86,101.58,0.0,BUBBLE_ANOMALY,0.0,0.0
2.288,1508.52,100.24,0.0,BUBBLE_ANOMALY,0.0,0.0
2.289,1504.14,98.79,0.0,BUBBLE_ANOMALY,0.0,0.0
2.29,1502.71,99.16,0.0,BUBBLE_ANOMALY,0.0,0.0
2.291,1503.0,98.84,0.0,BUBBLE_ANOMALY,0.0,0.0
2.292,1503.19,100.72,0.0,BUBBLE_ANOMALY,0.0,0.0
2.293,1502.95,97.7,0.0,BUBBLE_ANOMALY,0.0,0.0
2.294,1499.96,101.79,0.0,BUBBLE_ANOMALY,0.0,0.0
2.295,1499.66,101.19,0.0,BUBBLE_ANOMALY,0.0,0.0
2.296,1505.9,97.8,0.0,BUBBLE_ANOMALY,0.0,0.0
2.297,1497.36,97.68,0.0,BUBBLE_ANOMALY,0.0,0.0
2.298,1498.53,103.74,0.0,BUBBLE_ANOMALY,0.0,0.0
2.299,1503.81,100.57,0.0,BUBBLE_ANOMALY,0.0,0.0
2.3,1497.26,100.71,0.0,BUBBLE_ANOMALY,0.0,0.0
2.301,1498.05,103.55,0.0,BUBBLE_ANOMALY,0.0,0.0
2.302,1499.43,98.2,0.0,BUBBLE_ANOMALY,0.0,0.0
2.303,1494.82,98.4,0.0,BUBBLE_ANOMALY,0.0,0.0
2.304,1509.42,99.44,0.0,BUBBLE_ANOMALY,0.0,0.0
2.305,1493.42,99.48,0.0,BUBBLE_ANOMALY,0.0,0.0
2.306,1501.3,100.85,0.0,BUBBLE_ANOMALY,0.0,0.0
2.307,1502.51,101.35,0.0,BUBBLE_ANOMALY,0.0,0.0
2.308,1495.72,103.61,0.0,BUBBLE_ANOMALY,0.0,0.0
2.309,1496.43,101.23,0.0,BUBBLE_ANOMALY,0.0,0.0
2.31,1494.47,100.27,0.0,BUBBLE_ANOMALY,0.0,0.0
2.311,1494.06,98.93,0.0,BUBBLE_ANOMALY,0.0,0.0
2.312,1498.91,103.59,0.0,BUBBLE_ANOMALY,0.0,0.0
2.313,1493.93,101.09,0.0,BUBBLE_ANOMALY,0.0,0.0
2.314,1490.49,97.61,0.0,BUBBLE_ANOMALY,0.0,0.0
2.315,1495.9,99.73,0.0,BUBBLE_ANOMALY,0.0,0.0
2.316,1495.74,101.42,0.0,BUBBLE_ANOMALY,0.0,0.0
2.317,1495.95,98.96,0.0,BUBBLE_ANOMALY,0.0,0.0
2.318,1488.9,102.62,0.0,BUBBLE_ANOMALY,0.0,0.0
2.319,1501.69,99.46,0.0,BUBBLE_ANOMALY,0.0,0.0
2.32,1496.73,99.02,0.0,BUBBLE_ANOMALY,0.0,0.0
2.321,1490.98,100.5,0.0,BUBBLE_ANOMALY,0.0,0.0
2.322,1490.21,98.16,0.0,BUBBLE_ANOMALY,0.0,0.0
2.323,1492.49,101.61,0.0,BUBBLE_ANOMALY,0.0,0.0
2.324,1497.03,100.41,0.0,BUBBLE_ANOMALY,0.0,0.0
2.325,1495.37,101.19,0.0,BUBBLE_ANOMALY,0.0,0.0
2.326,1490.65,100.61,0.0,BUBBLE_ANOMALY,0.0,0.0
2.327,1493.13,100.2,0.0,BUBBLE_ANOMALY,0.0,0.0
2.328,1496.88,102.27,0.0,BUBBLE_ANOMALY,0.0,0.0
2.329,1492.29,99.58,0.0,BUBBLE_ANOMALY,0.0,0.0
2.33,1487.3,101.35,0.0,BUBBLE_ANOMALY,0.0,0.0
2.331,1489.83,100.6,0.0,BUBBLE_ANOMALY,0.0,0.0
2.332,1488.4,100.38,0.0,BUBBLE_ANOMALY,0.0,0.0
2.333,1489.14,99.78,0.0,BUBBLE_ANOMALY,0.0,0.0
2.334,1492.08,98.56,0.0,BUBBLE_ANOMALY,0.0,0.0
2.335,1494.31,100.57,0.0,BUBBLE_ANOMALY,0.0,0.0
2.336,1489.24,98.34,0.0,BUBBLE_ANOMALY,0.0,0.0
2.337,1492.17,97.35,0.0,BUBBLE_ANOMALY,0.0,0.0
2.338,1493.7,100.58,0.0,BUBBLE_ANOMALY,0.0,0.0
2.339,1490.16,97.8,0.0,BUBBLE_ANOMALY,0.0,0.0
2.34,1485.19,102.26,0.0,BUBBLE_ANOMALY,0.0,0.0
2.341,1486.98,99.09,0.0,BUBBLE_ANOMALY,0.0,0.0
2.342,1491.28,100.21,0.0,BUBBLE_ANOMALY,0.0,0.0
2.343,1487.39,99.13,0.0,BUBBLE_ANOMALY,0.0,0.0
2.344,1485.55,100.31,0.0,BUBBLE_ANOMALY,0.0,0.0
2.345,1484.04,101.18,0.0,BUBBLE_ANOMALY,0.0,0.0
2.346,1496.32,101.5,0.0,BUBBLE_ANOMALY,0.0,0.0
2.347,1485.12,99.25,0.0,BUBBLE_ANOMALY,0.0,0.0
2.348,1491.63,99.09,0.0,BUBBLE_ANOMALY,0.0,0.0
2.349,1494.89,95.81,0.0,BUBBLE_ANOMALY,0.0,0.0
2.35,1492.14,102.22,0.0,BUBBLE_ANOMALY,0.0,0.0
2.351,1491.97,99.26,0.0,BUBBLE_ANOMALY,0.0,0.0
2.352,1487.83,100.32,0.0,BUBBLE_ANOMALY,0.0,0.0
2.353,1486.55,101.5,0.0,BUBBLE_ANOMALY,0.0,0.0
2.354,1493.13,103.12,0.0,BUBBLE_ANOMALY,0.0,0.0
2.355,1490.44,98.06,0.0,BUBBLE_ANOMALY,0.0,0.0
2.356,1491.42,99.15,0.0,BUBBLE_ANOMALY,0.0,0.0
2.357,1489.2,99.26,0.0,BUBBLE_ANOMALY,0.0,0.0
2.358,1490.65,97.65,0.0,BUBBLE_ANOMALY,0.0,0.0
2.359,1495.24,100.04,0.0,BUBBLE_ANOMALY,0.0,0.0
2.36,1485.5,99.53,0.0,BUBBLE_ANOMALY,0.0,0.0
2.361,1494.33,99.61,0.0,BUBBLE_ANOMALY,0.0,0.0
2.362,1490.84,98.8,0.0,BUBBLE_ANOMALY,0.0,0.0
2.363,1495.42,100.12,0.0,BUBBLE_ANOMALY,0.0,0.0
2.364,1493.5,100.42,0.0,BUBBLE_ANOMALY,0.0,0.0
2.365,1489.44,100.29,0.0,BUBBLE_ANOMALY,0.0,0.0
2.366,1495.36,99.26,0.0,BUBBLE_ANOMALY,0.0,0.0
2.367,1494.68,101.02,0.0,BUBBLE_ANOMALY,0.0,0.0
2.368,1490.94,100.7,0.0,BUBBLE_ANOMALY,0.0,0.0
2.369,1488.12,99.18,0.0,BUBBLE_ANOMALY,0.0,0.0
2.37,1490.28,99.6,0.0,BUBBLE_ANOMALY,0.0,0.0
2.371,1492.57,99.39,0.0,BUBBLE_ANOMALY,0.0,0.0
2.372,1490.75,98.27,0.0,BUBBLE_ANOMALY,0.0,0.0
2.373,1496.2,99.48,0.0,BUBBLE_ANOMALY,0.0,0.0
2.374,1491.82,98.57,0.0,BUBBLE_ANOMALY,0.0,0.0
2.375,1499.08,100.1,0.0,BUBBLE_ANOMALY,0.0,0.0
2.376,1497.62,100.02,0.0,BUBBLE_ANOMALY,0.0,0.0
2.377,1497.87,98.37,0.0,BUBBLE_ANOMALY,0.0,0.0
2.378,1494.92,100.77,0.0,BUBBLE_ANOMALY,0.0,0.0
2.379,1496.34,98.44,0.0,BUBBLE_ANOMALY,0.0,0.0
2.38,1496.27,99.72,0.0,BUBBLE_ANOMALY,0.0,0.0
2.381,1492.3,97.88,0.0,BUBBLE_ANOMALY,0.0,0.0
2.382,1498.06,99.18,0.0,BUBBLE_ANOMALY,0.0,0.0
2.383,1498.27,99.17,0.0,BUBBLE_ANOMALY,0.0,0.0
2.384,1502.14,103.32,0.0,BUBBLE_ANOMALY,0.0,0.0
2.385,1496.98,97.96,0.0,BUBBLE_ANOMALY,0.0,0.0
2.386,1497.26,99.82,0.0,BUBBLE_ANOMALY,0.0,0.0
2.387,1498.34,98.3,0.0,BUBBLE_ANOMALY,0.0,0.0
2.388,1490.33,101.98,0.0,BUBBLE_ANOMALY,0.0,0.0
2.389,1498.05,102.9,0.0,BUBBLE_ANOMALY,0.0,0.0
2.39,1498.01,99.49,0.0,BUBBLE_ANOMALY,0.0,0.0
2.391,1495.75,102.49,0.0,BUBBLE_ANOMALY,0.0,0.0
2.392,1496.73,100.5,0.0,BUBBLE_ANOMALY,0.0,0.0
2.393,1493.05,99.64,0.0,BUBBLE_ANOMALY,0.0,0.0
2.394,1492.0,99.46,0.0,BUBBLE_ANOMALY,0.0,0.0
2.395,1498.02,97.93,0.0,BUBBLE_ANOMALY,0.0,0.0
2.396,1503.26,99.59,0.0,BUBBLE_ANOMALY,0.0,0.0
2.397,1496.07,99.5,0.0,BUBBLE_ANOMALY,0.0,0.0
2.398,1502.23,100.03,0.0,BUBBLE_ANOMALY,0.0,0.0
2.399,1499.13,100.16,0.0,BUBBLE_ANOMALY,0.0,0.0
2.4,1500.1,101.23,0.0,BUBBLE_ANOMALY,0.0,0.0
2.401,1502.62,101.92,0.0,BUBBLE_ANOMALY,0.0,0.0
2.402,1499.63,102.93,0.0,BUBBLE_ANOMALY,0.0,0.0
2.403,1500.31,100.95,0.0,BUBBLE_ANOMALY,0.0,0.0
2.404,1498.23,98.76,0.0,BUBBLE_ANOMALY,0.0,0.0
2.405,1504.16,98.11,0.0,BUBBLE_ANOMALY,0.0,0.0
2.406,1502.99,99.71,0.0,BUBBLE_ANOMALY,0.0,0.0
2.407,1507.1,100.71,0.0,BUBBLE_ANOMALY,0.0,0.0
2.408,1501.4,98.68,0.0,BUBBLE_ANOMALY,0.0,0.0
2.409,1506.3,99.48,0.0,BUBBLE_ANOMALY,0.0,0.0
2.41,1500.95,100.03,0.0,BUBBLE_ANOMALY,0.0,0.0
2.411,1509.61,98.7,0.0,BUBBLE_ANOMALY,0.0,0.0
2.412,1503.33,101.7,0.0,BUBBLE_ANOMALY,0.0,0.0
2.413,1503.73,96.89,0.0,BUBBLE_ANOMALY,0.0,0.0
2.414,1505.35,101.59,0.0,BUBBLE_ANOMALY,0.0,0.0
2.415,1510.34,103.52,0.0,BUBBLE_ANOMALY,0.0,0.0
2.416,1507.72,100.26,0.0,BUBBLE_ANOMALY,0.0,0.0
2.417,1509.12,99.4,0.0,BUBBLE_ANOMALY,0.0,0.0
2.418,1508.31,100.06,0.0,BUBBLE_ANOMALY,0.0,0.0
2.419,1508.22,99.82,0.0,BUBBLE_ANOMALY,0.0,0.0
2.42,1506.39,100.69,0.0,BUBBLE_ANOMALY,0.0,0.0
2.421,1504.21,100.32,0.0,BUBBLE_ANOMALY,0.0,0.0
2.422,1510.59,98.89,0.0,BUBBLE_ANOMALY,0.0,0.0
2.423,1508.91,101.25,0.0,BUBBLE_ANOMALY,0.0,0.0
2.424,1506.36,98.61,0.0,BUBBLE_ANOMALY,0.0,0.0
2.425,1504.44,99.91,0.0,BUBBLE_ANOMALY,0.0,0.0
2.426,1501.77,101.0,0.0,BUBBLE_ANOMALY,0.0,0.0
2.427,1504.34,101.84,0.0,BUBBLE_ANOMALY,0.0,0.0
2.428,1504.96,100.03,0.0,BUBBLE_ANOMALY,0.0,0.0
2.429,1508.06,101.36,0.0,BUBBLE_ANOMALY,0.0,0.0
2.43,1504.21,99.74,0.0,BUBBLE_ANOMALY,0.0,0.0
2.431,1505.35,101.16,0.0,BUBBLE_ANOMALY,0.0,0.0
2.432,1508.79,100.51,0.0,BUBBLE_ANOMALY,0.0,0.0
2.433,1510.72,101.06,0.0,BUBBLE_ANOMALY,0.0,0.0
2.434,1502.45,101.19,0.0,BUBBLE_ANOMALY,0.0,0.0
2.435,1506.66,100.83,0.0,BUBBLE_ANOMALY,0.0,0.0
2.436,1506.29,98.99,0.0,BUBBLE_ANOMALY,0.0,0.0
2.437,1509.12,98.9,0.0,BUBBLE_ANOMALY,0.0,0.0
2.438,1513.28,99.82,0.0,BUBBLE_ANOMALY,0.0,0.0
2.439,1509.0,98.76,0.0,BUBBLE_ANOMALY,0.0,0.0
2.44,1505.84,103.0,0.0,BUBBLE_ANOMALY,0.0,0.0
2.441,1509.34,99.12,0.0,BUBBLE_ANOMALY,0.0,0.0
2.442,1507.68,99.6,0.0,BUBBLE_ANOMALY,0.0,0.0
2.443,1514.29,100.46,0.0,BUBBLE_ANOMALY,0.0,0.0
2.444,1508.8,99.04,0.0,BUBBLE_ANOMALY,0.0,0.0
2.445,1510.78,98.42,0.0,BUBBLE_ANOMALY,0.0,0.0
2.446,1505.92,100.6,0.0,BUBBLE_ANOMALY,0.0,0.0
2.447,1505.08,100.06,0.0,BUBBLE_ANOMALY,0.0,0.0
2.448,1504.36,101.04,0.0,BUBBLE_ANOMALY,0.0,0.0
2.449,1509.58,100.71,0.0,BUBBLE_ANOMALY,0.0,0.0
2.45,1506.76,103.37,0.0,BUBBLE_ANOMALY,0.0,0.0
2.451,1515.51,100.73,0.0,BUBBLE_ANOMALY,0.0,0.0
2.452,1508.37,97.69,0.0,BUBBLE_ANOMALY,0.0,0.0
2.453,1511.28,99.69,0.0,BUBBLE_ANOMALY,0.0,0.0
2.454,1508.51,101.09,0.0,BUBBLE_ANOMALY,0.0,0.0
2.455,1511.25,100.48,0.0,BUBBLE_ANOMALY,0.0,0.0
2.456,1509.19,99.8,0.0,BUBBLE_ANOMALY,0.0,0.0
2.457,1506.02,97.09,0.0,BUBBLE_ANOMALY,0.0,0.0
2.458,1507.07,99.99,0.0,BUBBLE_ANOMALY,0.0,0.0
2.459,1509.32,101.27,0.0,BUBBLE_ANOMALY,0.0,0.0
2.46,1506.03,101.56,0.0,BUBBLE_ANOMALY,0.0,0.0
2.461,1507.87,99.13,0.0,BUBBLE_ANOMALY,0.0,0.0
2.462,1511.8,102.12,0.0,BUBBLE_ANOMALY,0.0,0.0
2.463,1508.01,100.13,0.0,BUBBLE_ANOMALY,0.0,0.0
2.464,1509.26,100.38,0.0,BUBBLE_ANOMALY,0.0,0.0
2.465,1508.19,100.35,0.0,BUBBLE_ANOMALY,0.0,0.0
2.466,1505.52,99.91,0.0,BUBBLE_ANOMALY,0.0,0.0
2.467,1504.53,98.17,0.0,BUBBLE_ANOMALY,0.0,0.0
2.468,1510.97,98.71,0.0,BUBBLE_ANOMALY,0.0,0.0
2.469,1511.23,98.39,0.0,BUBBLE_ANOMALY,0.0,0.0
2.47,1504.38,99.34,0.0,BUBBLE_ANOMALY,0.0,0.0
2.471,1510.54,100.59,0.0,BUBBLE_ANOMALY,0.0,0.0
2.472,1507.93,101.33,0.0,BUBBLE_ANOMALY,0.0,0.0
2.473,1508.92,97.33,0.0,BUBBLE_ANOMALY,0.0,0.0
2.474,1513.38,97.45,0.0,BUBBLE_ANOMALY,0.0,0.0
2.475,1500.86,100.4,0.0,BUBBLE_ANOMALY,0.0,0.0
2.476,1505.45,101.16,0.0,BUBBLE_ANOMALY,0.0,0.0
2.477,1507.51,99.67,0.0,BUBBLE_ANOMALY,0.0,0.0
2.478,1508.93,98.24,0.0,BUBBLE_ANOMALY,0.0,0.0
2.479,1502.87,98.51,0.0,BUBBLE_ANOMALY,0.0,0.0
2.48,1507.85,98.67,0.0,BUBBLE_ANOMALY,0.0,0.0
2.481,1506.11,98.98,0.0,BUBBLE_ANOMALY,0.0,0.0
2.482,1509.87,102.57,0.0,BUBBLE_ANOMALY,0.0,0.0
2.483,1503.42,100.1,0.0,BUBBLE_ANOMALY,0.0,0.0
2.484,1506.88,100.41,0.0,BUBBLE_ANOMALY,0.0,0.0
2.485,1504.47,98.27,0.0,BUBBLE_ANOMALY,0.0,0.0
2.486,1501.66,101.39,0.0,BUBBLE_ANOMALY,0.0,0.0
2.487,1501.93,99.61,0.0,BUBBLE_ANOMALY,0.0,0.0
2.488,1501.63,100.33,0.0,BUBBLE_ANOMALY,0.0,0.0
2.489,1503.02,99.97,0.0,BUBBLE_ANOMALY,0.0,0.0
2.49,1503.68,98.89,0.0,BUBBLE_ANOMALY,0.0,0.0
2.491,1501.12,99.87,0.0,BUBBLE_ANOMALY,0.0,0.0
2.492,1505.18,100.4,0.0,BUBBLE_ANOMALY,0.0,0.0
2.493,1501.25,96.99,0.0,BUBBLE_ANOMALY,0.0,0.0
2.494,1505.52,99.24,0.0,BUBBLE_ANOMALY,0.0,0.0
2.495,1502.23,98.95,0.0,BUBBLE_ANOMALY,0.0,0.0
2.496,1501.69,98.95,0.0,BUBBLE_ANOMALY,0.0,0.0
2.497,1499.72,100.37,0.0,BUBBLE_ANOMALY,0.0,0.0
2.498,1503.41,98.32,0.0,BUBBLE_ANOMALY,0.0,0.0
2.499,1494.61,99.63,0.0,BUBBLE_ANOMALY,0.0,0.0
